Address,Value,PreviousValue,InitialValue
0x005d5ab0,0x807859a4,0x807859a4,0x00000000
0x005d5b20,0x20000000,0x20000000,0x00000000
0x005d5b24,0x803dbb54,0x803dbb54,0x00000000
0x005d5b28,0x803db9a8,0x803db9a8,0x00000000
0x005d5b2c,0x20000000,0x20000000,0x00000000
0x005d5c38,0x803d9fc4,0x803d9fc4,0x00000000
0x006769a8,0x807aacd0,0x807aacd0,0x00000000
0x006769b0,0x807aacf0,0x807aacf0,0x00000000
0x006769c0,0x9278de60,0x9278de60,0x00000000
0x006769c4,0x807aad7c,0x807aad7c,0x00000000
0x00676b08,0x807aacd0,0x807aacd0,0x00000000
0x00676b10,0x807aacf0,0x807aacf0,0x00000000
0x00676b20,0x9278de60,0x9278de60,0x00000000
0x00676b24,0x807aad7c,0x807aad7c,0x00000000
0x00676c60,0x31000000,0x31000000,0x00000000
0x00739368,0x0000fcbe,0x0000fcbe,0x00000000
0x00739454,0x00320000,0x00320000,0x00000000
0x0073a0d4,0x00350000,0x00350000,0x00000000
0x0073a214,0x00320000,0x00320000,0x00000000
0x00743034,0x00320000,0x00320000,0x00000000
0x00743e44,0x00350000,0x00350000,0x00000000
0x00743fac,0x00320000,0x00320000,0x00000000
0x0075b420,0x00100000,0x00100000,0x00000000
0x007893b4,0x80789428,0x80789428,0x00000000
0x00789618,0x01000000,0x01000000,0x00000000
0x00789628,0x807890c8,0x807890c8,0x00000000
0x00789694,0x01000000,0x01000000,0x00000000
0x007896a4,0x807890c8,0x807890c8,0x00000000
0x007c7a74,0x807ca760,0x807ca760,0x00000000
0x007c7ad4,0x807c7a60,0x807c7a60,0x00000000
0x007c7b94,0x807c7b20,0x807c7b20,0x00000000
0x007c7c40,0x46534780,0x46534780,0x00000000
0x007c7c4c,0x807c7c30,0x807c7c30,0x00000000
0x007c7c54,0x807c7be0,0x807c7be0,0x00000000
0x007c7c94,0x807c7c40,0x807c7c40,0x00000000
0x007c7ca0,0x804f6bb8,0x804f6bb8,0x00000000
0x007c7cac,0x3f800000,0x3f800000,0x00000000
0x007c7d00,0x46534780,0x46534780,0x00000000
0x007c7d0c,0x807c7d00,0x807c7d00,0x00000000
0x007c7d14,0x807c7cc0,0x807c7cc0,0x00000000
0x007c7d18,0x807c7d60,0x807c7d60,0x00000000
0x007c7d74,0x807c7d00,0x807c7d00,0x00000000
0x007c7d78,0x807c7dc0,0x807c7dc0,0x00000000
0x007c7dc0,0x46534780,0x46534780,0x00000000
0x007c7dcc,0x807c7db0,0x807c7db0,0x00000000
0x007cffd0,0x807b3350,0x807b3350,0x00000000
0x007d38fc,0x01010000,0x01010000,0x00000000
0x007d43d0,0x807b3350,0x807b3350,0x00000000
0x007d44d0,0x804f6088,0x804f6088,0x00000000
0x007d44fc,0x01010000,0x01010000,0x00000000
0x007e04f0,0x807b3350,0x807b3350,0x00000000
0x007e0eb0,0x807b3350,0x807b3350,0x00000000
0x007e0ef0,0x807b3350,0x807b3350,0x00000000
0x007e1130,0x807b3350,0x807b3350,0x00000000
0x007e14f0,0x807b3350,0x807b3350,0x00000000
0x007e1a3c,0x3f800000,0x3f800000,0x00000000
0x007e1bfc,0x3f800000,0x3f800000,0x00000000
0x007e1cbc,0x807b3350,0x807b3350,0x00000000
0x007e1db0,0x807b3350,0x807b3350,0x00000000
0x007e1e9c,0x3f800000,0x3f800000,0x00000000
0x007e205c,0x805602b0,0x805602b0,0x00000000
0x007e212c,0x807e2120,0x807e2120,0x00000000
0x007e2130,0x807b3350,0x807b3350,0x00000000
0x007e21fc,0x925e8860,0x925e8860,0x00000000
0x007fcf7c,0x807b3350,0x807b3350,0x00000000
0x007fd0bc,0x807b3350,0x807b3350,0x00000000
0x007ff1b4,0x807b3350,0x807b3350,0x00000000
0x007ff234,0x807b3350,0x807b3350,0x00000000
0x007ff2b4,0x807b3350,0x807b3350,0x00000000
0x00809e28,0x3e800000,0x3e800000,0x00000000
0x00809e68,0x3dcccccd,0x3dcccccd,0x00000000
0x00809e6c,0x3f800000,0x3f800000,0x00000000
0x00809ee8,0x3e800000,0x3e800000,0x00000000
0x0080d838,0x000b4b48,0x000b4b48,0x00000000
0x0080d83c,0x8080d830,0x8080d830,0x00000000
0x0080d89c,0x000b4ae4,0x000b4ae4,0x00000000
0x0080d8ac,0x8080d804,0x8080d804,0x00000000
0x00f87a5c,0x3f800000,0x3f800000,0x00000000
0x00f87c8c,0x3f800000,0x3f800000,0x00000000
0x00f87f5c,0x3f800000,0x3f800000,0x00000000
0x00f87f6c,0x3f800000,0x3f800000,0x00000000
0x00f883ec,0x3f800000,0x3f800000,0x00000000
0x00f88434,0x3f800000,0x3f800000,0x00000000
0x00f884fc,0x3f800000,0x3f800000,0x00000000
0x00f888b4,0x3f800000,0x3f800000,0x00000000
0x00f888fc,0x3f800000,0x3f800000,0x00000000
0x00f8890c,0x3f800000,0x3f800000,0x00000000
0x00f889d4,0x3f800000,0x3f800000,0x00000000
0x00f88a1c,0x3f800000,0x3f800000,0x00000000
0x00f88ae4,0x3f800000,0x3f800000,0x00000000
0x00f88b2c,0x3f800000,0x3f800000,0x00000000
0x00f88d8c,0x3f800000,0x3f800000,0x00000000
0x00f88e9c,0x3f800000,0x3f800000,0x00000000
0x00f89244,0x3f800000,0x3f800000,0x00000000
0x00f8928c,0x3f800000,0x3f800000,0x00000000
0x00f89354,0x3f800000,0x3f800000,0x00000000
0x00f8939c,0x3f800000,0x3f800000,0x00000000
0x00f893ac,0x3f800000,0x3f800000,0x00000000
0x00f895fc,0x3f800000,0x3f800000,0x00000000
0x00f89764,0x3f800000,0x3f800000,0x00000000
0x00f8993c,0x3f800000,0x3f800000,0x00000000
0x00f899ec,0x3f800000,0x3f800000,0x00000000
0x00f89a4c,0x3f800000,0x3f800000,0x00000000
0x00f89b0c,0x3f800000,0x3f800000,0x00000000
0x00f89c2c,0x3f800000,0x3f800000,0x00000000
0x00f89fc4,0x3f800000,0x3f800000,0x00000000
0x00f8a09c,0x3f800000,0x3f800000,0x00000000
0x00f8a0ac,0x3f800000,0x3f800000,0x00000000
0x00f8a1bc,0x3f800000,0x3f800000,0x00000000
0x00f8a204,0x3f800000,0x3f800000,0x00000000
0x00f9dac4,0x3f800000,0x3f800000,0x00000000
0x00f9df8c,0x3f800000,0x3f800000,0x00000000
0x00f9e064,0x3f800000,0x3f800000,0x00000000
0x00f9e0ac,0x3f800000,0x3f800000,0x00000000
0x00f9e184,0x3f800000,0x3f800000,0x00000000
0x00f9e1cc,0x3f800000,0x3f800000,0x00000000
0x00f9e454,0x3f800000,0x3f800000,0x00000000
0x00f9e52c,0x3f800000,0x3f800000,0x00000000
0x00f9e91c,0x3f800000,0x3f800000,0x00000000
0x00f9ea3c,0x3f800000,0x3f800000,0x00000000
0x00f9eb14,0x3f800000,0x3f800000,0x00000000
0x00f9eb5c,0x3f800000,0x3f800000,0x00000000
0x00f9eebc,0x3f800000,0x3f800000,0x00000000
0x00f9f024,0x3f800000,0x3f800000,0x00000000
0x00f9f774,0x3f800000,0x3f800000,0x00000000
0x00f9f84c,0x3f800000,0x3f800000,0x00000000
0x00f9f894,0x3f800000,0x3f800000,0x00000000
0x00f9f96c,0x3f800000,0x3f800000,0x00000000
0x00f9f9b4,0x3f800000,0x3f800000,0x00000000
0x00f9fc3c,0x3f800000,0x3f800000,0x00000000
0x00f9fe7c,0x3f800000,0x3f800000,0x00000000
0x00fa0104,0x3f800000,0x3f800000,0x00000000
0x00fa01dc,0x3f800000,0x3f800000,0x00000000
0x00fa0224,0x3f800000,0x3f800000,0x00000000
0x00fa02fc,0x3f800000,0x3f800000,0x00000000
0x00fa0344,0x3f800000,0x3f800000,0x00000000
0x00fa06a4,0x3f800000,0x3f800000,0x00000000
0x00fa07c4,0x3f800000,0x3f800000,0x00000000
0x00fa080c,0x3f800000,0x3f800000,0x00000000
0x00fa0c8c,0x3f800000,0x3f800000,0x00000000
0x00fa0cd4,0x3f800000,0x3f800000,0x00000000
0x00fa77cc,0x3f800000,0x3f800000,0x00000000
0x00fa7c94,0x3f800000,0x3f800000,0x00000000
0x100948d8,0xffffff96,0xffffff96,0x00000000
0x100d9218,0x53696e67,0x53696e67,0x00000000
0x100d921c,0x6c65506c,0x6c65506c,0x00000000
0x100d9220,0x61796572,0x61796572,0x00000000
0x100d9224,0x2e666172,0x2e666172,0x00000000
0x105cd1f8,0x905cd1ec,0x905cd1ec,0x00000000
0x105cd1fc,0x807b6988,0x807b6988,0x00000000
0x105ec408,0xc33e4b6a,0xc33e4b6a,0x00000000
0x105ec45c,0xc33d8926,0xc33d8926,0x00000000
0x105ec504,0x40d50439,0x40d50439,0x00000000
0x105ec558,0x416b1164,0x416b1164,0x00000000
0x105ec594,0x00010001,0x00010001,0x00000000
0x105ec598,0x932c9010,0x932c9010,0x00000000
0x105ec5e8,0x007f0000,0x007f0000,0x00000000
0x105ec5ec,0x932c9fd0,0x932c9fd0,0x00000000
0x105ecdc8,0x00610001,0x00610001,0x00000000
0x105ece20,0x932c9bf0,0x932c9bf0,0x00000000
0x105ece6c,0x3f800000,0x3f800000,0x00000000
0x105ece74,0x932c9bd0,0x932c9bd0,0x00000000
0x105ecec0,0x3f800000,0x3f800000,0x00000000
0x105ecec8,0x932c9950,0x932c9950,0x00000000
0x105ecf14,0x3f800000,0x3f800000,0x00000000
0x105ecf1c,0x932c9c30,0x932c9c30,0x00000000
0x105ecf68,0x3f800000,0x3f800000,0x00000000
0x105ecf70,0x932c9030,0x932c9030,0x00000000
0x105ecfbc,0x3f800000,0x3f800000,0x00000000
0x105ecfc4,0x932c99d0,0x932c99d0,0x00000000
0x105ed018,0x932c9c90,0x932c9c90,0x00000000
0x105ed064,0x3f800000,0x3f800000,0x00000000
0x105ed06c,0x932c99f0,0x932c99f0,0x00000000
0x105ed0b8,0x3f800000,0x3f800000,0x00000000
0x105ed0c0,0x932c9cb0,0x932c9cb0,0x00000000
0x105ed10c,0x3f800000,0x3f800000,0x00000000
0x105ed114,0x932c9a10,0x932c9a10,0x00000000
0x105ed160,0x3f800000,0x3f800000,0x00000000
0x105ed168,0x932c9cd0,0x932c9cd0,0x00000000
0x105ed1b4,0x3f800000,0x3f800000,0x00000000
0x105ed1bc,0x932c9a30,0x932c9a30,0x00000000
0x105ed210,0x932c9cf0,0x932c9cf0,0x00000000
0x105ed25c,0x3f800000,0x3f800000,0x00000000
0x105ed264,0x932c9a50,0x932c9a50,0x00000000
0x105ed2b0,0x3f800000,0x3f800000,0x00000000
0x105ed2b8,0x932c9d10,0x932c9d10,0x00000000
0x105ed2bc,0x801cde20,0x801cde20,0x00000000
0x105ed2e4,0x3f800000,0x3f800000,0x00000000
0x105ed488,0x3f800000,0x3f800000,0x00000000
0x105ed504,0x932c9990,0x932c9990,0x00000000
0x105ed558,0x932c9ad0,0x932c9ad0,0x00000000
0x105ed584,0x3f800000,0x3f800000,0x00000000
0x105ed5d4,0x3f800000,0x3f800000,0x00000000
0x105ed5d8,0x3f800000,0x3f800000,0x00000000
0x105ed628,0x3f800000,0x3f800000,0x00000000
0x105ed67c,0x3f800000,0x3f800000,0x00000000
0x105ed6d0,0x3f800000,0x3f800000,0x00000000
0x105ed724,0x3f800000,0x3f800000,0x00000000
0x105ed778,0x3f800000,0x3f800000,0x00000000
0x105ed7cc,0x3f800000,0x3f800000,0x00000000
0x105ed820,0x3f800000,0x3f800000,0x00000000
0x105ed874,0x3f800000,0x3f800000,0x00000000
0x105ed8c8,0x3f800000,0x3f800000,0x00000000
0x105ed91c,0x3f800000,0x3f800000,0x00000000
0x105ed970,0x3f800000,0x3f800000,0x00000000
0x105ed9c4,0x3f800000,0x3f800000,0x00000000
0x105eda18,0x3f800000,0x3f800000,0x00000000
0x105edac0,0x3f800000,0x3f800000,0x00000000
0x105ee174,0x3f800000,0x3f800000,0x00000000
0x105ee1c8,0x3f800000,0x3f800000,0x00000000
0x105ee1cc,0x00390001,0x00390001,0x00000000
0x105ee21c,0x3f800000,0x3f800000,0x00000000
0x105ee220,0x002d0001,0x002d0001,0x00000000
0x105ee5b8,0x3f800000,0x3f800000,0x00000000
0x105ee5bc,0x001f0001,0x001f0001,0x00000000
0x105ee60c,0x3f800000,0x3f800000,0x00000000
0x105ee610,0x00470001,0x00470001,0x00000000
0x105ee660,0x3f800000,0x3f800000,0x00000000
0x105ee664,0x00240001,0x00240001,0x00000000
0x105ee6b4,0x3f800000,0x3f800000,0x00000000
0x105ee6b8,0x000b0001,0x000b0001,0x00000000
0x105ee708,0x3f800000,0x3f800000,0x00000000
0x105ee70c,0x001b0001,0x001b0001,0x00000000
0x105ee75c,0x3f800000,0x3f800000,0x00000000
0x105ee760,0x00080001,0x00080001,0x00000000
0x105ee7b4,0x46524500,0x46524500,0x00000000
0x1068f538,0x00010000,0x00010000,0x00000000
0x1068f53c,0x3f800000,0x3f800000,0x00000000
0x10742c00,0x007b6508,0x007b6508,0x00000000
0x107441f4,0x000f64a0,0x000f64a0,0x00000000
0x1074fb80,0x90904c34,0x90904c34,0x00000000
0x1074fb84,0x9076e590,0x9076e590,0x00000000
0x1074fba0,0x907acc74,0x907acc74,0x00000000
0x1074fba4,0x9076ddd4,0x9076ddd4,0x00000000
0x1074fc04,0x9076dfe4,0x9076dfe4,0x00000000
0x1074fcc0,0x9077fe9c,0x9077fe9c,0x00000000
0x1074fce0,0x9077fe9c,0x9077fe9c,0x00000000
0x1074fce4,0x9076e824,0x9076e824,0x00000000
0x1074fd44,0x9076e0ec,0x9076e0ec,0x00000000
0x1074fde4,0x9076df60,0x9076df60,0x00000000
0x1074fe64,0x9076de58,0x9076de58,0x00000000
0x1074fec4,0x9076dccc,0x9076dccc,0x00000000
0x1074ff40,0x90dc60b0,0x90dc60b0,0x00000000
0x1074ff44,0x9076de58,0x9076de58,0x00000000
0x1074ffc4,0x9076dd50,0x9076dd50,0x00000000
0x10750044,0x9076e1f4,0x9076e1f4,0x00000000
0x10750064,0x9076e278,0x9076e278,0x00000000
0x10750100,0x90dc5e10,0x90dc5e10,0x00000000
0x10750120,0x90dc6390,0x90dc6390,0x00000000
0x10750140,0x90dc6b70,0x90dc6b70,0x00000000
0x10750144,0x9076e278,0x9076e278,0x00000000
0x10750160,0x90dc5e10,0x90dc5e10,0x00000000
0x10750164,0x9076e2fc,0x9076e2fc,0x00000000
0x10750180,0x90dc6cd0,0x90dc6cd0,0x00000000
0x10750184,0x9076e71c,0x9076e71c,0x00000000
0x107501a0,0x90dc6390,0x90dc6390,0x00000000
0x107501a4,0x9076e7a0,0x9076e7a0,0x00000000
0x10750280,0x9077fe9c,0x9077fe9c,0x00000000
0x10750284,0x9076df60,0x9076df60,0x00000000
0x107502dc,0x9077ffc8,0x9077ffc8,0x00000000
0x107502fc,0x9077f830,0x9077f830,0x00000000
0x10750300,0x90904c34,0x90904c34,0x00000000
0x10750304,0x9076e0ec,0x9076e0ec,0x00000000
0x1075031c,0x9077fe9c,0x9077fe9c,0x00000000
0x1075033c,0x9077ffc8,0x9077ffc8,0x00000000
0x1075035c,0x9077f9f4,0x9077f9f4,0x00000000
0x10750360,0x9077fe9c,0x9077fe9c,0x00000000
0x10750364,0x9076db40,0x9076db40,0x00000000
0x1075037c,0x9077fe9c,0x9077fe9c,0x00000000
0x10750380,0x9077ffc8,0x9077ffc8,0x00000000
0x10750384,0x9076e488,0x9076e488,0x00000000
0x1075039c,0x907801ac,0x907801ac,0x00000000
0x107503bc,0x907802d8,0x907802d8,0x00000000
0x107503dc,0x9077f9f4,0x9077f9f4,0x00000000
0x107503e0,0x907801ac,0x907801ac,0x00000000
0x107503e4,0x9076dd50,0x9076dd50,0x00000000
0x107503fc,0x907801ac,0x907801ac,0x00000000
0x10750400,0x907802d8,0x907802d8,0x00000000
0x10750404,0x9076e614,0x9076e614,0x00000000
0x1075041c,0x907801ac,0x907801ac,0x00000000
0x1075043c,0x907802d8,0x907802d8,0x00000000
0x1075045c,0x907801ac,0x907801ac,0x00000000
0x1075047c,0x907802d8,0x907802d8,0x00000000
0x1075049c,0x9077f9f4,0x9077f9f4,0x00000000
0x107504a0,0x907801ac,0x907801ac,0x00000000
0x107504a4,0x9076e614,0x9076e614,0x00000000
0x107504bc,0x907801ac,0x907801ac,0x00000000
0x107504c0,0x907802d8,0x907802d8,0x00000000
0x107504c4,0x9076dd50,0x9076dd50,0x00000000
0x107504dc,0x907801ac,0x907801ac,0x00000000
0x107504fc,0x907802d8,0x907802d8,0x00000000
0x1075051c,0x907801ac,0x907801ac,0x00000000
0x1075053c,0x907802d8,0x907802d8,0x00000000
0x1075055c,0x9077f9f4,0x9077f9f4,0x00000000
0x10750560,0x907801ac,0x907801ac,0x00000000
0x10750564,0x9076dd50,0x9076dd50,0x00000000
0x1075057c,0x907801ac,0x907801ac,0x00000000
0x10750580,0x907802d8,0x907802d8,0x00000000
0x10750584,0x9076e614,0x9076e614,0x00000000
0x1075059c,0x907801ac,0x907801ac,0x00000000
0x107505bc,0x907802d8,0x907802d8,0x00000000
0x107505dc,0x9077fe9c,0x9077fe9c,0x00000000
0x107505fc,0x9077ffc8,0x9077ffc8,0x00000000
0x1075061c,0x9077f830,0x9077f830,0x00000000
0x10750620,0x90904c34,0x90904c34,0x00000000
0x10750624,0x9076e0ec,0x9076e0ec,0x00000000
0x1075063c,0x9077f830,0x9077f830,0x00000000
0x10750640,0x907acc74,0x907acc74,0x00000000
0x10750644,0x9076e488,0x9076e488,0x00000000
0x1075065c,0x9077f830,0x9077f830,0x00000000
0x10750660,0x90854b34,0x90854b34,0x00000000
0x10750664,0x9076db40,0x9076db40,0x00000000
0x1075067c,0x90854b34,0x90854b34,0x00000000
0x1075069c,0x90854cf0,0x90854cf0,0x00000000
0x107506a0,0x90854b34,0x90854b34,0x00000000
0x107506a4,0x9076e614,0x9076e614,0x00000000
0x107506bc,0x9077f830,0x9077f830,0x00000000
0x107506c0,0x90854cf0,0x90854cf0,0x00000000
0x107506c4,0x9076dd50,0x9076dd50,0x00000000
0x107506dc,0x9077fe9c,0x9077fe9c,0x00000000
0x107506fc,0x9077ffc8,0x9077ffc8,0x00000000
0x1075071c,0x9077f9f4,0x9077f9f4,0x00000000
0x10750720,0x9077fe9c,0x9077fe9c,0x00000000
0x10750724,0x9076e71c,0x9076e71c,0x00000000
0x1075073c,0x9077fe9c,0x9077fe9c,0x00000000
0x10750740,0x9077ffc8,0x9077ffc8,0x00000000
0x10750744,0x9076e7a0,0x9076e7a0,0x00000000
0x1075075c,0x9077f9f4,0x9077f9f4,0x00000000
0x10750760,0x9077fe9c,0x9077fe9c,0x00000000
0x1075077c,0x90854b34,0x90854b34,0x00000000
0x10750780,0x9077fe9c,0x9077fe9c,0x00000000
0x10750784,0x9076e278,0x9076e278,0x00000000
0x1075079c,0x9077f830,0x9077f830,0x00000000
0x107507a0,0x90855034,0x90855034,0x00000000
0x107507a4,0x9076e71c,0x9076e71c,0x00000000
0x107507bc,0x9077f830,0x9077f830,0x00000000
0x107507c0,0x908551f4,0x908551f4,0x00000000
0x107507c4,0x9076db40,0x9076db40,0x00000000
0x107507dc,0x9077f830,0x9077f830,0x00000000
0x107507e0,0x90d80e54,0x90d80e54,0x00000000
0x107507e4,0x9076e2fc,0x9076e2fc,0x00000000
0x107507fc,0x9077f830,0x9077f830,0x00000000
0x10750800,0x90dc59d4,0x90dc59d4,0x00000000
0x10750804,0x9076de58,0x9076de58,0x00000000
0x1075081c,0x907801ac,0x907801ac,0x00000000
0x1075083c,0x907802d8,0x907802d8,0x00000000
0x1075085c,0x9077f9f4,0x9077f9f4,0x00000000
0x10750860,0x907801ac,0x907801ac,0x00000000
0x10750864,0x9076e1f4,0x9076e1f4,0x00000000
0x1075087c,0x907801ac,0x907801ac,0x00000000
0x10750880,0x907802d8,0x907802d8,0x00000000
0x10750884,0x9076e068,0x9076e068,0x00000000
0x1075089c,0x9077f9f4,0x9077f9f4,0x00000000
0x107508a0,0x907801ac,0x907801ac,0x00000000
0x107508bc,0x90dc59d4,0x90dc59d4,0x00000000
0x107508c0,0x907801ac,0x907801ac,0x00000000
0x107508c4,0x9076e380,0x9076e380,0x00000000
0x107508dc,0x90dc59d4,0x90dc59d4,0x00000000
0x107508e0,0x907801ac,0x907801ac,0x00000000
0x107508fc,0x90dc59d4,0x90dc59d4,0x00000000
0x10750900,0x90dc5b30,0x90dc5b30,0x00000000
0x10750904,0x9076e1f4,0x9076e1f4,0x00000000
0x1075091c,0x90dc5b30,0x90dc5b30,0x00000000
0x10750920,0x907801ac,0x907801ac,0x00000000
0x10750924,0x9076e50c,0x9076e50c,0x00000000
0x1075093c,0x90dc59d4,0x90dc59d4,0x00000000
0x10750940,0x90dc5b30,0x90dc5b30,0x00000000
0x1075095c,0x90dc59d4,0x90dc59d4,0x00000000
0x10750960,0x90dc5e10,0x90dc5e10,0x00000000
0x10750964,0x9076e380,0x9076e380,0x00000000
0x1075097c,0x90dc5e10,0x90dc5e10,0x00000000
0x10750980,0x90dc5b30,0x90dc5b30,0x00000000
0x10750984,0x9076e590,0x9076e590,0x00000000
0x1075099c,0x90dc59d4,0x90dc59d4,0x00000000
0x107509a0,0x907801ac,0x907801ac,0x00000000
0x107509a4,0x9076ddd4,0x9076ddd4,0x00000000
0x107509bc,0x90dc59d4,0x90dc59d4,0x00000000
0x107509c0,0x907801ac,0x907801ac,0x00000000
0x107509dc,0x90dc59d4,0x90dc59d4,0x00000000
0x107509e0,0x90dc60b0,0x90dc60b0,0x00000000
0x107509e4,0x9076e1f4,0x9076e1f4,0x00000000
0x107509fc,0x90dc60b0,0x90dc60b0,0x00000000
0x10750a00,0x907801ac,0x907801ac,0x00000000
0x10750a04,0x9076e170,0x9076e170,0x00000000
0x10750a1c,0x90dc59d4,0x90dc59d4,0x00000000
0x10750a20,0x90dc60b0,0x90dc60b0,0x00000000
0x10750a3c,0x90dc59d4,0x90dc59d4,0x00000000
0x10750a40,0x90dc6390,0x90dc6390,0x00000000
0x10750a44,0x9076ddd4,0x9076ddd4,0x00000000
0x10750a5c,0x90dc6390,0x90dc6390,0x00000000
0x10750a60,0x90dc60b0,0x90dc60b0,0x00000000
0x10750a64,0x9076df60,0x9076df60,0x00000000
0x10750a7c,0x90dc59d4,0x90dc59d4,0x00000000
0x10750a80,0x907801ac,0x907801ac,0x00000000
0x10750a84,0x9076e404,0x9076e404,0x00000000
0x10750a9c,0x90dc59d4,0x90dc59d4,0x00000000
0x10750abc,0x9077f830,0x9077f830,0x00000000
0x10750ac0,0x90dc68d0,0x90dc68d0,0x00000000
0x10750ac4,0x9076e1f4,0x9076e1f4,0x00000000
0x10750adc,0x90dc68d0,0x90dc68d0,0x00000000
0x10750ae0,0x90dc6630,0x90dc6630,0x00000000
0x10750ae4,0x9076dbc4,0x9076dbc4,0x00000000
0x10750afc,0x90dc6630,0x90dc6630,0x00000000
0x10750b00,0x90dc59d4,0x90dc59d4,0x00000000
0x10750b04,0x9076e698,0x9076e698,0x00000000
0x10750b1c,0x90dc6630,0x90dc6630,0x00000000
0x10750b20,0x90dc59d4,0x90dc59d4,0x00000000
0x10750b3c,0x90dc6630,0x90dc6630,0x00000000
0x10750b40,0x90dc7110,0x90dc7110,0x00000000
0x10750b44,0x9076dfe4,0x9076dfe4,0x00000000
0x10750b5c,0x90dc7110,0x90dc7110,0x00000000
0x10750b60,0x90dc6e30,0x90dc6e30,0x00000000
0x10750b64,0x9076dedc,0x9076dedc,0x00000000
0x10750b7c,0x90dc6e30,0x90dc6e30,0x00000000
0x10750b80,0x90dc59d4,0x90dc59d4,0x00000000
0x10750b84,0x9076e824,0x9076e824,0x00000000
0x10750b9c,0x90dc59d4,0x90dc59d4,0x00000000
0x10750ba0,0x90dc5e10,0x90dc5e10,0x00000000
0x10750bbc,0x90dc59d4,0x90dc59d4,0x00000000
0x10750bc0,0x90dc6390,0x90dc6390,0x00000000
0x10750bdc,0x90dc59d4,0x90dc59d4,0x00000000
0x10750be0,0x90dc6b70,0x90dc6b70,0x00000000
0x10750be4,0x9076e698,0x9076e698,0x00000000
0x10750bfc,0x90dc6b70,0x90dc6b70,0x00000000
0x10750c00,0x90dc5e10,0x90dc5e10,0x00000000
0x10750c04,0x9076de58,0x9076de58,0x00000000
0x10750c1c,0x90dc59d4,0x90dc59d4,0x00000000
0x10750c20,0x90dc6cd0,0x90dc6cd0,0x00000000
0x10750c24,0x9076dc48,0x9076dc48,0x00000000
0x10750c3c,0x90dc6cd0,0x90dc6cd0,0x00000000
0x10750c40,0x90dc6390,0x90dc6390,0x00000000
0x10750c44,0x9076dccc,0x9076dccc,0x00000000
0x10750c5c,0x9077fe9c,0x9077fe9c,0x00000000
0x10750c7c,0x9077ffc8,0x9077ffc8,0x00000000
0x10750c9c,0x907801ac,0x907801ac,0x00000000
0x10750cbc,0x907802d8,0x907802d8,0x00000000
0x10750cdc,0x9077fe9c,0x9077fe9c,0x00000000
0x10750cfc,0x9077ffc8,0x9077ffc8,0x00000000
0x10750d1c,0x9077f9f4,0x9077f9f4,0x00000000
0x10750d20,0x9077fe9c,0x9077fe9c,0x00000000
0x10750d24,0x9076e068,0x9076e068,0x00000000
0x10750d3c,0x9077fe9c,0x9077fe9c,0x00000000
0x10750d40,0x9077ffc8,0x9077ffc8,0x00000000
0x10750d44,0x9076e404,0x9076e404,0x00000000
0x10750d5c,0x9077fe9c,0x9077fe9c,0x00000000
0x10750d7c,0x9077ffc8,0x9077ffc8,0x00000000
0x10750d9c,0x9077f830,0x9077f830,0x00000000
0x10750da0,0x90904c34,0x90904c34,0x00000000
0x10750da4,0x9076e2fc,0x9076e2fc,0x00000000
0x10750dbc,0x9077fe9c,0x9077fe9c,0x00000000
0x10750ddc,0x9077ffc8,0x9077ffc8,0x00000000
0x10750dfc,0x9077f9f4,0x9077f9f4,0x00000000
0x10750e00,0x9077fe9c,0x9077fe9c,0x00000000
0x10750e04,0x9076dedc,0x9076dedc,0x00000000
0x10750e1c,0x9077fe9c,0x9077fe9c,0x00000000
0x10750e20,0x9077ffc8,0x9077ffc8,0x00000000
0x10750e24,0x9076e824,0x9076e824,0x00000000
0x10750e3c,0x907801ac,0x907801ac,0x00000000
0x10750e5c,0x907802d8,0x907802d8,0x00000000
0x10750e7c,0x9077f9f4,0x9077f9f4,0x00000000
0x10750e80,0x907801ac,0x907801ac,0x00000000
0x10750e84,0x9076df60,0x9076df60,0x00000000
0x10750e9c,0x907801ac,0x907801ac,0x00000000
0x10750ea0,0x907802d8,0x907802d8,0x00000000
0x10750ea4,0x9076e590,0x9076e590,0x00000000
0x10750ebc,0x907801ac,0x907801ac,0x00000000
0x10750edc,0x907802d8,0x907802d8,0x00000000
0x10750efc,0x907801ac,0x907801ac,0x00000000
0x10750f1c,0x907802d8,0x907802d8,0x00000000
0x10750f3c,0x9077f9f4,0x9077f9f4,0x00000000
0x10750f40,0x907801ac,0x907801ac,0x00000000
0x10750f44,0x9076e590,0x9076e590,0x00000000
0x10750f5c,0x907801ac,0x907801ac,0x00000000
0x10750f60,0x907802d8,0x907802d8,0x00000000
0x10750f64,0x9076df60,0x9076df60,0x00000000
0x10750f7c,0x907801ac,0x907801ac,0x00000000
0x10750f9c,0x907802d8,0x907802d8,0x00000000
0x10750fbc,0x907801ac,0x907801ac,0x00000000
0x10750fdc,0x907802d8,0x907802d8,0x00000000
0x10750ffc,0x9077f9f4,0x9077f9f4,0x00000000
0x10751000,0x907801ac,0x907801ac,0x00000000
0x10751004,0x9076df60,0x9076df60,0x00000000
0x1075101c,0x907801ac,0x907801ac,0x00000000
0x10751020,0x907802d8,0x907802d8,0x00000000
0x10751024,0x9076e590,0x9076e590,0x00000000
0x1075103c,0x907801ac,0x907801ac,0x00000000
0x1075105c,0x907802d8,0x907802d8,0x00000000
0x1075107c,0x9077fe9c,0x9077fe9c,0x00000000
0x1075109c,0x9077ffc8,0x9077ffc8,0x00000000
0x107510bc,0x9077f830,0x9077f830,0x00000000
0x107510c0,0x90904c34,0x90904c34,0x00000000
0x107510c4,0x9076e2fc,0x9076e2fc,0x00000000
0x107510dc,0x9077f830,0x9077f830,0x00000000
0x107510e0,0x907acc74,0x907acc74,0x00000000
0x107510e4,0x9076e824,0x9076e824,0x00000000
0x107510fc,0x9077f830,0x9077f830,0x00000000
0x10751100,0x90854b34,0x90854b34,0x00000000
0x10751104,0x9076dedc,0x9076dedc,0x00000000
0x1075111c,0x90854b34,0x90854b34,0x00000000
0x1075113c,0x90854cf0,0x90854cf0,0x00000000
0x10751140,0x90854b34,0x90854b34,0x00000000
0x10751144,0x9076e590,0x9076e590,0x00000000
0x1075115c,0x9077f830,0x9077f830,0x00000000
0x10751160,0x90854cf0,0x90854cf0,0x00000000
0x10751164,0x9076df60,0x9076df60,0x00000000
0x1075117c,0x9077fe9c,0x9077fe9c,0x00000000
0x1075119c,0x9077ffc8,0x9077ffc8,0x00000000
0x107511bc,0x9077f9f4,0x9077f9f4,0x00000000
0x107511c0,0x9077fe9c,0x9077fe9c,0x00000000
0x107511c4,0x9076dc48,0x9076dc48,0x00000000
0x107511dc,0x9077fe9c,0x9077fe9c,0x00000000
0x107511e0,0x9077ffc8,0x9077ffc8,0x00000000
0x107511e4,0x9076dccc,0x9076dccc,0x00000000
0x107511fc,0x9077f9f4,0x9077f9f4,0x00000000
0x10751200,0x9077fe9c,0x9077fe9c,0x00000000
0x1075121c,0x90854b34,0x90854b34,0x00000000
0x10751220,0x9077fe9c,0x9077fe9c,0x00000000
0x10751224,0x9076e698,0x9076e698,0x00000000
0x1075123c,0x9077f830,0x9077f830,0x00000000
0x10751240,0x90855034,0x90855034,0x00000000
0x10751244,0x9076dc48,0x9076dc48,0x00000000
0x1075125c,0x9077f830,0x9077f830,0x00000000
0x10751260,0x908551f4,0x908551f4,0x00000000
0x10751264,0x9076dedc,0x9076dedc,0x00000000
0x1075127c,0x9077f830,0x9077f830,0x00000000
0x10751280,0x90d80e54,0x90d80e54,0x00000000
0x10751284,0x9076de58,0x9076de58,0x00000000
0x1075129c,0x9077f830,0x9077f830,0x00000000
0x107512a0,0x90dc59d4,0x90dc59d4,0x00000000
0x107512a4,0x9076e1f4,0x9076e1f4,0x00000000
0x107512bc,0x907801ac,0x907801ac,0x00000000
0x107512dc,0x907802d8,0x907802d8,0x00000000
0x107512fc,0x9077f9f4,0x9077f9f4,0x00000000
0x10751300,0x907801ac,0x907801ac,0x00000000
0x10751304,0x9076dbc4,0x9076dbc4,0x00000000
0x1075131c,0x907801ac,0x907801ac,0x00000000
0x10751320,0x907802d8,0x907802d8,0x00000000
0x10751324,0x9076dfe4,0x9076dfe4,0x00000000
0x1075133c,0x9077f9f4,0x9077f9f4,0x00000000
0x10751340,0x907801ac,0x907801ac,0x00000000
0x1075135c,0x90dc59d4,0x90dc59d4,0x00000000
0x10751360,0x907801ac,0x907801ac,0x00000000
0x10751364,0x9076db40,0x9076db40,0x00000000
0x1075137c,0x90dc59d4,0x90dc59d4,0x00000000
0x10751380,0x907801ac,0x907801ac,0x00000000
0x1075139c,0x90dc59d4,0x90dc59d4,0x00000000
0x107513a0,0x90dc5b30,0x90dc5b30,0x00000000
0x107513a4,0x9076dbc4,0x9076dbc4,0x00000000
0x107513bc,0x90dc5b30,0x90dc5b30,0x00000000
0x107513c0,0x907801ac,0x907801ac,0x00000000
0x107513c4,0x9076e71c,0x9076e71c,0x00000000
0x107513dc,0x90dc59d4,0x90dc59d4,0x00000000
0x107513e0,0x90dc5b30,0x90dc5b30,0x00000000
0x107513fc,0x90dc59d4,0x90dc59d4,0x00000000
0x10751400,0x90dc5e10,0x90dc5e10,0x00000000
0x10751404,0x9076db40,0x9076db40,0x00000000
0x1075141c,0x90dc5e10,0x90dc5e10,0x00000000
0x10751420,0x90dc5b30,0x90dc5b30,0x00000000
0x10751424,0x9076e0ec,0x9076e0ec,0x00000000
0x1075143c,0x90dc59d4,0x90dc59d4,0x00000000
0x10751440,0x907801ac,0x907801ac,0x00000000
0x10751444,0x9076e488,0x9076e488,0x00000000
0x1075145c,0x90dc59d4,0x90dc59d4,0x00000000
0x10751460,0x907801ac,0x907801ac,0x00000000
0x1075147c,0x90dc59d4,0x90dc59d4,0x00000000
0x10751480,0x90dc60b0,0x90dc60b0,0x00000000
0x10751484,0x9076dbc4,0x9076dbc4,0x00000000
0x1075149c,0x90dc60b0,0x90dc60b0,0x00000000
0x107514a0,0x907801ac,0x907801ac,0x00000000
0x107514a4,0x9076e404,0x9076e404,0x00000000
0x107514bc,0x90dc59d4,0x90dc59d4,0x00000000
0x107514c0,0x90dc60b0,0x90dc60b0,0x00000000
0x107514dc,0x90dc59d4,0x90dc59d4,0x00000000
0x107514e0,0x90dc6390,0x90dc6390,0x00000000
0x107514e4,0x9076e488,0x9076e488,0x00000000
0x107514fc,0x90dc6390,0x90dc6390,0x00000000
0x10751500,0x90dc60b0,0x90dc60b0,0x00000000
0x10751504,0x9076e068,0x9076e068,0x00000000
0x1075151c,0x90dc59d4,0x90dc59d4,0x00000000
0x10751520,0x907801ac,0x907801ac,0x00000000
0x10751524,0x9076e170,0x9076e170,0x00000000
0x1075153c,0x90dc59d4,0x90dc59d4,0x00000000
0x1075155c,0x9077f830,0x9077f830,0x00000000
0x10751560,0x90dc68d0,0x90dc68d0,0x00000000
0x10751564,0x9076dbc4,0x9076dbc4,0x00000000
0x1075157c,0x90dc68d0,0x90dc68d0,0x00000000
0x10751580,0x90dc6630,0x90dc6630,0x00000000
0x10751584,0x9076e50c,0x9076e50c,0x00000000
0x1075159c,0x90dc6630,0x90dc6630,0x00000000
0x107515a0,0x90dc59d4,0x90dc59d4,0x00000000
0x107515a4,0x9076dd50,0x9076dd50,0x00000000
0x107515bc,0x90dc6630,0x90dc6630,0x00000000
0x107515c0,0x90dc59d4,0x90dc59d4,0x00000000
0x107515dc,0x90dc6630,0x90dc6630,0x00000000
0x107515e0,0x90dc7110,0x90dc7110,0x00000000
0x107515e4,0x9076e614,0x9076e614,0x00000000
0x107515fc,0x90dc7110,0x90dc7110,0x00000000
0x10751600,0x90dc6e30,0x90dc6e30,0x00000000
0x10751604,0x9076e7a0,0x9076e7a0,0x00000000
0x1075161c,0x90dc6e30,0x90dc6e30,0x00000000
0x10751620,0x90dc59d4,0x90dc59d4,0x00000000
0x10751624,0x9076e278,0x9076e278,0x00000000
0x1075163c,0x90dc59d4,0x90dc59d4,0x00000000
0x10751640,0x90dc5e10,0x90dc5e10,0x00000000
0x1075165c,0x90dc59d4,0x90dc59d4,0x00000000
0x10751660,0x90dc6390,0x90dc6390,0x00000000
0x1075167c,0x90dc59d4,0x90dc59d4,0x00000000
0x10751680,0x90dc6b70,0x90dc6b70,0x00000000
0x10751684,0x9076dd50,0x9076dd50,0x00000000
0x1075169c,0x90dc6b70,0x90dc6b70,0x00000000
0x107516a0,0x90dc5e10,0x90dc5e10,0x00000000
0x107516a4,0x9076e1f4,0x9076e1f4,0x00000000
0x107516bc,0x90dc59d4,0x90dc59d4,0x00000000
0x107516c0,0x90dc6cd0,0x90dc6cd0,0x00000000
0x107516c4,0x9076ddd4,0x9076ddd4,0x00000000
0x107516dc,0x90dc6cd0,0x90dc6cd0,0x00000000
0x107516e0,0x90dc6390,0x90dc6390,0x00000000
0x107516e4,0x9076e380,0x9076e380,0x00000000
0x107516fc,0x9077fe9c,0x9077fe9c,0x00000000
0x1075171c,0x9077ffc8,0x9077ffc8,0x00000000
0x1075173c,0x907801ac,0x907801ac,0x00000000
0x1075175c,0x907802d8,0x907802d8,0x00000000
0x1075177c,0x9077fe9c,0x9077fe9c,0x00000000
0x1075179c,0x9077ffc8,0x9077ffc8,0x00000000
0x107517bc,0x9077f9f4,0x9077f9f4,0x00000000
0x107517c0,0x9077fe9c,0x9077fe9c,0x00000000
0x107517c4,0x9076dfe4,0x9076dfe4,0x00000000
0x107517dc,0x9077fe9c,0x9077fe9c,0x00000000
0x107517e0,0x9077ffc8,0x9077ffc8,0x00000000
0x107517e4,0x9076e170,0x9076e170,0x00000000
0x107517fc,0x9077fe9c,0x9077fe9c,0x00000000
0x1075181c,0x9077ffc8,0x9077ffc8,0x00000000
0x1075183c,0x9077f830,0x9077f830,0x00000000
0x10751840,0x90904c34,0x90904c34,0x00000000
0x10751844,0x9076de58,0x9076de58,0x00000000
0x1075185c,0x9077fe9c,0x9077fe9c,0x00000000
0x1075187c,0x9077ffc8,0x9077ffc8,0x00000000
0x1075189c,0x9077f9f4,0x9077f9f4,0x00000000
0x107518a0,0x9077fe9c,0x9077fe9c,0x00000000
0x107518a4,0x9076e7a0,0x9076e7a0,0x00000000
0x107518bc,0x9077fe9c,0x9077fe9c,0x00000000
0x107518c0,0x9077ffc8,0x9077ffc8,0x00000000
0x107518c4,0x9076e278,0x9076e278,0x00000000
0x107518dc,0x907801ac,0x907801ac,0x00000000
0x107518fc,0x907802d8,0x907802d8,0x00000000
0x1075191c,0x9077f9f4,0x9077f9f4,0x00000000
0x10751920,0x907801ac,0x907801ac,0x00000000
0x10751924,0x9076e068,0x9076e068,0x00000000
0x1075193c,0x907801ac,0x907801ac,0x00000000
0x10751940,0x907802d8,0x907802d8,0x00000000
0x10751944,0x9076e0ec,0x9076e0ec,0x00000000
0x1075195c,0x907801ac,0x907801ac,0x00000000
0x1075197c,0x907802d8,0x907802d8,0x00000000
0x1075199c,0x907801ac,0x907801ac,0x00000000
0x107519bc,0x907802d8,0x907802d8,0x00000000
0x107519dc,0x9077f9f4,0x9077f9f4,0x00000000
0x107519e0,0x907801ac,0x907801ac,0x00000000
0x107519e4,0x9076e0ec,0x9076e0ec,0x00000000
0x107519fc,0x907801ac,0x907801ac,0x00000000
0x10751a00,0x907802d8,0x907802d8,0x00000000
0x10751a04,0x9076e068,0x9076e068,0x00000000
0x10751a1c,0x907801ac,0x907801ac,0x00000000
0x10751a3c,0x907802d8,0x907802d8,0x00000000
0x10751a5c,0x907801ac,0x907801ac,0x00000000
0x10751a7c,0x907802d8,0x907802d8,0x00000000
0x10751a9c,0x9077f9f4,0x9077f9f4,0x00000000
0x10751aa0,0x907801ac,0x907801ac,0x00000000
0x10751aa4,0x9076e068,0x9076e068,0x00000000
0x10751abc,0x907801ac,0x907801ac,0x00000000
0x10751ac0,0x907802d8,0x907802d8,0x00000000
0x10751ac4,0x9076e0ec,0x9076e0ec,0x00000000
0x10751adc,0x907801ac,0x907801ac,0x00000000
0x10751afc,0x907802d8,0x907802d8,0x00000000
0x10751b1c,0x907801ac,0x907801ac,0x00000000
0x10751b3c,0x907802d8,0x907802d8,0x00000000
0x10751b5c,0x9077f9f4,0x9077f9f4,0x00000000
0x10751b60,0x907801ac,0x907801ac,0x00000000
0x10751b64,0x9076e0ec,0x9076e0ec,0x00000000
0x10751b7c,0x907801ac,0x907801ac,0x00000000
0x10751b80,0x907802d8,0x907802d8,0x00000000
0x10751b84,0x9076e068,0x9076e068,0x00000000
0x10751b9c,0x907801ac,0x907801ac,0x00000000
0x10751bbc,0x907802d8,0x907802d8,0x00000000
0x10751bdc,0x907801ac,0x907801ac,0x00000000
0x10751bfc,0x907802d8,0x907802d8,0x00000000
0x10751c1c,0x9077f9f4,0x9077f9f4,0x00000000
0x10751c20,0x907801ac,0x907801ac,0x00000000
0x10751c24,0x9076e068,0x9076e068,0x00000000
0x10751c3c,0x907801ac,0x907801ac,0x00000000
0x10751c40,0x907802d8,0x907802d8,0x00000000
0x10751c44,0x9076e0ec,0x9076e0ec,0x00000000
0x10751c5c,0x907801ac,0x907801ac,0x00000000
0x10751c7c,0x907802d8,0x907802d8,0x00000000
0x10751c9c,0x907801ac,0x907801ac,0x00000000
0x10751cbc,0x907802d8,0x907802d8,0x00000000
0x10751cdc,0x9077f9f4,0x9077f9f4,0x00000000
0x10751ce0,0x907801ac,0x907801ac,0x00000000
0x10751ce4,0x9076e0ec,0x9076e0ec,0x00000000
0x10751cfc,0x907801ac,0x907801ac,0x00000000
0x10751d00,0x907802d8,0x907802d8,0x00000000
0x10751d04,0x9076e068,0x9076e068,0x00000000
0x10751d1c,0x907801ac,0x907801ac,0x00000000
0x10751d3c,0x907802d8,0x907802d8,0x00000000
0x10751d5c,0x907801ac,0x907801ac,0x00000000
0x10751d7c,0x907802d8,0x907802d8,0x00000000
0x10751d9c,0x9077f9f4,0x9077f9f4,0x00000000
0x10751da0,0x907801ac,0x907801ac,0x00000000
0x10751da4,0x9076e068,0x9076e068,0x00000000
0x10751dbc,0x907801ac,0x907801ac,0x00000000
0x10751dc0,0x907802d8,0x907802d8,0x00000000
0x10751dc4,0x9076e0ec,0x9076e0ec,0x00000000
0x10751ddc,0x907801ac,0x907801ac,0x00000000
0x10751dfc,0x907802d8,0x907802d8,0x00000000
0x10751e1c,0x907801ac,0x907801ac,0x00000000
0x10751e3c,0x907802d8,0x907802d8,0x00000000
0x10751e5c,0x9077f9f4,0x9077f9f4,0x00000000
0x10751e60,0x907801ac,0x907801ac,0x00000000
0x10751e64,0x9076e0ec,0x9076e0ec,0x00000000
0x10751e7c,0x907801ac,0x907801ac,0x00000000
0x10751e80,0x907802d8,0x907802d8,0x00000000
0x10751e84,0x9076e068,0x9076e068,0x00000000
0x10751e9c,0x907801ac,0x907801ac,0x00000000
0x10751ebc,0x907802d8,0x907802d8,0x00000000
0x10751edc,0x907801ac,0x907801ac,0x00000000
0x10751efc,0x907802d8,0x907802d8,0x00000000
0x10751f1c,0x9077f9f4,0x9077f9f4,0x00000000
0x10751f20,0x907801ac,0x907801ac,0x00000000
0x10751f24,0x9076e068,0x9076e068,0x00000000
0x10751f3c,0x907801ac,0x907801ac,0x00000000
0x10751f40,0x907802d8,0x907802d8,0x00000000
0x10751f44,0x9076e0ec,0x9076e0ec,0x00000000
0x10751f5c,0x907801ac,0x907801ac,0x00000000
0x10751f7c,0x907802d8,0x907802d8,0x00000000
0x10751f9c,0x907801ac,0x907801ac,0x00000000
0x10751fbc,0x907802d8,0x907802d8,0x00000000
0x10751fdc,0x9077f9f4,0x9077f9f4,0x00000000
0x10751fe0,0x907801ac,0x907801ac,0x00000000
0x10751fe4,0x9076e0ec,0x9076e0ec,0x00000000
0x10751ffc,0x907801ac,0x907801ac,0x00000000
0x10752000,0x907802d8,0x907802d8,0x00000000
0x10752004,0x9076e068,0x9076e068,0x00000000
0x10859bf0,0x90859c00,0x90859c00,0x00000000
0x10859bf4,0x90859f18,0x90859f18,0x00000000
0x109106e0,0x909106f0,0x909106f0,0x00000000
0x109106e8,0x805a53f0,0x805a53f0,0x00000000
0x109106ec,0x2aab0000,0x2aab0000,0x00000000
0x109106f0,0x90910710,0x90910710,0x00000000
0x109106f4,0x803c53c0,0x803c53c0,0x00000000
0x109106fc,0x90910ae0,0x90910ae0,0x00000000
0x10910704,0x80732760,0x80732760,0x00000000
0x1091070c,0x80790000,0x80790000,0x00000000
0x10910710,0x90910730,0x90910730,0x00000000
0x10910714,0x800b972c,0x800b972c,0x00000000
0x10910718,0x90758148,0x90758148,0x00000000
0x10910720,0x90910740,0x90910740,0x00000000
0x10910724,0x80732760,0x80732760,0x00000000
0x1091072c,0x80790000,0x80790000,0x00000000
0x10910730,0x90910750,0x90910750,0x00000000
0x10910734,0x802e9b3c,0x802e9b3c,0x00000000
0x1091073c,0x80790000,0x80790000,0x00000000
0x10910740,0x90910750,0x90910750,0x00000000
0x10910744,0x80733040,0x80733040,0x00000000
0x1091074c,0x80732760,0x80732760,0x00000000
0x10910750,0x90910780,0x90910780,0x00000000
0x10910754,0x803bd7f0,0x803bd7f0,0x00000000
0x10910758,0x80732830,0x80732830,0x00000000
0x1091075c,0x80732998,0x80732998,0x00000000
0x10910760,0x80732b00,0x80732b00,0x00000000
0x10910764,0x80732c68,0x80732c68,0x00000000
0x10910778,0x90910fb8,0x90910fb8,0x00000000
0x1091077c,0x90910fb8,0x90910fb8,0x00000000
0x10910780,0x90910790,0x90910790,0x00000000
0x10910784,0x803bd8b8,0x803bd8b8,0x00000000
0x10910790,0x90910a70,0x90910a70,0x00000000
0x10910794,0x803bbba8,0x803bbba8,0x00000000
0x10910dc8,0x90c3be50,0x90c3be50,0x00000000
0x1134ac70,0x3f800000,0x3f800000,0x00000000
0x1140208c,0x3f800000,0x3f800000,0x00000000
0x11402090,0x3f800000,0x3f800000,0x00000000
0x114020b4,0x3f800000,0x3f800000,0x00000000
0x114020b8,0x3f800000,0x3f800000,0x00000000
0x1140240c,0x91402420,0x91402420,0x00000000
0x1140244c,0x73706561,0x73706561,0x00000000
0x1142d0c4,0x31004375,0x31004375,0x00000000
0x114b6cdc,0x3f800000,0x3f800000,0x00000000
0x114b7308,0x3f800000,0x3f800000,0x00000000
0x114b730c,0x3f800000,0x3f800000,0x00000000
0x114b7310,0x3f800000,0x3f800000,0x00000000
0x114b7314,0x3f800000,0x3f800000,0x00000000
0x114b947c,0x804f60d8,0x804f60d8,0x00000000
0x114bb33c,0x6000001f,0x6000001f,0x00000000
0x114bb350,0x3f800000,0x3f800000,0x00000000
0x114bb420,0x3f800000,0x3f800000,0x00000000
0x114bb434,0x3f800000,0x3f800000,0x00000000
0x114be6b0,0x6e65732f,0x6e65732f,0x00000000
0x114c0654,0x3f800000,0x3f800000,0x00000000
0x114c0668,0x3f800000,0x3f800000,0x00000000
0x114c067c,0x3f800000,0x3f800000,0x00000000
0x114c0768,0x3f800000,0x3f800000,0x00000000
0x114c0774,0x00ffffb8,0x00ffffb8,0x00000000
0x114c077c,0x3e851eb8,0x3e851eb8,0x00000000
0x114c0788,0x3f800000,0x3f800000,0x00000000
0x114c078c,0x3f800000,0x3f800000,0x00000000
0x114c0798,0x00010001,0x00010001,0x00000000
0x114c079c,0x3f800000,0x3f800000,0x00000000
0x114c083c,0x0f000000,0x0f000000,0x00000000
0x114c16c8,0x914c16bc,0x914c16bc,0x00000000
0x114c16d0,0x914d27ec,0x914d27ec,0x00000000
0x114c1808,0x3f800000,0x3f800000,0x00000000
0x114c6674,0x9a9a9a01,0x9a9a9a01,0x00000000
0x114c667c,0x9a9a9ace,0x9a9a9ace,0x00000000
0x11509a28,0x3f800000,0x3f800000,0x00000000
0x129215fc,0x090f1111,0x090f1111,0x00000000
0x1292fdf4,0xab8e5e56,0xab8e5e56,0x00000000
0x1292fe10,0x8e8e5e8b,0x8e8e5e8b,0x00000000
0x1292fe14,0x8e8e8e56,0x8e8e8e56,0x00000000
0x1292fe58,0x8efa8e8e,0x8efa8e8e,0x00000000
0x1292feb4,0xfafa8e8e,0xfafa8e8e,0x00000000
0x1292ffd4,0xfafafafa,0xfafafafa,0x00000000
0x12930074,0x8b585858,0x8b585858,0x00000000
0x129305e4,0xab8b56ab,0xab8b56ab,0x00000000
0x129305ec,0xab8eabab,0xab8eabab,0x00000000
0x129305f4,0x568eab58,0x568eab58,0x00000000
0x129305fc,0x56568e58,0x56568e58,0x00000000
0x12930604,0x8e8efa56,0x8e8efa56,0x00000000
0x1293060c,0x8efafa8e,0x8efafa8e,0x00000000
0x12930610,0x588e568e,0x588e568e,0x00000000
0x12930614,0x8efa8e8e,0x8efa8e8e,0x00000000
0x12930de4,0x568e568e,0x568e568e,0x00000000
0x12930dec,0x8e56568e,0x8e56568e,0x00000000
0x12930dfc,0x8e8e8e56,0x8e8e8e56,0x00000000
0x12930e00,0x8e8e8e8e,0x8e8e8e8e,0x00000000
0x12930e30,0x8e8e8e56,0x8e8e8e56,0x00000000
0x12930e3c,0x8e8e5656,0x8e8e5656,0x00000000
0x12930e7c,0x8e8e8eab,0x8e8e8eab,0x00000000
0x12930e98,0xab8e8e8e,0xab8e8e8e,0x00000000
0x12930ed8,0xfa8e8efa,0xfa8e8efa,0x00000000
0x12930f5c,0x8e8e8e8e,0x8e8e8e8e,0x00000000
0x12930ff8,0x7f92abab,0x7f92abab,0x00000000
0x12930ffc,0x929292ab,0x929292ab,0x00000000
0x12931058,0x8b8b8b8b,0x8b8b8b8b,0x00000000
0x1293107c,0x58585858,0x58585858,0x00000000
0x129310b8,0x58d5fafa,0x58d5fafa,0x00000000
0x129310d8,0xbdbdbde9,0xbdbdbde9,0x00000000
0x129310dc,0xe9e9e9e9,0xe9e9e9e9,0x00000000
0x12931114,0xe9e9e9e9,0xe9e9e9e9,0x00000000
0x12931124,0x92929292,0x92929292,0x00000000
0x1293112c,0x92929292,0x92929292,0x00000000
0x12931130,0xe9e9e992,0xe9e9e992,0x00000000
0x12931134,0x92929292,0x92929292,0x00000000
0x12931138,0xe9e9e992,0xe9e9e992,0x00000000
0x1293113c,0x92929292,0x92929292,0x00000000
0x12931664,0x8e8e8e8e,0x8e8e8e8e,0x00000000
0x12931684,0x8e8e8e8e,0x8e8e8e8e,0x00000000
0x129316e4,0x8e8efafa,0x8e8efafa,0x00000000
0x12931744,0x8e8efa8e,0x8e8efa8e,0x00000000
0x129318a4,0xfa8e86fa,0xfa8e86fa,0x00000000
0x129318e4,0xe9e9e9e9,0xe9e9e9e9,0x00000000
0x1293f0dc,0xe0018004,0xe0018004,0x00000000
0x1293f0e0,0x80039ffc,0x80039ffc,0x00000000
0x1293f0e8,0x9ffc0d0a,0x9ffc0d0a,0x00000000
0x1293f0f0,0x65722075,0x65722075,0x00000000
0x1293f0f8,0x653a2030,0x653a2030,0x00000000
0x1293f4b0,0x3f800000,0x3f800000,0x00000000
0x1293f4b4,0x3f800000,0x3f800000,0x00000000
0x1293f534,0x13a013a9,0x13a013a9,0x00000000
0x1293fc60,0xafafafaf,0xafafafaf,0x00000000
0x1293fc64,0xafafafaf,0xafafafaf,0x00000000
0x1293fc6c,0xafafafaf,0xafafafaf,0x00000000
0x1293fc70,0xafafafaf,0xafafafaf,0x00000000
0x1293fc74,0xafafafaf,0xafafafaf,0x00000000
0x1293fc84,0xafafafaf,0xafafafaf,0x00000000
0x1293fc88,0xafafafaf,0xafafafaf,0x00000000
0x1293fc8c,0xafafafaf,0xafafafaf,0x00000000
0x1293fc98,0xafafafaf,0xafafafaf,0x00000000
0x1293fc9c,0xafafafaf,0xafafafaf,0x00000000
0x1293fcc0,0xafafafaf,0xafafafaf,0x00000000
0x1293fcc4,0xafafafaf,0xafafafaf,0x00000000
0x1293fcf4,0xafafafaf,0xafafafaf,0x00000000
0x1293fd04,0xafafafaf,0xafafafaf,0x00000000
0x12955d98,0xafafafaf,0xafafafaf,0x00000000
0x12955dac,0xafafafaf,0xafafafaf,0x00000000
0x12955ec4,0xd1d1fafa,0xd1d1fafa,0x00000000
0x12955ed8,0x1cb2d1d1,0x1cb2d1d1,0x00000000
0x12955eec,0xfafafafa,0xfafafafa,0x00000000
0x12955f00,0xfafafafa,0xfafafafa,0x00000000
0x12956584,0xafafafaf,0xafafafaf,0x00000000
0x1297a6d4,0xafafafaf,0xafafafaf,0x00000000
0x1297e6a4,0xafafafaf,0xafafafaf,0x00000000
0x1297e6cc,0xafafafaf,0xafafafaf,0x00000000
0x1297e8ac,0xafafafaf,0xafafafaf,0x00000000
0x1297e9c4,0xafafafaf,0xafafafaf,0x00000000
0x1297f2b4,0xafafafaf,0xafafafaf,0x00000000
0x1297f2dc,0xafafafaf,0xafafafaf,0x00000000
0x1297f3f4,0xafafafaf,0xafafafaf,0x00000000
0x12e6d01c,0x804f60d8,0x804f60d8,0x00000000
0x12e9ff38,0xc1088884,0xc1088884,0x00000000
0x12e9ff3c,0xc1c0fdf9,0xc1c0fdf9,0x00000000
0x12ea0888,0x656c6574,0x656c6574,0x00000000
0x12ea49fc,0x3f800000,0x3f800000,0x00000000
0x12ea4ed4,0x3f800000,0x3f800000,0x00000000
0x12ec1700,0x00c000c0,0x00c000c0,0x00000000
0x12ecef74,0xe8807f80,0xe8807f80,0x00000000
0x12ecef78,0x1680af80,0x1680af80,0x00000000
0x12ecef7c,0xe8807f80,0xe8807f80,0x00000000
0x12ecef94,0xe980bf80,0xe980bf80,0x00000000
0x12ecefa0,0x3f801680,0x3f801680,0x00000000
0x12ecefd8,0x7f801780,0x7f801780,0x00000000
0x12ecf064,0x5084e883,0x5084e883,0x00000000
0x12ecf754,0x92ecf768,0x92ecf768,0x00000000
0x12ed0550,0x3f800000,0x3f800000,0x00000000
0x12ee235c,0x6c496e64,0x6c496e64,0x00000000
0x12ee3de8,0x92ee3ce0,0x92ee3ce0,0x00000000
0x12ee5064,0x92ee5e58,0x92ee5e58,0x00000000
0x12ee80f0,0x92ee8ee8,0x92ee8ee8,0x00000000
0x12ee80f8,0x92ee7a20,0x92ee7a20,0x00000000
0x12ee80fc,0x92ee8a48,0x92ee8a48,0x00000000
0x12ee901c,0x30310000,0x30310000,0x00000000
0x12ef1f8c,0x004d6170,0x004d6170,0x00000000
0x12ef1f90,0x73005573,0x73005573,0x00000000
0x12f00658,0x85858585,0x85858585,0x00000000
0x12f0065c,0x85858585,0x85858585,0x00000000
0x12f0150c,0x02020000,0x02020000,0x00000000
0x12f01514,0x02000002,0x02000002,0x00000000
0x12f01518,0x00020202,0x00020202,0x00000000
0x12f01950,0x33333333,0x33333333,0x00000000
0x12f0199c,0x33333333,0x33333333,0x00000000
0x12f0a9b4,0x33333333,0x33333333,0x00000000
0x12f114dc,0x02020200,0x02020200,0x00000000
0x12f23e4c,0xb5b5b5b5,0xb5b5b5b5,0x00000000
0x12f23f0c,0xb5b5b5b5,0xb5b5b5b5,0x00000000
0x12f24238,0x3b3bb5b5,0x3b3bb5b5,0x00000000
0x12f2f114,0xc4d5d5c4,0xc4d5d5c4,0x00000000
0x12f2f134,0xd586cf29,0xd586cf29,0x00000000
0x12f303b8,0x7e7e7e7e,0x7e7e7e7e,0x00000000
0x12f303bc,0x7e7e7e7e,0x7e7e7e7e,0x00000000
0x12f340f4,0xf6080000,0xf6080000,0x00000000
0x12f39ed8,0x5e5e5e5e,0x5e5e5e5e,0x00000000
0x12f39f90,0xaeaeaeae,0xaeaeaeae,0x00000000
0x12f3af04,0x8a8a8a8a,0x8a8a8a8a,0x00000000
0x12f3b070,0x8a8a8a8a,0x8a8a8a8a,0x00000000
0x12f3b074,0x8a8a628a,0x8a8a628a,0x00000000
0x12f3be50,0x628a6262,0x628a6262,0x00000000
0x12f3be7c,0x2cfbaf8a,0x2cfbaf8a,0x00000000
0x12f3bea8,0xd0deaf8a,0xd0deaf8a,0x00000000
0x12f3bf34,0xda000000,0xda000000,0x00000000
0x12f3c054,0x8a8a8a8a,0x8a8a8a8a,0x00000000
0x12f3c68c,0x8a8a8a8a,0x8a8a8a8a,0x00000000
0x12f3c890,0x97cd0400,0x97cd0400,0x00000000
0x12f3d0d4,0x807b4900,0x807b4900,0x00000000
0x12f3d254,0x807b4900,0x807b4900,0x00000000
0x12f3d294,0x3f800000,0x3f800000,0x00000000
0x12f3d394,0x40400000,0x40400000,0x00000000
0x12f3d4f4,0xadadadad,0xadadadad,0x00000000
0x12f3d574,0x3f800000,0x3f800000,0x00000000
0x12f3d634,0x3ffffffe,0x3ffffffe,0x00000000
0x12f3d674,0x3f800000,0x3f800000,0x00000000
0x12f3d6f4,0x7ffc8003,0x7ffc8003,0x00000000
0x12f3d714,0x74696e73,0x74696e73,0x00000000
0x12f3d734,0x3ed11a5c,0x3ed11a5c,0x00000000
0x12f3d754,0xff000000,0xff000000,0x00000000
0x12f3d7f4,0x3f800000,0x3f800000,0x00000000
0x12f3d8d4,0x807b4900,0x807b4900,0x00000000
0x12f3d954,0x62000000,0x62000000,0x00000000
0x12f3da54,0x807b4900,0x807b4900,0x00000000
0x12f3da94,0x3f800000,0x3f800000,0x00000000
0x12f3dbc8,0x3f800000,0x3f800000,0x00000000
0x12f3dbcc,0x3f800000,0x3f800000,0x00000000
0x12f3dbd8,0x00010000,0x00010000,0x00000000
0x12f3dbe4,0x92f3e2a0,0x92f3e2a0,0x00000000
0x12f3dc48,0x80030000,0x80030000,0x00000000
0x12f3dc4c,0x7ffd7ffd,0x7ffd7ffd,0x00000000
0x12f3dc68,0xc00000c0,0xc00000c0,0x00000000
0x12f3dc6c,0x6e742072,0x6e742072,0x00000000
0x12f3dc7c,0x0f000000,0x0f000000,0x00000000
0x12f3dc8c,0xff000000,0xff000000,0x00000000
0x12f3dca8,0x3f800000,0x3f800000,0x00000000
0x12f3dcf0,0xadadadad,0xadadadad,0x00000000
0x12f3dcf4,0xadadadad,0xadadadad,0x00000000
0x12f3dcf8,0xadadadad,0xadadadad,0x00000000
0x12f3dcfc,0xadadadad,0xadadadad,0x00000000
0x12f3e574,0x6d697363,0x6d697363,0x00000000
0x12f3e578,0x2f636f6e,0x2f636f6e,0x00000000
0x12f3e768,0x3000001f,0x3000001f,0x00000000
0x12f3e76c,0x92f3fee0,0x92f3fee0,0x00000000
0x12f3e7f0,0xadadadad,0xadadadad,0x00000000
0x12f3e7f4,0xadadadad,0xadadadad,0x00000000
0x12f3e8e0,0x3f800000,0x3f800000,0x00000000
0x12f3e8e8,0xffffffff,0xffffffff,0x00000000
0x12f3e92c,0xc4d4614c,0xc4d4614c,0x00000000
0x12f3e940,0xc479e69e,0xc479e69e,0x00000000
0x12f3e96c,0x3f800000,0x3f800000,0x00000000
0x12f3e970,0x3f800000,0x3f800000,0x00000000
0x12f3ea2c,0xff000000,0xff000000,0x00000000
0x12f3ea4c,0x92f3ea40,0x92f3ea40,0x00000000
0x12f3ea50,0x807b4900,0x807b4900,0x00000000
0x12f3eabc,0x3f800000,0x3f800000,0x00000000
0x12f3ead4,0x3f800000,0x3f800000,0x00000000
0x12f3eee4,0x92f41020,0x92f41020,0x00000000
0x12f3efe4,0x868a3585,0x868a3585,0x00000000
0x12f3f044,0x4b853788,0x4b853788,0x00000000
0x12f3f244,0x7c7a248a,0x7c7a248a,0x00000000
0x12f3f264,0xc2dc24ae,0xc2dc24ae,0x00000000
0x12f3f2a4,0x5535cd14,0x5535cd14,0x00000000
0x12f3f304,0x23e7d689,0x23e7d689,0x00000000
0x12f3f4a4,0xd31b8135,0xd31b8135,0x00000000
0x12f3f564,0x0f901b91,0x0f901b91,0x00000000
0x12f3f6a4,0x804f60d8,0x804f60d8,0x00000000
0x12f3fa44,0x73616765,0x73616765,0x00000000
0x12f3fb70,0x807b4900,0x807b4900,0x00000000
0x12f3fb88,0xfeffffff,0xfeffffff,0x00000000
0x12f3fb98,0x92f413e0,0x92f413e0,0x00000000
0x12f3fb9c,0x92f413a0,0x92f413a0,0x00000000
0x12f3fbb0,0x38000300,0x38000300,0x00000000
0x12f3fbb4,0x38000300,0x38000300,0x00000000
0x12f3fbd0,0x3070308a,0x3070308a,0x00000000
0x12f3fbd4,0x92f41380,0x92f41380,0x00000000
0x12f3fbdc,0x3c800000,0x3c800000,0x00000000
0x12f3fc10,0x3f800000,0x3f800000,0x00000000
0x12f3fc34,0x3f800000,0x3f800000,0x00000000
0x12f3fc38,0x3f800000,0x3f800000,0x00000000
0x12f3fc3c,0x3f800000,0x3f800000,0x00000000
0x12f3fc54,0x2000001f,0x2000001f,0x00000000
0x12f3fc58,0x92f413a0,0x92f413a0,0x00000000
0x12f3fcb4,0xadadadad,0xadadadad,0x00000000
0x12f3fcb8,0xadadadad,0xadadadad,0x00000000
0x12f3fcbc,0xadadadad,0xadadadad,0x00000000
0x12f3fcd0,0x807b4900,0x807b4900,0x00000000
0x12f3fcf4,0x3f800000,0x3f800000,0x00000000
0x12f3fd1c,0x3f800000,0x3f800000,0x00000000
0x12f3fd5c,0x3f800000,0x3f800000,0x00000000
0x12f3fd78,0x3f800000,0x3f800000,0x00000000
0x12f3fd88,0x3f800000,0x3f800000,0x00000000
0x12f3fd98,0x3f800000,0x3f800000,0x00000000
0x12f3fdf8,0x3f800000,0x3f800000,0x00000000
0x12f3fdfc,0xc4d4214c,0xc4d4214c,0x00000000
0x12f3fe30,0x3f800000,0x3f800000,0x00000000
0x12f3fe38,0x000176d8,0x000176d8,0x00000000
0x12f3fe3c,0x3f800000,0x3f800000,0x00000000
0x12f3fecc,0x47697474,0x47697474,0x00000000
0x12f3fed4,0x6f726b73,0x6f726b73,0x00000000
0x12f3feec,0xff000000,0xff000000,0x00000000
0x12f3ff0c,0x92f3ff00,0x92f3ff00,0x00000000
0x12f4071c,0x01350135,0x01350135,0x00000000
0x12f4079c,0x00cd00cd,0x00cd00cd,0x00000000
0x12f4085c,0x00e800e8,0x00e800e8,0x00000000
0x12f408ec,0x00f700f7,0x00f700f7,0x00000000
0x12f409b0,0x84008400,0x84008400,0x00000000
0x12f40b04,0x0069006a,0x0069006a,0x00000000
0x12f40d78,0x726f6c6c,0x726f6c6c,0x00000000
0x12f416b4,0x3f800000,0x3f800000,0x00000000
0x12f41814,0x832289d9,0x832289d9,0x00000000
0x12f41bf4,0x25330025,0x25330025,0x00000000
0x12f41d74,0xcd2502cd,0xcd2502cd,0x00000000
0x12f41dd4,0x33dbfd33,0x33dbfd33,0x00000000
0x12f41e14,0xdbfc33db,0xdbfc33db,0x00000000
0x12f41f34,0x3e9a5a6c,0x3e9a5a6c,0x00000000
0x12f41fb4,0x3e9d0908,0x3e9d0908,0x00000000
0x12f41ff4,0x3f800000,0x3f800000,0x00000000
0x12f421b4,0x40800000,0x40800000,0x00000000
0x12f4223c,0x65725f73,0x65725f73,0x00000000
0x12f42248,0x5f726561,0x5f726561,0x00000000
0x12f42258,0x73620000,0x73620000,0x00000000
0x12f42354,0x807b4900,0x807b4900,0x00000000
0x12f42370,0x807b4900,0x807b4900,0x00000000
0x12f4238c,0x92f423a0,0x92f423a0,0x00000000
0x12f4239c,0x804f60d8,0x804f60d8,0x00000000
0x12f423b4,0x636f6e74,0x636f6e74,0x00000000
0x12f423b8,0x726f6c6c,0x726f6c6c,0x00000000
0x12f42bd4,0x39726c15,0x39726c15,0x00000000
0x12f42bf4,0x92f44620,0x92f44620,0x00000000
0x12f42bfc,0x3c800000,0x3c800000,0x00000000
0x12f42ef4,0x205a3a00,0x205a3a00,0x00000000
0x12f42fcc,0x00290029,0x00290029,0x00000000
0x12f43028,0x98000500,0x98000500,0x00000000
0x12f43178,0x3f800000,0x3f800000,0x00000000
0x12f43198,0x8052c080,0x8052c080,0x00000000
0x12f431dc,0x0b000b00,0x0b000b00,0x00000000
0x12f4322c,0x16001600,0x16001600,0x00000000
0x12f4323c,0x00190019,0x00190019,0x00000000
0x12f4324c,0x001a001a,0x001a001a,0x00000000
0x12f43388,0x3f70a214,0x3f70a214,0x00000000
0x12f43390,0x3d336737,0x3d336737,0x00000000
0x12f43394,0x3f780a06,0x3f780a06,0x00000000
0x12f4341c,0x3d58c9f5,0x3d58c9f5,0x00000000
0x12f4348c,0x070f0f0f,0x070f0f0f,0x00000000
0x12f434a8,0x02020200,0x02020200,0x00000000
0x12f434b8,0x00061515,0x00061515,0x00000000
0x12f4352c,0x3f800000,0x3f800000,0x00000000
0x12f43558,0x3f800000,0x3f800000,0x00000000
0x12f43568,0x3f800000,0x3f800000,0x00000000
0x12f435f4,0x4d6f7574,0x4d6f7574,0x00000000
0x12f43944,0x46524500,0x46524500,0x00000000
0x12f43d04,0x40800000,0x40800000,0x00000000
0x12f445e4,0x3ffe7ffc,0x3ffe7ffc,0x00000000
0x12f44654,0x09090909,0x09090909,0x00000000
0x12f44658,0x09093c50,0x09093c50,0x00000000
0x12f4465c,0x6f736974,0x6f736974,0x00000000
0x12f44668,0x3f7fdf42,0x3f7fdf42,0x00000000
0x12f44670,0x3f407b1e,0x3f407b1e,0x00000000
0x12f44678,0x3f407b1f,0x3f407b1f,0x00000000
0x12f4467c,0x3f3469f8,0x3f3469f8,0x00000000
0x12f44688,0x3f0116fd,0x3f0116fd,0x00000000
0x12f4468c,0x3ed2c898,0x3ed2c898,0x00000000
0x12f44690,0x3f407b20,0x3f407b20,0x00000000
0x12f44694,0x3f7f6fa5,0x3f7f6fa5,0x00000000
0x12f446bc,0x3ed2c89d,0x3ed2c89d,0x00000000
0x12f446cc,0x3f3469fc,0x3f3469fc,0x00000000
0x12f446d4,0x3f7f6fab,0x3f7f6fab,0x00000000
0x12f446e8,0x01020202,0x01020202,0x00000000
0x12f446f0,0x05050707,0x05050707,0x00000000
0x12f446f8,0x0a0a0a0b,0x0a0a0a0b,0x00000000
0x12f446fc,0x0b0b0d0d,0x0b0b0d0d,0x00000000
0x12f44718,0x0a0c0c0c,0x0a0c0c0c,0x00000000
0x12f4476c,0x3f800000,0x3f800000,0x00000000
0x12f44770,0x3f800000,0x3f800000,0x00000000
0x12f44774,0x3f800000,0x3f800000,0x00000000
0x12f44778,0x3f800000,0x3f800000,0x00000000
0x12f4477c,0x3f800000,0x3f800000,0x00000000
0x12f4478c,0x3f800000,0x3f800000,0x00000000
0x12f4479c,0x3f800000,0x3f800000,0x00000000
0x12f447a8,0x3f800000,0x3f800000,0x00000000
0x12f447ac,0x00010000,0x00010000,0x00000000
0x12f447b0,0x0a000106,0x0a000106,0x00000000
0x12f447bc,0x3f800000,0x3f800000,0x00000000
0x12f447c8,0x3f800000,0x3f800000,0x00000000
0x12f447cc,0x3f800000,0x3f800000,0x00000000
0x12f447d0,0x3f800000,0x3f800000,0x00000000
0x12f447d4,0x3f800000,0x3f800000,0x00000000
0x12f447d8,0x43880869,0x43880869,0x00000000
0x12f4483c,0x906825fc,0x906825fc,0x00000000
0x12f44868,0x3f800000,0x3f800000,0x00000000
0x12f448f4,0x3f800000,0x3f800000,0x00000000
0x12f4491c,0x3f800000,0x3f800000,0x00000000
0x12f44998,0x3f800000,0x3f800000,0x00000000
0x12f449a8,0xffffffff,0xffffffff,0x00000000
0x12f449b8,0x805331d8,0x805331d8,0x00000000
0x12f449e8,0x3fb4fd00,0x3fb4fd00,0x00000000
0x12f449ec,0xc4d4614c,0xc4d4614c,0x00000000
0x12f449f0,0xc47a669e,0xc47a669e,0x00000000
0x12f449f4,0xc5496807,0xc5496807,0x00000000
0x12f449f8,0x3f800000,0x3f800000,0x00000000
0x12f449fc,0xc4d4214c,0xc4d4214c,0x00000000
0x12f44a14,0x00ffff00,0x00ffff00,0x00000000
0x12f45058,0xc2621cab,0xc2621cab,0x00000000
0x12f4529c,0x930b8be0,0x930b8be0,0x00000000
0x12f454b0,0x92f454a0,0x92f454a0,0x00000000
0x12f4575c,0x3f800000,0x3f800000,0x00000000
0x12f457e0,0xbf800000,0xbf800000,0x00000000
0x12f4580c,0x732f4761,0x732f4761,0x00000000
0x12f46964,0x92f48a53,0x92f48a53,0x00000000
0x12f469a8,0x92f466a0,0x92f466a0,0x00000000
0x12f469c8,0x92f46ac0,0x92f46ac0,0x00000000
0x12f46a04,0x92f48722,0x92f48722,0x00000000
0x12f472b4,0x40400000,0x40400000,0x00000000
0x12f472b8,0x3f800000,0x3f800000,0x00000000
0x12f472d4,0x00ffff3f,0x00ffff3f,0x00000000
0x12f472dc,0x3e851eb8,0x3e851eb8,0x00000000
0x12f47454,0x3f800000,0x3f800000,0x00000000
0x12f47508,0xffffffff,0xffffffff,0x00000000
0x12f47594,0x3f800000,0x3f800000,0x00000000
0x12f4766c,0x02020203,0x02020203,0x00000000
0x12f476ac,0x3f800000,0x3f800000,0x00000000
0x12f47700,0x3f800000,0x3f800000,0x00000000
0x12f4783c,0x804f60d8,0x804f60d8,0x00000000
0x12f47854,0x636f6e74,0x636f6e74,0x00000000
0x12f47858,0x726f6c6c,0x726f6c6c,0x00000000
0x12f479a0,0x3f800000,0x3f800000,0x00000000
0x12f479c8,0x3f800000,0x3f800000,0x00000000
0x12f47a5c,0x3f800000,0x3f800000,0x00000000
0x12f47c08,0xadadadad,0xadadadad,0x00000000
0x12f47c94,0x92f47380,0x92f47380,0x00000000
0x12f47cf4,0x3f800000,0x3f800000,0x00000000
0x12f47dd4,0x3f800000,0x3f800000,0x00000000
0x12f47e40,0x92f48278,0x92f48278,0x00000000
0x12f47f14,0x636f6e74,0x636f6e74,0x00000000
0x12f48078,0x92f48980,0x92f48980,0x00000000
0x12f481e4,0x70d001a9,0x70d001a9,0x00000000
0x12f48864,0xc5496807,0xc5496807,0x00000000
0x12f48c84,0x92f48c90,0x92f48c90,0x00000000
0x12f48d64,0x3f800000,0x3f800000,0x00000000
0x12f48f04,0xc5496807,0xc5496807,0x00000000
0x12f49104,0x68740000,0x68740000,0x00000000
0x12f49190,0x807b4900,0x807b4900,0x00000000
0x12f491dc,0x3f800000,0x3f800000,0x00000000
0x12f49238,0x3f800000,0x3f800000,0x00000000
0x12f49258,0x3f800000,0x3f800000,0x00000000
0x12f4925c,0x3f800000,0x3f800000,0x00000000
0x12f49278,0x8052c080,0x8052c080,0x00000000
0x12f492ac,0xbec6cede,0xbec6cede,0x00000000
0x12f492b0,0xfec6b7dd,0xfec6b7dd,0x00000000
0x12f492b4,0x0076d8c2,0x0076d8c2,0x00000000
0x12f492bc,0xe07f135a,0xe07f135a,0x00000000
0x12f492d0,0x010a0000,0x010a0000,0x00000000
0x12f492d4,0x00ffff65,0x00ffff65,0x00000000
0x12f492ec,0x3f800000,0x3f800000,0x00000000
0x12f492f0,0x3f800000,0x3f800000,0x00000000
0x12f492f4,0x3f800000,0x3f800000,0x00000000
0x12f4930c,0x708090a0,0x708090a0,0x00000000
0x12f49310,0xb0c0d0df,0xb0c0d0df,0x00000000
0x12f49314,0xefff40d2,0xefff40d2,0x00000000
0x12f49318,0xc641dbc5,0xc641dbc5,0x00000000
0x12f4931c,0x34c4cd27,0x34c4cd27,0x00000000
0x12f49388,0xfde936fe,0xfde936fe,0x00000000
0x12f49390,0x076eff3a,0x076eff3a,0x00000000
0x12f49394,0x41eb3ffe,0x41eb3ffe,0x00000000
0x12f49398,0x92f493ac,0x92f493ac,0x00000000
0x12f493b0,0x0b0242c9,0x0b0242c9,0x00000000
0x12f493b4,0x3d028fbb,0x3d028fbb,0x00000000
0x12f493b8,0x3ca9a919,0x3ca9a919,0x00000000
0x12f493bc,0x3c2a55c2,0x3c2a55c2,0x00000000
0x12f493c8,0x41327004,0x41327004,0x00000000
0x12f493f4,0x92f49408,0x92f49408,0x00000000
0x12f49408,0x00617700,0x00617700,0x00000000
0x12f49418,0x92f4941c,0x92f4941c,0x00000000
0x12f4942c,0xffba53be,0xffba53be,0x00000000
0x12f49430,0xba4dbdba,0xba4dbdba,0x00000000
0x12f49438,0xbdba56be,0xbdba56be,0x00000000
0x12f4944c,0x53bebb71,0x53bebb71,0x00000000
0x12f49450,0x92f49464,0x92f49464,0x00000000
0x12f4946c,0x401919c0,0x401919c0,0x00000000
0x12f49494,0xc0d0dfef,0xc0d0dfef,0x00000000
0x12f494a8,0x278cbf37,0x278cbf37,0x00000000
0x12f494ac,0x92f494c0,0x92f494c0,0x00000000
0x12f494cc,0x04000000,0x04000000,0x00000000
0x12f494d0,0x420bf0f0,0x420bf0f0,0x00000000
0x12f494d4,0xb6800000,0xb6800000,0x00000000
0x12f494d8,0xb7800000,0xb7800000,0x00000000
0x12f494e8,0x5f4d6964,0x5f4d6964,0x00000000
0x12f494f0,0x09020fee,0x09020fee,0x00000000
0x12f494f4,0x42c950d8,0x42c950d8,0x00000000
0x12f494fc,0x92f49500,0x92f49500,0x00000000
0x12f49508,0x92f4951c,0x92f4951c,0x00000000
0x12f49b58,0x3f85833f,0x3f85833f,0x00000000
0x12f49d9c,0x3f800000,0x3f800000,0x00000000
0x12f4ab34,0x205a3a00,0x205a3a00,0x00000000
0x12f4bd58,0x804f6088,0x804f6088,0x00000000
0x12f4bdb4,0x804f6088,0x804f6088,0x00000000
0x12f4bf2c,0x900d7970,0x900d7970,0x00000000
0x12f4bfdc,0x4084cccd,0x4084cccd,0x00000000
0x12f4bfec,0xc084cccd,0xc084cccd,0x00000000
0x12f4bffc,0x4084cccd,0x4084cccd,0x00000000
0x12f4c20c,0x6261636b,0x6261636b,0x00000000
0x12f4c314,0x807b4900,0x807b4900,0x00000000
0x12f4c51c,0x3f800000,0x3f800000,0x00000000
0x12f4c548,0x3f800000,0x3f800000,0x00000000
0x12f4c66c,0x7ffd7ffd,0x7ffd7ffd,0x00000000
0x12f4c73c,0x3f800000,0x3f800000,0x00000000
0x12f4c9fc,0x92f4dbc0,0x92f4dbc0,0x00000000
0x12f4cbfc,0x3f800000,0x3f800000,0x00000000
0x12f4cc3c,0xc20ba9c2,0xc20ba9c2,0x00000000
0x12f4cc98,0x0001cda4,0x0001cda4,0x00000000
0x12f4cc9c,0x3f800000,0x3f800000,0x00000000
0x12f4ccd0,0x3f800000,0x3f800000,0x00000000
0x12f4cd0c,0x7ffd0000,0x7ffd0000,0x00000000
0x12f4cd34,0x205a3a00,0x205a3a00,0x00000000
0x12f4cf0c,0x92f4cf20,0x92f4cf20,0x00000000
0x12f4cf1c,0x804f60d8,0x804f60d8,0x00000000
0x12f4cf28,0x74656e64,0x74656e64,0x00000000
0x12f4cf3c,0x6e642f62,0x6e642f62,0x00000000
0x12f4d304,0xa9800000,0xa9800000,0x00000000
0x12f4d904,0xc002d557,0xc002d557,0x00000000
0x12f4da04,0x00c00000,0x00c00000,0x00000000
0x12f4dc44,0x1d1d1d1c,0x1d1d1d1c,0x00000000
0x12f4dc90,0x2c2c2e2e,0x2c2c2e2e,0x00000000
0x12f4dcac,0x92f4dca0,0x92f4dca0,0x00000000
0x12f4dcd8,0x3f800000,0x3f800000,0x00000000
0x12f4dcdc,0x3f800000,0x3f800000,0x00000000
0x12f4dcec,0x3f800000,0x3f800000,0x00000000
0x12f4dd0c,0x00010000,0x00010000,0x00000000
0x12f4dd10,0x0a000100,0x0a000100,0x00000000
0x12f4dd54,0x804f6088,0x804f6088,0x00000000
0x12f4ddb0,0x804f6088,0x804f6088,0x00000000
0x12f4ddbc,0x92f4e8c4,0x92f4e8c4,0x00000000
0x12f4ddc8,0x3f800000,0x3f800000,0x00000000
0x12f4de14,0x807b4900,0x807b4900,0x00000000
0x12f4de30,0x807b4900,0x807b4900,0x00000000
0x12f4de7c,0x3f800000,0x3f800000,0x00000000
0x12f4dee8,0x3f800000,0x3f800000,0x00000000
0x12f4df18,0x805331d8,0x805331d8,0x00000000
0x12f4df4c,0x3b8de000,0x3b8de000,0x00000000
0x12f4df50,0xc21607ef,0xc21607ef,0x00000000
0x12f4df54,0xbcb571b8,0xbcb571b8,0x00000000
0x12f4df5c,0x428697e4,0x428697e4,0x00000000
0x12f4df7c,0x3e851eb8,0x3e851eb8,0x00000000
0x12f4df9c,0x3f800000,0x3f800000,0x00000000
0x12f4e004,0x7ffd0000,0x7ffd0000,0x00000000
0x12f4e054,0x7ffd7ffc,0x7ffd7ffc,0x00000000
0x12f4f84c,0x2f736365,0x2f736365,0x00000000
0x12f504bc,0x33636564,0x33636564,0x00000000
0x12f504dc,0x46617246,0x46617246,0x00000000
0x12f50598,0x67726f75,0x67726f75,0x00000000
0x12f55b0c,0x92f55b00,0x92f55b00,0x00000000
0x12f55b2c,0x3f800000,0x3f800000,0x00000000
0x12f55b34,0x3f800000,0x3f800000,0x00000000
0x12f55b3c,0x3f800000,0x3f800000,0x00000000
0x12f55b4c,0x3f800000,0x3f800000,0x00000000
0x12f55b5c,0x3f800000,0x3f800000,0x00000000
0x12f55b6c,0x00010909,0x00010909,0x00000000
0x12f55b7c,0x3f800000,0x3f800000,0x00000000
0x12f55b8c,0x3f800000,0x3f800000,0x00000000
0x12f55b94,0x3f800000,0x3f800000,0x00000000
0x12f55b9c,0x2f46564e,0x2f46564e,0x00000000
0x12f55bac,0x0a090909,0x0a090909,0x00000000
0x12f55bb4,0x46617246,0x46617246,0x00000000
0x12f612ec,0xaaaaaaaa,0xaaaaaaaa,0x00000000
0x12f62b6c,0xaaeafeff,0xaaeafeff,0x00000000
0x12f62b74,0xaaaaaaaa,0xaaaaaaaa,0x00000000
0x12f63b5c,0xaaaaaaaa,0xaaaaaaaa,0x00000000
0x12f63df4,0xeafaffff,0xeafaffff,0x00000000
0x12f64dcc,0xaaeafafe,0xaaeafafe,0x00000000
0x12f64dec,0x5f575555,0x5f575555,0x00000000
0x12f64dfc,0x80a0a8ea,0x80a0a8ea,0x00000000
0x12f652ec,0xfeffffff,0xfeffffff,0x00000000
0x12f652fc,0x0080a0aa,0x0080a0aa,0x00000000
0x12f6530c,0xffffffff,0xffffffff,0x00000000
0x12f6535c,0xffffffff,0xffffffff,0x00000000
0x12f65364,0xffffffff,0xffffffff,0x00000000
0x12f6536c,0xffffffff,0xffffffff,0x00000000
0x12f6538c,0xaaaaaaaa,0xaaaaaaaa,0x00000000
0x12f6539c,0xffffffff,0xffffffff,0x00000000
0x12f653a4,0xaaaaaaaa,0xaaaaaaaa,0x00000000
0x12f653ac,0xeafeffff,0xeafeffff,0x00000000
0x12f65dcc,0x55565965,0x55565965,0x00000000
0x12f65ddc,0xbfffffff,0xbfffffff,0x00000000
0x12f65df4,0xaaaaaaaa,0xaaaaaaaa,0x00000000
0x12f65dfc,0xaa2a0200,0xaa2a0200,0x00000000
0x12f662fc,0xff5f5755,0xff5f5755,0x00000000
0x12f66314,0xaaaaaaaa,0xaaaaaaaa,0x00000000
0x12f6631c,0xa0aaaafa,0xa0aaaafa,0x00000000
0x12f66324,0xa5aaaa0a,0xa5aaaa0a,0x00000000
0x12f6632c,0xa0aaaaaa,0xa0aaaaaa,0x00000000
0x12f6633c,0xaa0a0200,0xaa0a0200,0x00000000
0x12f6634c,0xffffff7f,0xffffff7f,0x00000000
0x12f66354,0xa8aaaaea,0xa8aaaaea,0x00000000
0x12f6635c,0xffffff5f,0xffffff5f,0x00000000
0x12f6636c,0xffffffff,0xffffffff,0x00000000
0x12f66374,0xffff7f5f,0xffff7f5f,0x00000000
0x12f6637c,0xffffffff,0xffffffff,0x00000000
0x12f6638c,0xffffffff,0xffffffff,0x00000000
0x12f66394,0xffffffbf,0xffffffbf,0x00000000
0x12f6639c,0xfeffffff,0xfeffffff,0x00000000
0x12f663ac,0xffffbfab,0xffffbfab,0x00000000
0x12f663b4,0xffffffff,0xffffffff,0x00000000
0x12f663bc,0xffffffff,0xffffffff,0x00000000
0x12f663d4,0xfaffffff,0xfaffffff,0x00000000
0x12f66de4,0xaaaafafe,0xaaaafafe,0x00000000
0x12f67384,0xa0fafeff,0xa0fafeff,0x00000000
0x12f673c4,0xffffffff,0xffffffff,0x00000000
0x12f683bc,0x7f575555,0x7f575555,0x00000000
0x12f683d4,0xa8eafa5e,0xa8eafa5e,0x00000000
0x12f69dcc,0xffffffff,0xffffffff,0x00000000
0x12f69ddc,0xaaaaaaaa,0xaaaaaaaa,0x00000000
0x12f69dec,0xaaaaaa2a,0xaaaaaa2a,0x00000000
0x12f69df4,0xffffffff,0xffffffff,0x00000000
0x12f69dfc,0xffffffff,0xffffffff,0x00000000
0x12f6ab3c,0x00e0fafe,0x00e0fafe,0x00000000
0x12f6ab4c,0xffffffff,0xffffffff,0x00000000
0x12f6ab54,0x5f575555,0x5f575555,0x00000000
0x12f6ab5c,0xa0e8fe5f,0xa0e8fe5f,0x00000000
0x12f6ab6c,0xaafafeff,0xaafafeff,0x00000000
0x12f6ab74,0xffffffff,0xffffffff,0x00000000
0x12f6ab7c,0x00020302,0x00020302,0x00000000
0x12f6ab8c,0xa0fa7f5f,0xa0fa7f5f,0x00000000
0x12f6ab94,0x35d55555,0x35d55555,0x00000000
0x12f6adcc,0xaa0aa0aa,0xaa0aa0aa,0x00000000
0x12f6addc,0xaaaaaaea,0xaaaaaaea,0x00000000
0x12f6adec,0xfeffffff,0xfeffffff,0x00000000
0x12f6adf4,0x8aaaaaaa,0x8aaaaaaa,0x00000000
0x12f6adfc,0xbfafebff,0xbfafebff,0x00000000
0x12f6bba4,0x70e00000,0x70e00000,0x00000000
0x12f6e614,0x80a0aaaa,0x80a0aaaa,0x00000000
0x12f6e7dc,0xffffffff,0xffffffff,0x00000000
0x12f6e874,0xf0f0f0fc,0xf0f0f0fc,0x00000000
0x12f6e90c,0xaaaaaaaa,0xaaaaaaaa,0x00000000
0x12f6eb6c,0xffffffaf,0xffffffaf,0x00000000
0x12f6f6b4,0xffffffff,0xffffffff,0x00000000
0x12f6f74c,0xaaaaaaaa,0xaaaaaaaa,0x00000000
0x12f6f87c,0xaaaaaaaa,0xaaaaaaaa,0x00000000
0x12f6f894,0x54575555,0x54575555,0x00000000
0x12f6f8bc,0xffffff5f,0xffffff5f,0x00000000
0x12f6f914,0xff3fc25c,0xff3fc25c,0x00000000
0x12f70b44,0x35250903,0x35250903,0x00000000
0x12f70b4c,0xaaeafaff,0xaaeafaff,0x00000000
0x12f70b54,0xabaaeafe,0xabaaeafe,0x00000000
0x12f70b5c,0xd595350d,0xd595350d,0x00000000
0x12f7165c,0xa8aaaaaa,0xa8aaaaaa,0x00000000
0x12f716dc,0xa5aaaaaa,0xa5aaaaaa,0x00000000
0x12f7179c,0xaaaaaaea,0xaaaaaaea,0x00000000
0x12f7182c,0xffffffff,0xffffffff,0x00000000
0x12f720dc,0xffffffff,0xffffffff,0x00000000
0x12f726b4,0xa0a8aaaa,0xa0a8aaaa,0x00000000
0x12f730dc,0xffffffff,0xffffffff,0x00000000
0x12f730fc,0xffffffff,0xffffffff,0x00000000
0x12f7311c,0xffffffff,0xffffffff,0x00000000
0x12f7313c,0xffffffff,0xffffffff,0x00000000
0x12f7315c,0x55555758,0x55555758,0x00000000
0x12f731dc,0xffffffff,0xffffffff,0x00000000
0x12f734ec,0xffffffff,0xffffffff,0x00000000
0x12f734f4,0xffffffff,0xffffffff,0x00000000
0x12f7350c,0xffffffff,0xffffffff,0x00000000
0x12f73514,0xffffffff,0xffffffff,0x00000000
0x12f73534,0xffffffff,0xffffffff,0x00000000
0x12f73554,0xffffffff,0xffffffff,0x00000000
0x12f7355c,0xffffffff,0xffffffff,0x00000000
0x12f73574,0x70585c5c,0x70585c5c,0x00000000
0x12f73594,0xffffffff,0xffffffff,0x00000000
0x12f735b4,0xaaaaeafe,0xaaaaeafe,0x00000000
0x12f735bc,0xaaaaaaaa,0xaaaaaaaa,0x00000000
0x12f735d4,0xaaaaaaaa,0xaaaaaaaa,0x00000000
0x12f735f4,0xffffffff,0xffffffff,0x00000000
0x12f73604,0xaaaaaaaa,0xaaaaaaaa,0x00000000
0x12f7360c,0xaaaaaaaa,0xaaaaaaaa,0x00000000
0x12f73614,0xaaaaaaaa,0xaaaaaaaa,0x00000000
0x12f7362c,0xffffffff,0xffffffff,0x00000000
0x12f73634,0xaaaaaaaa,0xaaaaaaaa,0x00000000
0x12f7364c,0xffffffff,0xffffffff,0x00000000
0x12f73654,0xffffffff,0xffffffff,0x00000000
0x12f7365c,0xffffffff,0xffffffff,0x00000000
0x12f73664,0xffffffff,0xffffffff,0x00000000
0x12f7366c,0xffffffff,0xffffffff,0x00000000
0x12f73674,0xffffffff,0xffffffff,0x00000000
0x12f7368c,0xaaaaaaaa,0xaaaaaaaa,0x00000000
0x12f73694,0xffffffff,0xffffffff,0x00000000
0x12f736ac,0xaaaaaaaa,0xaaaaaaaa,0x00000000
0x12f736b4,0xfafeffff,0xfafeffff,0x00000000
0x12f736cc,0xaaaaaaaa,0xaaaaaaaa,0x00000000
0x12f736d4,0xaaaaaaaa,0xaaaaaaaa,0x00000000
0x12f736dc,0xaaaaaaaa,0xaaaaaaaa,0x00000000
0x12f736e4,0x0080a0a8,0x0080a0a8,0x00000000
0x12f736ec,0x5f555555,0x5f555555,0x00000000
0x12f736f4,0xaaaaaaaa,0xaaaaaaaa,0x00000000
0x12f7370c,0xffffffff,0xffffffff,0x00000000
0x12f7371c,0xaaaaaaaa,0xaaaaaaaa,0x00000000
0x12f7372c,0xaaaaaaaa,0xaaaaaaaa,0x00000000
0x12f73734,0xaaaaaaaa,0xaaaaaaaa,0x00000000
0x12f73754,0xaaaaaeab,0xaaaaaeab,0x00000000
0x12f73774,0xaaaaaaaa,0xaaaaaaaa,0x00000000
0x12f7377c,0xfeffffff,0xfeffffff,0x00000000
0x12f737ac,0x0300807e,0x0300807e,0x00000000
0x12f737bc,0x5555d525,0x5555d525,0x00000000
0x12f737c4,0xd5350902,0xd5350902,0x00000000
0x12f737cc,0x555555d5,0x555555d5,0x00000000
0x12f737ec,0xaaaaffff,0xaaaaffff,0x00000000
0x12f7380c,0xaaaaffe0,0xaaaaffe0,0x00000000
0x12f73814,0x55e80000,0x55e80000,0x00000000
0x12f7381c,0x7b000000,0x7b000000,0x00000000
0x12f7382c,0xa0a8aaea,0xa0a8aaea,0x00000000
0x12f755a4,0xa8aaea6a,0xa8aaea6a,0x00000000
0x12f755fc,0x555500ff,0x555500ff,0x00000000
0x12f756b4,0x555500ff,0x555500ff,0x00000000
0x12f75734,0xaaaa55ff,0xaaaa55ff,0x00000000
0x12f764f4,0x0c0c0b0b,0x0c0c0b0b,0x00000000
0x12f76554,0x3f800000,0x3f800000,0x00000000
0x12f76714,0x3f800000,0x3f800000,0x00000000
0x12f7752c,0xc4d60425,0xc4d60425,0x00000000
0x12f7776c,0x92f77780,0x92f77780,0x00000000
0x12f7777c,0x804f60d8,0x804f60d8,0x00000000
0x12f7778c,0x2f736365,0x2f736365,0x00000000
0x12f77794,0x6d697363,0x6d697363,0x00000000
0x12f7779c,0x616b6572,0x616b6572,0x00000000
0x12f777ac,0x696e5f63,0x696e5f63,0x00000000
0x12f777b4,0x30342e6d,0x30342e6d,0x00000000
0x12f778b4,0x807b4900,0x807b4900,0x00000000
0x12f77cbc,0x3e851eb8,0x3e851eb8,0x00000000
0x12f7815c,0xbb201b00,0xbb201b00,0x00000000
0x12f7817c,0x3e851eb8,0x3e851eb8,0x00000000
0x12f7819c,0x3f800000,0x3f800000,0x00000000
0x12f7859c,0x804f60d8,0x804f60d8,0x00000000
0x12f785bc,0x65725f73,0x65725f73,0x00000000
0x12f785dc,0x6d736200,0x6d736200,0x00000000
0x12f7873c,0x3f800000,0x3f800000,0x00000000
0x12f7877c,0x3f800000,0x3f800000,0x00000000
0x12f787bc,0x3f800000,0x3f800000,0x00000000
0x12f787fc,0xc4d5e424,0xc4d5e424,0x00000000
0x12f7881c,0xc4d5c424,0xc4d5c424,0x00000000
0x12f7883c,0x3e851eb8,0x3e851eb8,0x00000000
0x12f7885c,0x3f800000,0x3f800000,0x00000000
0x12f7c56c,0x92f900c0,0x92f900c0,0x00000000
0x12f7c8ac,0x92f7c8c0,0x92f7c8c0,0x00000000
0x12f7c9d4,0x50325f72,0x50325f72,0x00000000
0x12f7c9dc,0x5f636f6e,0x5f636f6e,0x00000000
0x12f7ca14,0x92f95240,0x92f95240,0x00000000
0x12f7ca1c,0x92f7ca30,0x92f7ca30,0x00000000
0x12f7ca34,0x65616479,0x65616479,0x00000000
0x12f7ca74,0x92f95240,0x92f95240,0x00000000
0x12f7ca8c,0x50325f6e,0x50325f6e,0x00000000
0x12f7ca94,0x636f6e74,0x636f6e74,0x00000000
0x12f7cc5c,0x6f666600,0x6f666600,0x00000000
0x12f7cc9c,0x92f97280,0x92f97280,0x00000000
0x12f7ccb4,0x53706c61,0x53706c61,0x00000000
0x12f7ccbc,0x72616e67,0x72616e67,0x00000000
0x12f7ccf4,0x92f97600,0x92f97600,0x00000000
0x12f7ccfc,0x92f7cd10,0x92f7cd10,0x00000000
0x12f7cd0c,0x804f6088,0x804f6088,0x00000000
0x12f7cd14,0x73685f61,0x73685f61,0x00000000
0x12f7cd1c,0x726e7461,0x726e7461,0x00000000
0x12f7d55c,0x6d61696e,0x6d61696e,0x00000000
0x12f7d594,0x92f9a420,0x92f9a420,0x00000000
0x12f7d614,0x30355f63,0x30355f63,0x00000000
0x12f7d61c,0x6f6c6c65,0x6f6c6c65,0x00000000
0x12f7d654,0x92f7d668,0x92f7d668,0x00000000
0x12f7d9fc,0x804f6088,0x804f6088,0x00000000
0x12f7e604,0x76657273,0x76657273,0x00000000
0x12f7e624,0x92f7e638,0x92f7e638,0x00000000
0x12f7e664,0x74617469,0x74617469,0x00000000
0x12f7e6a4,0x72746578,0x72746578,0x00000000
0x12f7e9e4,0x92f7df18,0x92f7df18,0x00000000
0x12f814ec,0x804f6088,0x804f6088,0x00000000
0x12f81504,0x92f833e7,0x92f833e7,0x00000000
0x12f817bc,0x92f817d0,0x92f817d0,0x00000000
0x12f817cc,0x804f6088,0x804f6088,0x00000000
0x12f81874,0x92f81888,0x92f81888,0x00000000
0x12f81c1c,0x804f6088,0x804f6088,0x00000000
0x12f82574,0x804f6088,0x804f6088,0x00000000
0x12f827c4,0x92f83140,0x92f83140,0x00000000
0x12f82824,0x92f834cd,0x92f834cd,0x00000000
0x12f82854,0x804f6088,0x804f6088,0x00000000
0x12f82c64,0x92f835d1,0x92f835d1,0x00000000
0x12f82f84,0x804f6088,0x804f6088,0x00000000
0x12f83024,0x78706f72,0x78706f72,0x00000000
0x12f830c4,0x636f6469,0x636f6469,0x00000000
0x12f83104,0x6f6d706f,0x6f6d706f,0x00000000
0x12f8352c,0x69730052,0x69730052,0x00000000
0x12f8354c,0x6e005469,0x6e005469,0x00000000
0x12f83554,0x6570004f,0x6570004f,0x00000000
0x12f8355c,0x616d706c,0x616d706c,0x00000000
0x12f8357c,0x00536361,0x00536361,0x00000000
0x12f8358c,0x65456e74,0x65456e74,0x00000000
0x12f835b4,0x09020eef,0x09020eef,0x00000000
0x12f835d4,0x64696e67,0x64696e67,0x00000000
0x12f835dc,0x74726f6c,0x74726f6c,0x00000000
0x12f835fc,0x804f6088,0x804f6088,0x00000000
0x12f83604,0x65547275,0x65547275,0x00000000
0x12f8360c,0x6f6e7472,0x6f6e7472,0x00000000
0x12f83614,0x616c6573,0x616c6573,0x00000000
0x12f8361c,0x74726f6c,0x74726f6c,0x00000000
0x12f8362c,0x3040c0c1,0x3040c0c1,0x00000000
0x12f83634,0x2f808081,0x2f808081,0x00000000
0x12f8363c,0x3f7ffffe,0x3f7ffffe,0x00000000
0x12f8365c,0x00636162,0x00636162,0x00000000
0x12f83674,0x04000000,0x04000000,0x00000000
0x12f8367c,0x4009f974,0x4009f974,0x00000000
0x12f83694,0x02000003,0x02000003,0x00000000
0x12f836b4,0x804f6088,0x804f6088,0x00000000
0x12f836bc,0x92f836b0,0x92f836b0,0x00000000
0x12f836ec,0x92f83700,0x92f83700,0x00000000
0x12f836fc,0x804f60d8,0x804f60d8,0x00000000
0x12f83714,0x00656e74,0x00656e74,0x00000000
0x12f8371c,0x6c653031,0x6c653031,0x00000000
0x12f8376c,0x804f6088,0x804f6088,0x00000000
0x12f86a5c,0x80000000,0x80000000,0x00000000
0x12f86a8c,0x3f800000,0x3f800000,0x00000000
0x12f86ab4,0x3f800000,0x3f800000,0x00000000
0x12f86abc,0x416b2063,0x416b2063,0x00000000
0x12f86acc,0x42268b26,0x42268b26,0x00000000
0x12f86aec,0x41f7712f,0x41f7712f,0x00000000
0x12f86af4,0xbe1cb810,0xbe1cb810,0x00000000
0x12f86afc,0x3f30ba7b,0x3f30ba7b,0x00000000
0x12f86b0c,0x27aeef4c,0x27aeef4c,0x00000000
0x12f86b14,0xa82a2fba,0xa82a2fba,0x00000000
0x12f86b2c,0x3333b70b,0x3333b70b,0x00000000
0x12f86b3c,0xb3fa447c,0xb3fa447c,0x00000000
0x12f86b4c,0x3f800000,0x3f800000,0x00000000
0x12f86b54,0xc1d3e247,0xc1d3e247,0x00000000
0x12f86b5c,0xc255b28b,0xc255b28b,0x00000000
0x12f86b7c,0x40d01faa,0x40d01faa,0x00000000
0x12f86b94,0x3f2a1a3f,0x3f2a1a3f,0x00000000
0x12f86b9c,0x1c02445d,0x1c02445d,0x00000000
0x12f86bb4,0xa84292bf,0xa84292bf,0x00000000
0x12f86bbc,0x3f441b7f,0x3f441b7f,0x00000000
0x12f86bcc,0x3f248dbb,0x3f248dbb,0x00000000
0x12f86bd4,0xb3ae2569,0xb3ae2569,0x00000000
0x12f86bdc,0xb2f15a40,0xb2f15a40,0x00000000
0x12f86bec,0xc1c2df81,0xc1c2df81,0x00000000
0x12f86bf4,0xc26d098f,0xc26d098f,0x00000000
0x12f86bfc,0x42268b26,0x42268b26,0x00000000
0x12f86c14,0x41e1ec70,0x41e1ec70,0x00000000
0x12f86c1c,0x41aa7527,0x41aa7527,0x00000000
0x12f86c2c,0x3f273d74,0x3f273d74,0x00000000
0x12f86c34,0xa8800000,0xa8800000,0x00000000
0x12f86c3c,0x28800000,0x28800000,0x00000000
0x12f86c4c,0xa78f3630,0xa78f3630,0x00000000
0x12f86c54,0x3f3504f5,0x3f3504f5,0x00000000
0x12f86c5c,0xb3f76526,0xb3f76526,0x00000000
0x12f86c64,0xbf3504f3,0xbf3504f3,0x00000000
0x12f86c6c,0xb3998693,0xb3998693,0x00000000
0x12f86c74,0x3304c060,0x3304c060,0x00000000
0x12f86c7c,0x3f800001,0x3f800001,0x00000000
0x12f86c94,0x42268b26,0x42268b26,0x00000000
0x12f87b84,0x40962cec,0x40962cec,0x00000000
0x12f87c84,0x3f800000,0x3f800000,0x00000000
0x12f8fa4c,0x722e4752,0x722e4752,0x00000000
0x12f8fa6c,0x73746f6d,0x73746f6d,0x00000000
0x12f8fa74,0x696f6e53,0x696f6e53,0x00000000
0x12f8fa7c,0x6e752e45,0x6e752e45,0x00000000
0x12f8fa8c,0x46726f6e,0x46726f6e,0x00000000
0x12f8fa94,0x53637265,0x53637265,0x00000000
0x12f8faac,0x6b205365,0x6b205365,0x00000000
0x12f8fab4,0x20536372,0x20536372,0x00000000
0x12f8facc,0x63757374,0x63757374,0x00000000
0x12f8fad4,0x6174696f,0x6174696f,0x00000000
0x12f8fadc,0x6d656e75,0x6d656e75,0x00000000
0x12f8fb6c,0x5c736372,0x5c736372,0x00000000
0x12f8fb74,0x5c703163,0x5c703163,0x00000000
0x12f8fb7c,0x6d697361,0x6d697361,0x00000000
0x12f8fb8c,0x696e7472,0x696e7472,0x00000000
0x12f8fb94,0x32000000,0x32000000,0x00000000
0x12f8fb9c,0x74726f00,0x74726f00,0x00000000
0x12f8fbac,0x66726f6e,0x66726f6e,0x00000000
0x12f8fbb4,0x5c736372,0x5c736372,0x00000000
0x12f8fbbc,0x5c703163,0x5c703163,0x00000000
0x12f8fbcc,0x7375626d,0x7375626d,0x00000000
0x12f8fbd4,0x69646c65,0x69646c65,0x00000000
0x12f8fbec,0x00364172,0x00364172,0x00000000
0x12f8fbf4,0x6f6e7465,0x6f6e7465,0x00000000
0x12f8fbfc,0x63726565,0x63726565,0x00000000
0x12f8fc0c,0x73617469,0x73617469,0x00000000
0x12f8fc14,0x626d656e,0x626d656e,0x00000000
0x12f8fc1c,0x74726f2e,0x74726f2e,0x00000000
0x12f8fc34,0x00394172,0x00394172,0x00000000
0x12f8fc3c,0x6f6e7465,0x6f6e7465,0x00000000
0x12f8fc54,0x73617469,0x73617469,0x00000000
0x12f8fc5c,0x626d656e,0x626d656e,0x00000000
0x12f8fc6c,0x52320000,0x52320000,0x00000000
0x12f8fc74,0x7074696f,0x7074696f,0x00000000
0x12f8fc84,0x4172745c,0x4172745c,0x00000000
0x12f8fc94,0x65656e73,0x65656e73,0x00000000
0x12f90b7c,0x6c655375,0x6c655375,0x00000000
0x12f90b9c,0x63726565,0x63726565,0x00000000
0x12f90bdc,0x63726565,0x63726565,0x00000000
0x12f90c1c,0x6e74656e,0x6e74656e,0x00000000
0x12f90c3c,0x6d732e47,0x6d732e47,0x00000000
0x12f90c7c,0x74797065,0x74797065,0x00000000
0x12f95a4c,0x92f92a25,0x92f92a25,0x00000000
0x12f95a5c,0x92f92a98,0x92f92a98,0x00000000
0x12f95a74,0x92f92b14,0x92f92b14,0x00000000
0x12f95a7c,0x92f92b22,0x92f92b22,0x00000000
0x12f95a8c,0x92f92b9c,0x92f92b9c,0x00000000
0x12f95a94,0x92f92bae,0x92f92bae,0x00000000
0x12f95aac,0x92f92c46,0x92f92c46,0x00000000
0x12f95abc,0x92f92cd1,0x92f92cd1,0x00000000
0x12f95adc,0x92f95ad0,0x92f95ad0,0x00000000
0x12f95b6c,0x92f92fd9,0x92f92fd9,0x00000000
0x12f95b7c,0x92f93064,0x92f93064,0x00000000
0x12f95b9c,0x92f95b90,0x92f95b90,0x00000000
0x12f95bdc,0x92f931bc,0x92f931bc,0x00000000
0x12f95bf4,0x92f93238,0x92f93238,0x00000000
0x12f95bfc,0x92f93246,0x92f93246,0x00000000
0x12f95c14,0x92f932d2,0x92f932d2,0x00000000
0x12f95c2c,0x92f9336a,0x92f9336a,0x00000000
0x12f95c3c,0x92f933f5,0x92f933f5,0x00000000
0x12f95c5c,0x92f95c50,0x92f95c50,0x00000000
0x12f99abc,0xc4d5c425,0xc4d5c425,0x00000000
0x12f9aa74,0x328de874,0x328de874,0x00000000
0x12f9aa7c,0x4040fed9,0x4040fed9,0x00000000
0x12f9aa94,0x00ffffaa,0x00ffffaa,0x00000000
0x12f9aa9c,0x3e851eb8,0x3e851eb8,0x00000000
0x12f9aaac,0x3f800000,0x3f800000,0x00000000
0x12f9aab4,0x3f800000,0x3f800000,0x00000000
0x12f9ab74,0x3f800000,0x3f800000,0x00000000
0x12f9ab9c,0x3f800000,0x3f800000,0x00000000
0x12f9abbc,0x3edab9e0,0x3edab9e0,0x00000000
0x12f9abcc,0x40490fda,0x40490fda,0x00000000
0x12f9abd4,0x40b8dd83,0x40b8dd83,0x00000000
0x12f9abdc,0x3f4cccca,0x3f4cccca,0x00000000
0x12f9ac1c,0xbe957ff0,0xbe957ff0,0x00000000
0x12f9ac2c,0xbf53f868,0xbf53f868,0x00000000
0x12f9ac34,0x3e7212f5,0x3e7212f5,0x00000000
0x12f9ac3c,0x3e79e1e0,0x3e79e1e0,0x00000000
0x12f9ac54,0x00ffff00,0x00ffff00,0x00000000
0x12f9ea3c,0x11c611c6,0x11c611c6,0x00000000
0x12f9ea5c,0x11c611c6,0x11c611c6,0x00000000
0x12f9ea94,0x48bb49ba,0x48bb49ba,0x00000000
0x12f9eb6c,0xc27cc2bc,0xc27cc2bc,0x00000000
0x12f9eb74,0xc37cc3bc,0xc37cc3bc,0x00000000
0x12f9eb7c,0xc47ac4ba,0xc47ac4ba,0x00000000
0x12f9eb84,0xc5bac639,0xc5bac639,0x00000000
0x12f9eb8c,0xc7b8c837,0xc7b8c837,0x00000000
0x12f9eb94,0xc9b6ca35,0xc9b6ca35,0x00000000
0x12f9eb9c,0xcbb4cc33,0xcbb4cc33,0x00000000
0x12f9ebac,0xcdf2ce31,0xcdf2ce31,0x00000000
0x12f9ebb4,0xcef0cf30,0xcef0cf30,0x00000000
0x12f9ebbc,0xcff0d02f,0xcff0d02f,0x00000000
0x12f9ebcc,0xd1eed22d,0xd1eed22d,0x00000000
0x12f9ebd4,0xd3acd42b,0xd3acd42b,0x00000000
0x12f9ebdc,0xd5aad629,0xd5aad629,0x00000000
0x12f9ebec,0xdc23dd22,0xdc23dd22,0x00000000
0x12f9ebf4,0xe01fe11e,0xe01fe11e,0x00000000
0x12f9ebfc,0xe718e916,0xe718e916,0x00000000
0x12f9ec0c,0xfb04ff00,0xfb04ff00,0x00000000
0x12f9ec14,0x038a0132,0x038a0132,0x00000000
0x12f9ec1c,0x0b12da12,0x0b12da12,0x00000000
0x12f9ec6c,0x97b4f145,0x97b4f145,0x00000000
0x12f9ec7c,0xa2d584bd,0xa2d584bd,0x00000000
0x12f9ec94,0xa4c95ed0,0xa4c95ed0,0x00000000
0x12f9ec9c,0xd097ffdc,0xd097ffdc,0x00000000
0x12f9ecac,0xa4f971c7,0xa4f971c7,0x00000000
0x12f9ecb4,0x97b4ffe8,0x97b4ffe8,0x00000000
0x12f9ecbc,0xfe00a19e,0xfe00a19e,0x00000000
0x12f9ecc4,0x9e827b42,0x9e827b42,0x00000000
0x12f9f1cc,0xbc06bc45,0xbc06bc45,0x00000000
0x12f9f1dc,0xbe82bec2,0xbe82bec2,0x00000000
0x12f9f1f4,0xc17ec1be,0xc17ec1be,0x00000000
0x12f9f274,0xd827d926,0xd827d926,0x00000000
0x12f9f27c,0xdc23dd22,0xdc23dd22,0x00000000
0x12f9f28c,0xe718e916,0xe718e916,0x00000000
0x12f9f294,0xef10f10e,0xef10f10e,0x00000000
0x12f9f29c,0xfb04ff00,0xfb04ff00,0x00000000
0x12f9f434,0x684b0002,0x684b0002,0x00000000
0x12f9f43c,0x000301a3,0x000301a3,0x00000000
0x12f9f454,0x001600d6,0x001600d6,0x00000000
0x12f9f45c,0x009cf684,0x009cf684,0x00000000
0x12f9f4dc,0x5ed00004,0x5ed00004,0x00000000
0x12f9f4ec,0x01c184bd,0x01c184bd,0x00000000
0x12f9f4f4,0xa12f0002,0xa12f0002,0x00000000
0x12f9f4fc,0x000201c4,0x000201c4,0x00000000
0x12f9fa04,0x047e047e,0x047e047e,0x00000000
0x12f9fa0c,0x04820113,0x04820113,0x00000000
0x12f9fa44,0x2714d66b,0x2714d66b,0x00000000
0x12f9fa4c,0xffffffff,0xffffffff,0x00000000
0x12f9fa5c,0x2898dec9,0x2898dec9,0x00000000
0x12f9fa6c,0xb95f1dca,0xb95f1dca,0x00000000
0x12f9fa74,0x19638ac7,0x19638ac7,0x00000000
0x12f9fa8c,0x08bf2edc,0x08bf2edc,0x00000000
0x12f9faac,0x04a704a7,0x04a704a7,0x00000000
0x12f9fab4,0x046f0115,0x046f0115,0x00000000
0x12f9fabc,0x0114047d,0x0114047d,0x00000000
0x12f9facc,0x047f0114,0x047f0114,0x00000000
0x12f9fad4,0x0114047f,0x0114047f,0x00000000
0x12f9fb74,0x019d0314,0x019d0314,0x00000000
0x12fa25b4,0x51a651fd,0x51a651fd,0x00000000
0x12fa3274,0x434043c0,0x434043c0,0x00000000
0x12fa3fe4,0xba47bac6,0xba47bac6,0x00000000
0x12fa5234,0x0157163e,0x0157163e,0x00000000
0x12fa52fc,0x16340271,0x16340271,0x00000000
0x12fa635c,0xfff401e6,0xfff401e6,0x00000000
0x12fa637c,0x01e6fb26,0x01e6fb26,0x00000000
0x12fa639c,0xc083fff5,0xc083fff5,0x00000000
0x12fa63bc,0xfff401e6,0xfff401e6,0x00000000
0x12fa63dc,0x01e60114,0x01e60114,0x00000000
0x12fa63fc,0x0114fff5,0x0114fff5,0x00000000
0x12fa641c,0xfff301e6,0xfff301e6,0x00000000
0x12fa643c,0x01e60114,0x01e60114,0x00000000
0x12fa645c,0x0114fff6,0x0114fff6,0x00000000
0x12fa647c,0xfff401e6,0xfff401e6,0x00000000
0x12fa649c,0x01e60114,0x01e60114,0x00000000
0x12fa64dc,0x3fc440c3,0x3fc440c3,0x00000000
0x12fa64fc,0x53b055ae,0x53b055ae,0x00000000
0x12fae6d4,0x1b1b1b1b,0x1b1b1b1b,0x00000000
0x12faf00c,0x1b040404,0x1b040404,0x00000000
0x12faf014,0x18040404,0x18040404,0x00000000
0x12fc6dbc,0x408bb27a,0x408bb27a,0x00000000
0x12fc7dbc,0x3f800000,0x3f800000,0x00000000
0x12fd1e04,0x92fd2b89,0x92fd2b89,0x00000000
0x12fd1e24,0x92fd2b92,0x92fd2b92,0x00000000
0x12fd1ea4,0x92fd1efc,0x92fd1efc,0x00000000
0x12fd5354,0x00507269,0x00507269,0x00000000
0x12fd535c,0x546f706f,0x546f706f,0x00000000
0x12fd5364,0x004d6174,0x004d6174,0x00000000
0x12fd5b4c,0x08080808,0x08080808,0x00000000
0x12fdb964,0x92fdcbd4,0x92fdcbd4,0x00000000
0x12fdc89c,0x696c654e,0x696c654e,0x00000000
0x12fdc92c,0x656c4279,0x656c4279,0x00000000
0x12fdcea4,0x4086bfa3,0x4086bfa3,0x00000000
0x12fdd054,0x5f436f76,0x5f436f76,0x00000000
0x12fdd204,0x92fdf0cd,0x92fdf0cd,0x00000000
0x12fe00a4,0x92fe17b0,0x92fe17b0,0x00000000
0x12fe05c4,0x92fe198b,0x92fe198b,0x00000000
0x12fe0604,0x92fe19cd,0x92fe19cd,0x00000000
0x12fe08a4,0x92fe1a59,0x92fe1a59,0x00000000
0x12fe09a4,0x92fe1b20,0x92fe1b20,0x00000000
0x12fe0ba4,0x92fe1ac6,0x92fe1ac6,0x00000000
0x12fe12e4,0x92fe1c94,0x92fe1c94,0x00000000
0x12fe1384,0x92fe1d48,0x92fe1d48,0x00000000
0x12fe13c4,0x92fe1d88,0x92fe1d88,0x00000000
0x12fe4394,0xbf06bd6e,0xbf06bd6e,0x00000000
0x12fe43bc,0xc01d10d4,0xc01d10d4,0x00000000
0x12fe43cc,0x70686963,0x70686963,0x00000000
0x12fe43d4,0x74303100,0x74303100,0x00000000
0x12fe43dc,0x4078cfec,0x4078cfec,0x00000000
0x12fe43f4,0x5f636f6e,0x5f636f6e,0x00000000
0x12fe4b6c,0x01000000,0x01000000,0x00000000
0x12fe4b7c,0x92fc4be0,0x92fc4be0,0x00000000
0x12fe4b94,0x36ff4dfc,0x36ff4dfc,0x00000000
0x12fe4bb4,0x92fc4bc0,0x92fc4bc0,0x00000000
0x12fe4bbc,0x3c800000,0x3c800000,0x00000000
0x12fe4bdc,0x6000001f,0x6000001f,0x00000000
0x12fe53e4,0xc0679c01,0xc0679c01,0x00000000
0x12fe5b04,0x01010100,0x01010100,0x00000000
0x12fe5ba4,0x3f800000,0x3f800000,0x00000000
0x12fe5bc4,0x3f7fffff,0x3f7fffff,0x00000000
0x12fe8eac,0x92fe8ec0,0x92fe8ec0,0x00000000
0x12fe8eec,0x745f6d65,0x745f6d65,0x00000000
0x12ff4b64,0x92ff86c8,0x92ff86c8,0x00000000
0x12ff5d5c,0x3f800000,0x3f800000,0x00000000
0x12ff6674,0xb26e1800,0xb26e1800,0x00000000
0x12ff6a2c,0x40ad8f7d,0x40ad8f7d,0x00000000
0x12ff8f64,0x6567756c,0x6567756c,0x00000000
0x12ffcb4c,0x3f800000,0x3f800000,0x00000000
0x12ffd2b4,0x36e0330c,0x36e0330c,0x00000000
0x12ffd48c,0x3f800000,0x3f800000,0x00000000
0x12ffd4cc,0x3f800000,0x3f800000,0x00000000
0x12ffd774,0xb06bf88d,0xb06bf88d,0x00000000
0x12ffd954,0xaba82bd1,0xaba82bd1,0x00000000
0x12ffd974,0x36e0330c,0x36e0330c,0x00000000
0x13001454,0x64617264,0x64617264,0x00000000
0x1300145c,0x696f6e20,0x696f6e20,0x00000000
0x1300159c,0x807aacb8,0x807aacb8,0x00000000
0x1300549c,0x3f800000,0x3f800000,0x00000000
0x130059b0,0x010a0000,0x010a0000,0x00000000
0x13005b74,0x00ffff00,0x00ffff00,0x00000000
0x13005b7c,0x3e851eb8,0x3e851eb8,0x00000000
0x13005b88,0x3f800000,0x3f800000,0x00000000
0x13005b90,0x3f800000,0x3f800000,0x00000000
0x13005cb4,0x6f757472,0x6f757472,0x00000000
0x13005cb8,0x6f000000,0x6f000000,0x00000000
0x13005cf8,0x01000071,0x01000071,0x00000000
0x13005d18,0x93005d0c,0x93005d0c,0x00000000
0x13005d1c,0x807b4900,0x807b4900,0x00000000
0x13005d30,0x807b4900,0x807b4900,0x00000000
0x13005d78,0x696f6e73,0x696f6e73,0x00000000
0x13005e70,0x804f6088,0x804f6088,0x00000000
0x13005e74,0x6f707469,0x6f707469,0x00000000
0x13005e78,0x6f6e6f6e,0x6f6e6f6e,0x00000000
0x13005eb8,0x010000e4,0x010000e4,0x00000000
0x13005ecc,0x46524500,0x46524500,0x00000000
0x13005ed8,0x93005ecc,0x93005ecc,0x00000000
0x13005edc,0x807b4900,0x807b4900,0x00000000
0x13005ef0,0x807b4900,0x807b4900,0x00000000
0x13005f0c,0x93005f20,0x93005f20,0x00000000
0x13005f1c,0x804f60d8,0x804f60d8,0x00000000
0x13005f2c,0x2f736372,0x2f736372,0x00000000
0x13005f30,0x65656e73,0x65656e73,0x00000000
0x13005f34,0x2f6f7074,0x2f6f7074,0x00000000
0x13005f38,0x696f6e73,0x696f6e73,0x00000000
0x13005f3c,0x2f6f7074,0x2f6f7074,0x00000000
0x13006030,0x804f6088,0x804f6088,0x00000000
0x13006034,0x6f707469,0x6f707469,0x00000000
0x13006038,0x6f6e6f66,0x6f6e6f66,0x00000000
0x1300603c,0x66000000,0x66000000,0x00000000
0x13006078,0x01000000,0x01000000,0x00000000
0x1300608c,0x46524500,0x46524500,0x00000000
0x13006098,0x9300608c,0x9300608c,0x00000000
0x1300609c,0x807b4900,0x807b4900,0x00000000
0x130060b0,0x807b4900,0x807b4900,0x00000000
0x130060dc,0x804f60d8,0x804f60d8,0x00000000
0x130060e8,0x74656e64,0x74656e64,0x00000000
0x130060f0,0x65656e73,0x65656e73,0x00000000
0x130060f4,0x2f6f7074,0x2f6f7074,0x00000000
0x130060f8,0x696f6e73,0x696f6e73,0x00000000
0x130060fc,0x2f6f7074,0x2f6f7074,0x00000000
0x13006108,0x2e677232,0x2e677232,0x00000000
0x130061f0,0x804f6088,0x804f6088,0x00000000
0x130061f4,0x6f707469,0x6f707469,0x00000000
0x130061f8,0x6f6e686f,0x6f6e686f,0x00000000
0x130061fc,0x76657200,0x76657200,0x00000000
0x13006238,0x0100009d,0x0100009d,0x00000000
0x1300624c,0x46524540,0x46524540,0x00000000
0x13006258,0x9300624c,0x9300624c,0x00000000
0x1300625c,0x807b4900,0x807b4900,0x00000000
0x13006270,0x807b4900,0x807b4900,0x00000000
0x13006288,0x93006680,0x93006680,0x00000000
0x1300628c,0x93006820,0x93006820,0x00000000
0x13006290,0x930069c0,0x930069c0,0x00000000
0x13006294,0x93006b60,0x93006b60,0x00000000
0x13006298,0x93006d00,0x93006d00,0x00000000
0x1300629c,0x93006ea0,0x93006ea0,0x00000000
0x130062a8,0x93007380,0x93007380,0x00000000
0x130062ac,0x93007520,0x93007520,0x00000000
0x130062b0,0x930076c0,0x930076c0,0x00000000
0x130062b4,0x93007860,0x93007860,0x00000000
0x130062b8,0x93007a00,0x93007a00,0x00000000
0x130062bc,0x93007ba0,0x93007ba0,0x00000000
0x130062c8,0x93008080,0x93008080,0x00000000
0x130062cc,0x93008220,0x93008220,0x00000000
0x130062d0,0x930083c0,0x930083c0,0x00000000
0x130062d4,0x93008560,0x93008560,0x00000000
0x130062d8,0x93008700,0x93008700,0x00000000
0x130062dc,0x930088a0,0x930088a0,0x00000000
0x130062e8,0x93008d80,0x93008d80,0x00000000
0x130062ec,0x93008f20,0x93008f20,0x00000000
0x130062f0,0x930090c0,0x930090c0,0x00000000
0x130062f4,0x93009260,0x93009260,0x00000000
0x130062f8,0x93009400,0x93009400,0x00000000
0x130062fc,0x930095a0,0x930095a0,0x00000000
0x13006310,0x93006304,0x93006304,0x00000000
0x13006314,0x807b4900,0x807b4900,0x00000000
0x13006318,0x930715a0,0x930715a0,0x00000000
0x1300631c,0x9300624c,0x9300624c,0x00000000
0x13006330,0x807b4900,0x807b4900,0x00000000
0x13006350,0x3dcccccd,0x3dcccccd,0x00000000
0x13006354,0x3f800000,0x3f800000,0x00000000
0x13006358,0x3f800000,0x3f800000,0x00000000
0x1300635c,0x3f800000,0x3f800000,0x00000000
0x13006360,0x3f800000,0x3f800000,0x00000000
0x13006364,0x3f800000,0x3f800000,0x00000000
0x13006368,0x3f800000,0x3f800000,0x00000000
0x1300636c,0xbf800000,0xbf800000,0x00000000
0x13006370,0xbf800000,0xbf800000,0x00000000
0x13006374,0xbf800000,0xbf800000,0x00000000
0x13006378,0xbf800000,0xbf800000,0x00000000
0x13006394,0x804f60d8,0x804f60d8,0x00000000
0x13006398,0x00c6c043,0x00c6c043,0x00000000
0x1300639c,0x406764ae,0x406764ae,0x00000000
0x13006430,0x5374616e,0x5374616e,0x00000000
0x13006434,0x64617264,0x64617264,0x00000000
0x13006438,0x204f7074,0x204f7074,0x00000000
0x1300643c,0x696f6e20,0x696f6e20,0x00000000
0x130064c8,0x3f19999a,0x3f19999a,0x00000000
0x130064cc,0x3f800000,0x3f800000,0x00000000
0x130064d0,0x3f800000,0x3f800000,0x00000000
0x130064d4,0x3f800000,0x3f800000,0x00000000
0x130064d8,0x3f800000,0x3f800000,0x00000000
0x130064dc,0x3f666666,0x3f666666,0x00000000
0x130064e8,0x3f800000,0x3f800000,0x00000000
0x130064f4,0x93006508,0x93006508,0x00000000
0x1300650c,0x732f4761,0x732f4761,0x00000000
0x13006510,0x7a7a5265,0x7a7a5265,0x00000000
0x13006514,0x67756c61,0x67756c61,0x00000000
0x13006518,0x725f3335,0x725f3335,0x00000000
0x1300651c,0x2e666e74,0x2e666e74,0x00000000
0x13006570,0x807aa6e0,0x807aa6e0,0x00000000
0x1300657c,0x807aacb8,0x807aacb8,0x00000000
0x130065b8,0x65736865,0x65736865,0x00000000
0x130065cc,0x900d7970,0x900d7970,0x00000000
0x130065d4,0x807aacb8,0x807aacb8,0x00000000
0x130065d8,0x807aa778,0x807aa778,0x00000000
0x130065dc,0x807aacb8,0x807aacb8,0x00000000
0x13006630,0x807c3160,0x807c3160,0x00000000
0x13006638,0x3f800000,0x3f800000,0x00000000
0x1300663c,0x3f800000,0x3f800000,0x00000000
0x1300664c,0x3f800000,0x3f800000,0x00000000
0x13006650,0x3f800000,0x3f800000,0x00000000
0x13006654,0x3f800000,0x3f800000,0x00000000
0x13006658,0x3f800000,0x3f800000,0x00000000
0x1300665c,0x3f800000,0x3f800000,0x00000000
0x1300666c,0xc06e6666,0xc06e6666,0x00000000
0x13006670,0x3ed9999a,0x3ed9999a,0x00000000
0x13006674,0x40600000,0x40600000,0x00000000
0x13006678,0x3f800000,0x3f800000,0x00000000
0x1300667c,0x406e6666,0x406e6666,0x00000000
0x1300668c,0xc06e6666,0xc06e6666,0x00000000
0x13006690,0xbed9999a,0xbed9999a,0x00000000
0x13006694,0x40600000,0x40600000,0x00000000
0x13006698,0x3f800000,0x3f800000,0x00000000
0x1300669c,0x406e6666,0x406e6666,0x00000000
0x130066f4,0x3f800000,0x3f800000,0x00000000
0x13006708,0x3f800000,0x3f800000,0x00000000
0x1300671c,0x3f800000,0x3f800000,0x00000000
0x13006734,0x3f800000,0x3f800000,0x00000000
0x1300675c,0x3f800000,0x3f800000,0x00000000
0x13006778,0x3f800000,0x3f800000,0x00000000
0x1300677c,0xc0ad8f7d,0xc0ad8f7d,0x00000000
0x13006790,0xb26e1804,0xb26e1804,0x00000000
0x13006794,0x40c90fda,0x40c90fda,0x00000000
0x13006798,0x3f800001,0x3f800001,0x00000000
0x1300679c,0x3f800001,0x3f800001,0x00000000
0x130067b8,0x805331d8,0x805331d8,0x00000000
0x130067dc,0xc5ca519c,0xc5ca519c,0x00000000
0x130067e8,0x3fb4fd00,0x3fb4fd00,0x00000000
0x130067ec,0xc5ca599c,0xc5ca599c,0x00000000
0x130067f0,0xc59014bf,0xc59014bf,0x00000000
0x130067f4,0xc6554dd6,0xc6554dd6,0x00000000
0x130067f8,0x3f800000,0x3f800000,0x00000000
0x130067fc,0xc5ca499c,0xc5ca499c,0x00000000
0x13006808,0x3f800000,0x3f800000,0x00000000
0x13006810,0x010a0000,0x010a0000,0x00000000
0x13006814,0x00ffffa0,0x00ffffa0,0x00000000
0x1300681c,0x3e851eb8,0x3e851eb8,0x00000000
0x13006828,0x3f800000,0x3f800000,0x00000000
0x13006830,0x3f800000,0x3f800000,0x00000000
0x13006834,0x3f800000,0x3f800000,0x00000000
0x13006838,0x00010000,0x00010000,0x00000000
0x1300683c,0x3f800000,0x3f800000,0x00000000
0x1300684c,0x90f8a300,0x90f8a300,0x00000000
0x13006870,0x3f800000,0x3f800000,0x00000000
0x130068b4,0x3f800000,0x3f800000,0x00000000
0x130068c8,0x3f800000,0x3f800000,0x00000000
0x130068dc,0x3f800000,0x3f800000,0x00000000
0x130068f4,0x3f800000,0x3f800000,0x00000000
0x1300691c,0x3f800000,0x3f800000,0x00000000
0x13006938,0x3f800000,0x3f800000,0x00000000
0x1300693c,0xc0ad8f7d,0xc0ad8f7d,0x00000000
0x13006950,0xb26e180c,0xb26e180c,0x00000000
0x13006954,0x40c90fda,0x40c90fda,0x00000000
0x13006958,0x3f800001,0x3f800001,0x00000000
0x1300695c,0x3f800001,0x3f800001,0x00000000
0x13006978,0x805331d8,0x805331d8,0x00000000
0x1300699c,0xc583a1f2,0xc583a1f2,0x00000000
0x130069ac,0xc583a9f2,0xc583a9f2,0x00000000
0x130069b0,0xc52f63a7,0xc52f63a7,0x00000000
0x130069b4,0xc5f86732,0xc5f86732,0x00000000
0x130069b8,0x3f800000,0x3f800000,0x00000000
0x130069bc,0xc58399f2,0xc58399f2,0x00000000
0x130069d0,0x010a0000,0x010a0000,0x00000000
0x130069d4,0x00ffff00,0x00ffff00,0x00000000
0x130069dc,0x3e851eb8,0x3e851eb8,0x00000000
0x130069ec,0x3f800000,0x3f800000,0x00000000
0x130069f0,0x3f800000,0x3f800000,0x00000000
0x130069f4,0x3f800000,0x3f800000,0x00000000
0x130069f8,0x00010000,0x00010000,0x00000000
0x130069fc,0x3f800000,0x3f800000,0x00000000
0x13006a08,0x90f89fe0,0x90f89fe0,0x00000000
0x13006a0c,0x90f8a9a0,0x90f8a9a0,0x00000000
0x13006a30,0x3f800000,0x3f800000,0x00000000
0x13006a74,0x3f800000,0x3f800000,0x00000000
0x13006a9c,0x3f800000,0x3f800000,0x00000000
0x13006ab4,0x3f800000,0x3f800000,0x00000000
0x13006ac8,0x3f800000,0x3f800000,0x00000000
0x13006adc,0x3f800000,0x3f800000,0x00000000
0x13006ae8,0x0017dbe9,0x0017dbe9,0x00000000
0x13006af8,0x3f800000,0x3f800000,0x00000000
0x13006afc,0xc0ad8faa,0xc0ad8faa,0x00000000
0x13006b10,0xb26e180c,0xb26e180c,0x00000000
0x13006b14,0x40c90fda,0x40c90fda,0x00000000
0x13006b18,0x3f800001,0x3f800001,0x00000000
0x13006b1c,0x3f800001,0x3f800001,0x00000000
0x13006b28,0xffffffff,0xffffffff,0x00000000
0x13006b38,0x805331d8,0x805331d8,0x00000000
0x13006b5c,0x40793fe8,0x40793fe8,0x00000000
0x13006b60,0xbeccec00,0xbeccec00,0x00000000
0x13006b64,0x40400000,0x40400000,0x00000000
0x13006b68,0x407a8235,0x407a8235,0x00000000
0x13006b6c,0xb9f8c000,0xb9f8c000,0x00000000
0x13006b70,0xbf49055c,0xbf49055c,0x00000000
0x13006b74,0x40400000,0x40400000,0x00000000
0x13006b78,0x3f800000,0x3f800000,0x00000000
0x13006b7c,0x40f943cb,0x40f943cb,0x00000000
0x13006b88,0x3f800000,0x3f800000,0x00000000
0x13006b90,0x010a0000,0x010a0000,0x00000000
0x13006b94,0x00ffff00,0x00ffff00,0x00000000
0x13006b9c,0x3e851eb8,0x3e851eb8,0x00000000
0x13006bac,0x3f800000,0x3f800000,0x00000000
0x13006bb0,0x3f800000,0x3f800000,0x00000000
0x13006bb4,0x3f800000,0x3f800000,0x00000000
0x13006bb8,0x00010686,0x00010686,0x00000000
0x13006bbc,0x3f800000,0x3f800000,0x00000000
0x13006bcc,0x90fab540,0x90fab540,0x00000000
0x13006bf0,0x3f800000,0x3f800000,0x00000000
0x13006c34,0x3f800000,0x3f800000,0x00000000
0x13006c5c,0x3f800000,0x3f800000,0x00000000
0x13006c60,0x3f800000,0x3f800000,0x00000000
0x13006c74,0x3f800000,0x3f800000,0x00000000
0x13006c88,0x3f800000,0x3f800000,0x00000000
0x13006c9c,0x3f800000,0x3f800000,0x00000000
0x13006cb8,0x3f800000,0x3f800000,0x00000000
0x13006cbc,0xc0cb5d74,0xc0cb5d74,0x00000000
0x13006cd0,0xb26e180c,0xb26e180c,0x00000000
0x13006cd4,0x40c90fda,0x40c90fda,0x00000000
0x13006cd8,0x3f800001,0x3f800001,0x00000000
0x13006cdc,0x3f800001,0x3f800001,0x00000000
0x13006cf8,0x805331d8,0x805331d8,0x00000000
0x13006d1c,0x3f265df7,0x3f265df7,0x00000000
0x13006d28,0x3f7f0e81,0x3f7f0e81,0x00000000
0x13006d2c,0xb906f000,0xb906f000,0x00000000
0x13006d30,0xbfc18c57,0xbfc18c57,0x00000000
0x13006d34,0x40200000,0x40200000,0x00000000
0x13006d38,0x3f800000,0x3f800000,0x00000000
0x13006d3c,0x3fa6622e,0x3fa6622e,0x00000000
0x13006d48,0x3f800000,0x3f800000,0x00000000
0x13006d50,0x010a0000,0x010a0000,0x00000000
0x13006d54,0x00ffffd8,0x00ffffd8,0x00000000
0x13006d5c,0x3e851eb8,0x3e851eb8,0x00000000
0x13006d68,0x3f800000,0x3f800000,0x00000000
0x13006d70,0x3f800000,0x3f800000,0x00000000
0x13006d74,0x3f800000,0x3f800000,0x00000000
0x13006d78,0x00013069,0x00013069,0x00000000
0x13006d7c,0x3f800000,0x3f800000,0x00000000
0x13006d88,0x90fabb80,0x90fabb80,0x00000000
0x13006db0,0x3f800000,0x3f800000,0x00000000
0x13006df4,0x3f800000,0x3f800000,0x00000000
0x13006e1c,0x3f800000,0x3f800000,0x00000000
0x13006e34,0x3f800000,0x3f800000,0x00000000
0x13006e5c,0x3f800000,0x3f800000,0x00000000
0x13006e78,0x3f800000,0x3f800000,0x00000000
0x13006e7c,0xc0ad8f7d,0xc0ad8f7d,0x00000000
0x13006e90,0xb26e180c,0xb26e180c,0x00000000
0x13006e94,0x40c90fda,0x40c90fda,0x00000000
0x13006e98,0x3f800001,0x3f800001,0x00000000
0x13006e9c,0x3f800001,0x3f800001,0x00000000
0x13006ea8,0xffffffff,0xffffffff,0x00000000
0x13006eb8,0x805331d8,0x805331d8,0x00000000
0x13006edc,0x40793fe8,0x40793fe8,0x00000000
0x13006eec,0xb9f8c000,0xb9f8c000,0x00000000
0x13006ef0,0xbf490551,0xbf490551,0x00000000
0x13006ef4,0x40000000,0x40000000,0x00000000
0x13006ef8,0x3f800000,0x3f800000,0x00000000
0x13006efc,0x40f943cb,0x40f943cb,0x00000000
0x13006f10,0x010a0000,0x010a0000,0x00000000
0x13006f14,0x00ffff58,0x00ffff58,0x00000000
0x13006f1c,0x3e851eb8,0x3e851eb8,0x00000000
0x13006f2c,0x3f800000,0x3f800000,0x00000000
0x13006f30,0x3f800000,0x3f800000,0x00000000
0x13006f34,0x3f800000,0x3f800000,0x00000000
0x13006f38,0x0001774c,0x0001774c,0x00000000
0x13006f3c,0x3f800000,0x3f800000,0x00000000
0x13006f4c,0x90fabaa0,0x90fabaa0,0x00000000
0x13006fb4,0x3f800000,0x3f800000,0x00000000
0x13006ff4,0x3f800000,0x3f800000,0x00000000
0x13007008,0x3f800000,0x3f800000,0x00000000
0x1300701c,0x3f800000,0x3f800000,0x00000000
0x13007024,0x934e75f0,0x934e75f0,0x00000000
0x130070c4,0x3f800000,0x3f800000,0x00000000
0x13007104,0x92fe78c0,0x92fe78c0,0x00000000
0x13007204,0xc0448045,0xc0448045,0x00000000
0x13007264,0x40448044,0x40448044,0x00000000
0x130072c4,0x92fe8120,0x92fe8120,0x00000000
0x13007334,0x3f800000,0x3f800000,0x00000000
0x13007348,0x3f800000,0x3f800000,0x00000000
0x1300735c,0x3f800000,0x3f800000,0x00000000
0x13007374,0x3f800000,0x3f800000,0x00000000
0x13007388,0x3f800000,0x3f800000,0x00000000
0x1300739c,0x3f800000,0x3f800000,0x00000000
0x130073a8,0x00800000,0x00800000,0x00000000
0x130073b8,0x3f800000,0x3f800000,0x00000000
0x130073bc,0xc097bd55,0xc097bd55,0x00000000
0x130073cc,0x34000000,0x34000000,0x00000000
0x130073d4,0x4096cbe4,0x4096cbe4,0x00000000
0x130073d8,0x3f800000,0x3f800000,0x00000000
0x130073dc,0x3f800000,0x3f800000,0x00000000
0x130073e8,0xffffffff,0xffffffff,0x00000000
0x130073f8,0x805331d8,0x805331d8,0x00000000
0x13007428,0x3eb4579b,0x3eb4579b,0x00000000
0x1300742c,0xbe308138,0xbe308138,0x00000000
0x13007430,0xbe9d452c,0xbe9d452c,0x00000000
0x13007434,0x40448044,0x40448044,0x00000000
0x13007438,0x3f800000,0x3f800000,0x00000000
0x1300743c,0x3e308138,0x3e308138,0x00000000
0x13007450,0x010a0000,0x010a0000,0x00000000
0x13007454,0x00ffff08,0x00ffff08,0x00000000
0x1300745c,0x3e851eb8,0x3e851eb8,0x00000000
0x13007468,0x3f800000,0x3f800000,0x00000000
0x13007470,0x3f800000,0x3f800000,0x00000000
0x13007474,0x3f800000,0x3f800000,0x00000000
0x13007478,0x0001c005,0x0001c005,0x00000000
0x1300747c,0x3f800000,0x3f800000,0x00000000
0x1300748c,0x92fe8a20,0x92fe8a20,0x00000000
0x130074b0,0x3f800000,0x3f800000,0x00000000
0x130074f4,0x3f800000,0x3f800000,0x00000000
0x1300751c,0x3f800000,0x3f800000,0x00000000
0x13007534,0x3f800000,0x3f800000,0x00000000
0x13007548,0x3f800000,0x3f800000,0x00000000
0x13007578,0x3f800000,0x3f800000,0x00000000
0x1300847c,0x3e851eb8,0x3e851eb8,0x00000000
0x13008788,0xffffffff,0xffffffff,0x00000000
0x1300a1dc,0x3f800000,0x3f800000,0x00000000
0x1300a210,0x9300a340,0x9300a340,0x00000000
0x1300a21c,0x9300b6ac,0x9300b6ac,0x00000000
0x1300a240,0x9300b6f8,0x9300b6f8,0x00000000
0x1300a4b0,0x3f6224cc,0x3f6224cc,0x00000000
0x1300a580,0x9300a3a0,0x9300a3a0,0x00000000
0x1300a638,0x9300ae50,0x9300ae50,0x00000000
0x1300a63c,0x9300b8e0,0x9300b8e0,0x00000000
0x1300a648,0x9300a340,0x9300a340,0x00000000
0x1300a650,0x9300b90c,0x9300b90c,0x00000000
0x1300a688,0x9300a340,0x9300a340,0x00000000
0x1300a690,0x9300b98c,0x9300b98c,0x00000000
0x1300a698,0x9300ae50,0x9300ae50,0x00000000
0x1300a69c,0x9300b9a0,0x9300b9a0,0x00000000
0x1300a6ac,0x9300b6ac,0x9300b6ac,0x00000000
0x1300a6b0,0x9300b9cc,0x9300b9cc,0x00000000
0x1300a6b8,0x9300ae50,0x9300ae50,0x00000000
0x1300a6bc,0x9300b9d8,0x9300b9d8,0x00000000
0x1300a6cc,0x9300b6ac,0x9300b6ac,0x00000000
0x1300a6d0,0x9300b9f4,0x9300b9f4,0x00000000
0x1300a6d8,0x9300ae50,0x9300ae50,0x00000000
0x1300a6dc,0x9300ba04,0x9300ba04,0x00000000
0x1300a6e8,0x9300a340,0x9300a340,0x00000000
0x1300a6ec,0x9300b6ac,0x9300b6ac,0x00000000
0x1300a6f0,0x9300ba20,0x9300ba20,0x00000000
0x1300a6f8,0x9300ae50,0x9300ae50,0x00000000
0x1300a6fc,0x9300ba30,0x9300ba30,0x00000000
0x1300a700,0x9300a340,0x9300a340,0x00000000
0x1300a704,0x9300b6a8,0x9300b6a8,0x00000000
0x1300a708,0x9300a340,0x9300a340,0x00000000
0x1300a70c,0x9300b6ac,0x9300b6ac,0x00000000
0x1300a710,0x9300ba4c,0x9300ba4c,0x00000000
0x1300a718,0x9300ae50,0x9300ae50,0x00000000
0x1300a71c,0x9300ba5c,0x9300ba5c,0x00000000
0x1300a728,0x9300a340,0x9300a340,0x00000000
0x1300a72c,0x9300b6ac,0x9300b6ac,0x00000000
0x1300a730,0x9300ba78,0x9300ba78,0x00000000
0x1300a738,0x9300ae50,0x9300ae50,0x00000000
0x1300a73c,0x9300ba88,0x9300ba88,0x00000000
0x1300a748,0x9300a340,0x9300a340,0x00000000
0x1300a74c,0x9300b6ac,0x9300b6ac,0x00000000
0x1300a750,0x9300baa4,0x9300baa4,0x00000000
0x1300a758,0x9300ae50,0x9300ae50,0x00000000
0x1300a75c,0x9300bab4,0x9300bab4,0x00000000
0x1300a76c,0x9300b6ac,0x9300b6ac,0x00000000
0x1300a778,0x9300ae50,0x9300ae50,0x00000000
0x1300a77c,0x9300bae0,0x9300bae0,0x00000000
0x1300a7a4,0x9300bb2c,0x9300bb2c,0x00000000
0x1300a7a8,0x9300a340,0x9300a340,0x00000000
0x1300a7ac,0x9300b6ac,0x9300b6ac,0x00000000
0x1300a7b8,0x9300ae50,0x9300ae50,0x00000000
0x1300a7bc,0x9300bb54,0x9300bb54,0x00000000
0x1300a7d8,0x9300ae50,0x9300ae50,0x00000000
0x1300a7dc,0x9300bb98,0x9300bb98,0x00000000
0x1300a7e8,0x9300a340,0x9300a340,0x00000000
0x1300a7ec,0x9300b6ac,0x9300b6ac,0x00000000
0x1300a7f0,0x9300bbc4,0x9300bbc4,0x00000000
0x1300a7f8,0x9300ae50,0x9300ae50,0x00000000
0x1300a7fc,0x9300bbdc,0x9300bbdc,0x00000000
0x1300a808,0x9300a340,0x9300a340,0x00000000
0x1300a838,0x9300ae50,0x9300ae50,0x00000000
0x1300a850,0x9300bc90,0x9300bc90,0x00000000
0x1300a870,0x9300bcd4,0x9300bcd4,0x00000000
0x1300a878,0x9300ae50,0x9300ae50,0x00000000
0x1300a87c,0x9300bce0,0x9300bce0,0x00000000
0x1300a89c,0x9300bd1c,0x9300bd1c,0x00000000
0x1300a8b8,0x9300ae50,0x9300ae50,0x00000000
0x1300a8bc,0x9300bd58,0x9300bd58,0x00000000
0x1300a8e8,0x9300a340,0x9300a340,0x00000000
0x1300a8ec,0x9300b6ac,0x9300b6ac,0x00000000
0x1300a8f8,0x9300ae50,0x9300ae50,0x00000000
0x1300a8fc,0x9300bdd0,0x9300bdd0,0x00000000
0x1300a90c,0x9300b6ac,0x9300b6ac,0x00000000
0x1300a910,0x9300bdfc,0x9300bdfc,0x00000000
0x1300a918,0x9300ae50,0x9300ae50,0x00000000
0x1300a91c,0x9300be0c,0x9300be0c,0x00000000
0x1300a92c,0x9300b6ac,0x9300b6ac,0x00000000
0x1300a930,0x9300be38,0x9300be38,0x00000000
0x1300a938,0x9300ae50,0x9300ae50,0x00000000
0x1300a93c,0x9300be48,0x9300be48,0x00000000
0x1300a948,0x9300a340,0x9300a340,0x00000000
0x1300a94c,0x9300b6ac,0x9300b6ac,0x00000000
0x1300a950,0x9300be74,0x9300be74,0x00000000
0x1300a958,0x9300ae50,0x9300ae50,0x00000000
0x1300a95c,0x9300be84,0x9300be84,0x00000000
0x1300a96c,0x9300b6ac,0x9300b6ac,0x00000000
0x1300a970,0x9300beb0,0x9300beb0,0x00000000
0x1300a978,0x9300ae50,0x9300ae50,0x00000000
0x1300a97c,0x9300bec0,0x9300bec0,0x00000000
0x1300a98c,0x9300b6ac,0x9300b6ac,0x00000000
0x1300a990,0x9300bedc,0x9300bedc,0x00000000
0x1300a998,0x9300ae50,0x9300ae50,0x00000000
0x1300a99c,0x9300beec,0x9300beec,0x00000000
0x1300a9ac,0x9300b6ac,0x9300b6ac,0x00000000
0x1300a9b0,0x9300bf08,0x9300bf08,0x00000000
0x1300a9b8,0x9300ae50,0x9300ae50,0x00000000
0x1300a9bc,0x9300bf18,0x9300bf18,0x00000000
0x1300a9cc,0x9300b6ac,0x9300b6ac,0x00000000
0x1300a9d0,0x9300bf34,0x9300bf34,0x00000000
0x1300a9d8,0x9300ae50,0x9300ae50,0x00000000
0x1300a9dc,0x9300bf44,0x9300bf44,0x00000000
0x1300a9ec,0x9300b6ac,0x9300b6ac,0x00000000
0x1300a9f0,0x9300bf60,0x9300bf60,0x00000000
0x1300a9f8,0x9300ae50,0x9300ae50,0x00000000
0x1300a9fc,0x9300bf70,0x9300bf70,0x00000000
0x1300aa0c,0x9300b6ac,0x9300b6ac,0x00000000
0x1300aa10,0x9300bf8c,0x9300bf8c,0x00000000
0x1300aa18,0x9300ae50,0x9300ae50,0x00000000
0x1300aa1c,0x9300bf9c,0x9300bf9c,0x00000000
0x1300aa30,0x9300bfb8,0x9300bfb8,0x00000000
0x1300aa38,0x9300ae50,0x9300ae50,0x00000000
0x1300aa3c,0x9300bfc8,0x9300bfc8,0x00000000
0x1300aa50,0x9300bfe4,0x9300bfe4,0x00000000
0x1300aa58,0x9300ae50,0x9300ae50,0x00000000
0x1300aa5c,0x9300bff4,0x9300bff4,0x00000000
0x1300aa70,0x9300c020,0x9300c020,0x00000000
0x1300aa78,0x9300ae50,0x9300ae50,0x00000000
0x1300aa7c,0x9300c030,0x9300c030,0x00000000
0x1300aa88,0x9300a340,0x9300a340,0x00000000
0x1300aa8c,0x9300b6ac,0x9300b6ac,0x00000000
0x1300aa90,0x9300c05c,0x9300c05c,0x00000000
0x1300aa98,0x9300ae50,0x9300ae50,0x00000000
0x1300aa9c,0x9300c06c,0x9300c06c,0x00000000
0x1300aaa8,0x9300a340,0x9300a340,0x00000000
0x1300aaac,0x9300b6ac,0x9300b6ac,0x00000000
0x1300aab0,0x9300c098,0x9300c098,0x00000000
0x1300aab8,0x9300ae50,0x9300ae50,0x00000000
0x1300aabc,0x9300c0a8,0x9300c0a8,0x00000000
0x1300aac8,0x9300a340,0x9300a340,0x00000000
0x1300aacc,0x9300b6ac,0x9300b6ac,0x00000000
0x1300aad0,0x9300c0d4,0x9300c0d4,0x00000000
0x1300aad8,0x9300ae50,0x9300ae50,0x00000000
0x1300aadc,0x9300c0e4,0x9300c0e4,0x00000000
0x1300aae8,0x9300a340,0x9300a340,0x00000000
0x1300aaec,0x9300b6ac,0x9300b6ac,0x00000000
0x1300aaf0,0x9300c110,0x9300c110,0x00000000
0x1300aaf8,0x9300ae50,0x9300ae50,0x00000000
0x1300aafc,0x9300c120,0x9300c120,0x00000000
0x1300ab08,0x9300a340,0x9300a340,0x00000000
0x1300ab0c,0x9300b6ac,0x9300b6ac,0x00000000
0x1300ab10,0x9300c14c,0x9300c14c,0x00000000
0x1300ab18,0x9300ae50,0x9300ae50,0x00000000
0x1300ab1c,0x9300c15c,0x9300c15c,0x00000000
0x1300ab2c,0x9300b6ac,0x9300b6ac,0x00000000
0x1300ab30,0x9300c188,0x9300c188,0x00000000
0x1300ab38,0x9300ae50,0x9300ae50,0x00000000
0x1300ab3c,0x9300c19c,0x9300c19c,0x00000000
0x1300ab48,0x9300a340,0x9300a340,0x00000000
0x1300ab4c,0x9300b6ac,0x9300b6ac,0x00000000
0x1300ab50,0x9300c1b8,0x9300c1b8,0x00000000
0x1300ab58,0x9300ae50,0x9300ae50,0x00000000
0x1300ab5c,0x9300c1d0,0x9300c1d0,0x00000000
0x1300ab68,0x9300a340,0x9300a340,0x00000000
0x1300ab70,0x9300c1ec,0x9300c1ec,0x00000000
0x1300ab78,0x9300ae50,0x9300ae50,0x00000000
0x1300ab7c,0x9300c204,0x9300c204,0x00000000
0x1300ab88,0x9300a340,0x9300a340,0x00000000
0x1300ab90,0x9300c220,0x9300c220,0x00000000
0x1300ab98,0x9300ae50,0x9300ae50,0x00000000
0x1300ab9c,0x9300c238,0x9300c238,0x00000000
0x1300abb8,0x9300ae50,0x9300ae50,0x00000000
0x1300abbc,0x9300c26c,0x9300c26c,0x00000000
0x1300abc8,0x9300a340,0x9300a340,0x00000000
0x1300abd0,0x9300c288,0x9300c288,0x00000000
0x1300abdc,0x9300c2a0,0x9300c2a0,0x00000000
0x1300abec,0x9300b6ac,0x9300b6ac,0x00000000
0x1300abf0,0x9300c2bc,0x9300c2bc,0x00000000
0x1300abf8,0x9300ae50,0x9300ae50,0x00000000
0x1300abfc,0x9300c2d4,0x9300c2d4,0x00000000
0x1300ac00,0x9300a340,0x9300a340,0x00000000
0x1300ac04,0x9300b6a8,0x9300b6a8,0x00000000
0x1300ac08,0x9300a340,0x9300a340,0x00000000
0x1300ac0c,0x9300b6ac,0x9300b6ac,0x00000000
0x1300ac10,0x9300c2f0,0x9300c2f0,0x00000000
0x1300ac28,0x9300a340,0x9300a340,0x00000000
0x1300ac30,0x9300c330,0x9300c330,0x00000000
0x1300ac38,0x9300ae50,0x9300ae50,0x00000000
0x1300ac48,0x9300a340,0x9300a340,0x00000000
0x1300ac4c,0x9300b6ac,0x9300b6ac,0x00000000
0x1300ac50,0x9300c370,0x9300c370,0x00000000
0x1300ac58,0x9300ae50,0x9300ae50,0x00000000
0x1300ac5c,0x9300c380,0x9300c380,0x00000000
0x1300ace4,0x9300c52c,0x9300c52c,0x00000000
0x1300ae24,0x9300c7d0,0x9300c7d0,0x00000000
0x1300af54,0x9300c3d1,0x9300c3d1,0x00000000
0x1300af74,0x9300b772,0x9300b772,0x00000000
0x1300af78,0x9300afb0,0x9300afb0,0x00000000
0x1300afb4,0x9300c3e0,0x9300c3e0,0x00000000
0x1300aff4,0x3eaaaaab,0x3eaaaaab,0x00000000
0x1300aff8,0x3bb60b61,0x3bb60b61,0x00000000
0x1300affc,0x40c00000,0x40c00000,0x00000000
0x1300b00c,0x204c4011,0x204c4011,0x00000000
0x1300b010,0x4ff35fd5,0x4ff35fd5,0x00000000
0x1300b014,0x6fb77f99,0x6fb77f99,0x00000000
0x1300b018,0x8f7c9f5e,0x8f7c9f5e,0x00000000
0x1300b01c,0xaf3fbf22,0xaf3fbf22,0x00000000
0x1300b020,0xcf05dee6,0xcf05dee6,0x00000000
0x1300b024,0xeec8feab,0xeec8feab,0x00000000
0x1300b028,0x87870000,0x87870000,0x00000000
0x1300b02c,0x77775a5a,0x77775a5a,0x00000000
0x1300b030,0x0118ffff,0x0118ffff,0x00000000
0x1300b034,0x96962b17,0x96962b17,0x00000000
0x1300b038,0x22228787,0x22228787,0x00000000
0x1300b03c,0x5b34dddd,0x5b34dddd,0x00000000
0x1300b04c,0x5a5abf52,0x5a5abf52,0x00000000
0x1300b050,0x99997878,0x99997878,0x00000000
0x1300b054,0xdb674444,0xdb674444,0x00000000
0x1300b058,0x7878f0ed,0x7878f0ed,0x00000000
0x1300b05c,0x99999696,0x99999696,0x00000000
0x1300b06c,0xff880000,0xff880000,0x00000000
0x1300b070,0xe1e1ffb9,0xe1e1ffb9,0x00000000
0x1300b074,0xdddd0000,0xdddd0000,0x00000000
0x1300b078,0xffa32222,0xffa32222,0x00000000
0x1300b07c,0xffffffaf,0xffffffaf,0x00000000
0x1300b088,0x41727454,0x41727454,0x00000000
0x1300b090,0x6e666f00,0x6e666f00,0x00000000
0x1300b094,0x46726f6d,0x46726f6d,0x00000000
0x1300b098,0x41727454,0x41727454,0x00000000
0x1300b09c,0x6f6f6c4e,0x6f6f6c4e,0x00000000
0x1300b0a8,0x6f6f6c4d,0x6f6f6c4d,0x00000000
0x1300b0b0,0x52657669,0x52657669,0x00000000
0x1300b0b4,0x73696f6e,0x73696f6e,0x00000000
0x1300b0b8,0x00417274,0x00417274,0x00000000
0x1300b0bc,0x546f6f6c,0x546f6f6c,0x00000000
0x1300b0cc,0x6e004172,0x6e004172,0x00000000
0x1300b0d0,0x74546f6f,0x74546f6f,0x00000000
0x1300b0d4,0x6c506f69,0x6c506f69,0x00000000
0x1300b0d8,0x6e746572,0x6e746572,0x00000000
0x1300b0dc,0x53697a65,0x53697a65,0x00000000
0x1300b0e8,0x724d6574,0x724d6574,0x00000000
0x1300b0ec,0x6572004f,0x6572004f,0x00000000
0x1300b0f0,0x72696769,0x72696769,0x00000000
0x1300b0f4,0x6e005269,0x6e005269,0x00000000
0x1300b0f8,0x67687456,0x67687456,0x00000000
0x1300b0fc,0x6563746f,0x6563746f,0x00000000
0x1300b10c,0x61636b56,0x61636b56,0x00000000
0x1300b110,0x6563746f,0x6563746f,0x00000000
0x1300b114,0x72004578,0x72004578,0x00000000
0x1300b118,0x74656e64,0x74656e64,0x00000000
0x1300b11c,0x65644461,0x65644461,0x00000000
0x1300b128,0x74657249,0x74657249,0x00000000
0x1300b12c,0x6e666f00,0x6e666f00,0x00000000
0x1300b130,0x4578706f,0x4578706f,0x00000000
0x1300b134,0x72746572,0x72746572,0x00000000
0x1300b138,0x4e616d65,0x4e616d65,0x00000000
0x1300b13c,0x00457870,0x00457870,0x00000000
0x1300b148,0x6f725265,0x6f725265,0x00000000
0x1300b14c,0x76697369,0x76697369,0x00000000
0x1300b150,0x6f6e0045,0x6f6e0045,0x00000000
0x1300b154,0x78706f72,0x78706f72,0x00000000
0x1300b158,0x7465724d,0x7465724d,0x00000000
0x1300b15c,0x696e6f72,0x696e6f72,0x00000000
0x1300b16c,0x6f727465,0x6f727465,0x00000000
0x1300b170,0x72437573,0x72437573,0x00000000
0x1300b174,0x746f6d69,0x746f6d69,0x00000000
0x1300b178,0x7a617469,0x7a617469,0x00000000
0x1300b17c,0x6f6e0045,0x6f6e0045,0x00000000
0x1300b188,0x75696c64,0x75696c64,0x00000000
0x1300b190,0x65720046,0x65720046,0x00000000
0x1300b194,0x726f6d46,0x726f6d46,0x00000000
0x1300b198,0x696c654e,0x696c654e,0x00000000
0x1300b19c,0x616d6500,0x616d6500,0x00000000
0x1300b1a8,0x00546578,0x00546578,0x00000000
0x1300b1b0,0x54797065,0x54797065,0x00000000
0x1300b1b4,0x00576964,0x00576964,0x00000000
0x1300b1b8,0x74680048,0x74680048,0x00000000
0x1300b1bc,0x65696768,0x65696768,0x00000000
0x1300b1c8,0x6e670053,0x6e670053,0x00000000
0x1300b1cc,0x7562466f,0x7562466f,0x00000000
0x1300b1d0,0x726d6174,0x726d6174,0x00000000
0x1300b1d4,0x004c6179,0x004c6179,0x00000000
0x1300b1d8,0x6f757400,0x6f757400,0x00000000
0x1300b1dc,0x42797465,0x42797465,0x00000000
0x1300b1ec,0x69667446,0x69667446,0x00000000
0x1300b1f0,0x6f72436f,0x6f72436f,0x00000000
0x1300b1f4,0x6d706f6e,0x6d706f6e,0x00000000
0x1300b1f8,0x656e7400,0x656e7400,0x00000000
0x1300b1fc,0x42697473,0x42697473,0x00000000
0x1300b208,0x6e656e74,0x6e656e74,0x00000000
0x1300b20c,0x00496d61,0x00496d61,0x00000000
0x1300b210,0x67657300,0x67657300,0x00000000
0x1300b214,0x4d49504c,0x4d49504c,0x00000000
0x1300b218,0x6576656c,0x6576656c,0x00000000
0x1300b21c,0x73005374,0x73005374,0x00000000
0x1300b22c,0x74657300,0x74657300,0x00000000
0x1300b230,0x55496e74,0x55496e74,0x00000000
0x1300b234,0x38004d61,0x38004d61,0x00000000
0x1300b238,0x74657269,0x74657269,0x00000000
0x1300b23c,0x616c7300,0x616c7300,0x00000000
0x1300b24c,0x61676500,0x61676500,0x00000000
0x1300b250,0x4d617000,0x4d617000,0x00000000
0x1300b254,0x54657874,0x54657874,0x00000000
0x1300b258,0x75726500,0x75726500,0x00000000
0x1300b25c,0x536b656c,0x536b656c,0x00000000
0x1300b260,0x65746f6e,0x65746f6e,0x00000000
0x1300b264,0x7300426f,0x7300426f,0x00000000
0x1300b268,0x6e657300,0x6e657300,0x00000000
0x1300b26c,0x50617265,0x50617265,0x00000000
0x1300b270,0x6e74496e,0x6e74496e,0x00000000
0x1300b274,0x64657800,0x64657800,0x00000000
0x1300b278,0x5472616e,0x5472616e,0x00000000
0x1300b27c,0x73666f72,0x73666f72,0x00000000
0x1300b288,0x65576f72,0x65576f72,0x00000000
0x1300b28c,0x6c645472,0x6c645472,0x00000000
0x1300b290,0x616e7366,0x616e7366,0x00000000
0x1300b294,0x6f726d00,0x6f726d00,0x00000000
0x1300b298,0x4c4f4445,0x4c4f4445,0x00000000
0x1300b29c,0x72726f72,0x72726f72,0x00000000
0x1300b2a0,0x004c4f44,0x004c4f44,0x00000000
0x1300b2a4,0x54797065,0x54797065,0x00000000
0x1300b2a8,0x00566572,0x00566572,0x00000000
0x1300b2ac,0x74657844,0x74657844,0x00000000
0x1300b2b0,0x61746173,0x61746173,0x00000000
0x1300b2b4,0x00566572,0x00566572,0x00000000
0x1300b2b8,0x74696365,0x74696365,0x00000000
0x1300b2bc,0x73005665,0x73005665,0x00000000
0x1300f654,0x6c005368,0x6c005368,0x00000000
0x1300f658,0x69667446,0x69667446,0x00000000
0x1300f65c,0x6f72436f,0x6f72436f,0x00000000
0x1300f67c,0x67657300,0x67657300,0x00000000
0x1300f690,0x00506978,0x00506978,0x00000000
0x1300f6c8,0x536b656c,0x536b656c,0x00000000
0x1300f6cc,0x65746f6e,0x65746f6e,0x00000000
0x1300f6d0,0x7300426f,0x7300426f,0x00000000
0x1300f6d4,0x6e657300,0x6e657300,0x00000000
0x1300f6d8,0x50617265,0x50617265,0x00000000
0x1300f6dc,0x6e74496e,0x6e74496e,0x00000000
0x1300f6e8,0x73666f72,0x73666f72,0x00000000
0x1300f6ec,0x6d00496e,0x6d00496e,0x00000000
0x1300f6f0,0x76657273,0x76657273,0x00000000
0x1300f6f4,0x65576f72,0x65576f72,0x00000000
0x1300f6f8,0x6c645472,0x6c645472,0x00000000
0x1300f6fc,0x616e7366,0x616e7366,0x00000000
0x1300f708,0x72726f72,0x72726f72,0x00000000
0x1300f70c,0x004c4f44,0x004c4f44,0x00000000
0x1300f710,0x54797065,0x54797065,0x00000000
0x1300f714,0x00566572,0x00566572,0x00000000
0x1300f718,0x74657844,0x74657844,0x00000000
0x1300f71c,0x61746173,0x61746173,0x00000000
0x1300f720,0x00566572,0x00566572,0x00000000
0x1300f724,0x74696365,0x74696365,0x00000000
0x1300f728,0x73005665,0x73005665,0x00000000
0x1300f72c,0x72746578,0x72746578,0x00000000
0x1300f730,0x436f6d70,0x436f6d70,0x00000000
0x1300f734,0x6f6e656e,0x6f6e656e,0x00000000
0x1300f738,0x744e616d,0x744e616d,0x00000000
0x1300f73c,0x65730053,0x65730053,0x00000000
0x1300f748,0x72746578,0x72746578,0x00000000
0x1300f74c,0x416e6e6f,0x416e6e6f,0x00000000
0x1300f750,0x74617469,0x74617469,0x00000000
0x1300f754,0x6f6e5365,0x6f6e5365,0x00000000
0x1300f758,0x74730056,0x74730056,0x00000000
0x1300f75c,0x65727465,0x65727465,0x00000000
0x1300f768,0x696f6e73,0x696f6e73,0x00000000
0x1300f76c,0x00496e64,0x00496e64,0x00000000
0x1300f770,0x69636573,0x69636573,0x00000000
0x1300f774,0x4d617046,0x4d617046,0x00000000
0x1300f778,0x726f6d56,0x726f6d56,0x00000000
0x1300f77c,0x65727465,0x65727465,0x00000000
0x1300f788,0x6174696f,0x6174696f,0x00000000
0x1300f78c,0x6e005665,0x6e005665,0x00000000
0x1300f790,0x72746578,0x72746578,0x00000000
0x1300f794,0x416e6e6f,0x416e6e6f,0x00000000
0x1300f798,0x74617469,0x74617469,0x00000000
0x1300f79c,0x6f6e496e,0x6f6e496e,0x00000000
0x1300f7ac,0x54726954,0x54726954,0x00000000
0x1300f7b8,0x73004772,0x73004772,0x00000000
0x1300f7cc,0x65780054,0x65780054,0x00000000
0x1300f7d0,0x72694669,0x72694669,0x00000000
0x1300f7d4,0x72737400,0x72737400,0x00000000
0x1300f7dc,0x6f756e74,0x6f756e74,0x00000000
0x1300f7fc,0x74657854,0x74657854,0x00000000
0x1300f814,0x7269616e,0x7269616e,0x00000000
0x1300f818,0x676c654d,0x676c654d,0x00000000
0x1300f81c,0x61700053,0x61700053,0x00000000
0x1300f82c,0x724d6170,0x724d6170,0x00000000
0x1300f830,0x00426f6e,0x00426f6e,0x00000000
0x1300f834,0x6573466f,0x6573466f,0x00000000
0x1300f838,0x72547269,0x72547269,0x00000000
0x1300f83c,0x616e676c,0x616e676c,0x00000000
0x1300f848,0x6c65546f,0x6c65546f,0x00000000
0x1300f878,0x00496e64,0x00496e64,0x00000000
0x1300f890,0x74617469,0x74617469,0x00000000
0x1300f898,0x7269416e,0x7269416e,0x00000000
0x1300f89c,0x6e6f7461,0x6e6f7461,0x00000000
0x1300f8bc,0x72746578,0x72746578,0x00000000
0x1300f8dc,0x00566572,0x00566572,0x00000000
0x1300f8f4,0x00507269,0x00507269,0x00000000
0x1300f8f8,0x6d617279,0x6d617279,0x00000000
0x1300f8fc,0x546f706f,0x546f706f,0x00000000
0x1300f910,0x64696e67,0x64696e67,0x00000000
0x1300f914,0x73004d61,0x73004d61,0x00000000
0x1300f918,0x74657269,0x74657269,0x00000000
0x1300f93c,0x4f42424d,0x4f42424d,0x00000000
0x1300f94c,0x6e646963,0x6e646963,0x00000000
0x1300f950,0x6573004d,0x6573004d,0x00000000
0x1300f954,0x6f64656c,0x6f64656c,0x00000000
0x1300f958,0x7300536b,0x7300536b,0x00000000
0x1300f95c,0x656c6574,0x656c6574,0x00000000
0x1300f96c,0x6163656d,0x6163656d,0x00000000
0x1300f970,0x656e7400,0x656e7400,0x00000000
0x1300f974,0x4d657368,0x4d657368,0x00000000
0x1300f978,0x42696e64,0x42696e64,0x00000000
0x1300f97c,0x696e6773,0x696e6773,0x00000000
0x1300f988,0x61636b47,0x61636b47,0x00000000
0x1300f98c,0x726f7570,0x726f7570,0x00000000
0x1300f990,0x73005665,0x73005665,0x00000000
0x1300f994,0x63746f72,0x63746f72,0x00000000
0x1300f998,0x54726163,0x54726163,0x00000000
0x1300f99c,0x6b730054,0x6b730054,0x00000000
0x1300f9ac,0x6e73696f,0x6e73696f,0x00000000
0x1300f9b0,0x6e005661,0x6e005661,0x00000000
0x1300f9b4,0x6c756543,0x6c756543,0x00000000
0x1300f9b8,0x75727665,0x75727665,0x00000000
0x1300f9bc,0x00437572,0x00437572,0x00000000
0x1300f9cc,0x666f726d,0x666f726d,0x00000000
0x1300f9d0,0x54726163,0x54726163,0x00000000
0x1300f9d4,0x6b730046,0x6b730046,0x00000000
0x1300f9d8,0x6c616773,0x6c616773,0x00000000
0x1300f9dc,0x004f7269,0x004f7269,0x00000000
0x1300f9ec,0x6500506f,0x6500506f,0x00000000
0x1300f9f0,0x73697469,0x73697469,0x00000000
0x1300f9f4,0x6f6e4375,0x6f6e4375,0x00000000
0x1300f9f8,0x72766500,0x72766500,0x00000000
0x1300f9fc,0x5363616c,0x5363616c,0x00000000
0x1300fa0c,0x5472616e,0x5472616e,0x00000000
0x1300fa10,0x73666f72,0x73666f72,0x00000000
0x1300fa14,0x6d4c4f44,0x6d4c4f44,0x00000000
0x1300fa18,0x4572726f,0x4572726f,0x00000000
0x1300fa1c,0x72730052,0x72730052,0x00000000
0x1300fa2c,0x61636b73,0x61636b73,0x00000000
0x1300fa30,0x00456e74,0x00456e74,0x00000000
0x1300fa34,0x72696573,0x72696573,0x00000000
0x1300fa38,0x0054696d,0x0054696d,0x00000000
0x1300fa3c,0x65537461,0x65537461,0x00000000
0x1300fa4c,0x6d756c61,0x6d756c61,0x00000000
0x1300fa50,0x74696f6e,0x74696f6e,0x00000000
0x1300fa54,0x466c6167,0x466c6167,0x00000000
0x1300fa58,0x73004c6f,0x73004c6f,0x00000000
0x1300fa5c,0x6f705472,0x6f705472,0x00000000
0x1300fa6c,0x72696f64,0x72696f64,0x00000000
0x1300fa70,0x69634c6f,0x69634c6f,0x00000000
0x1300fa74,0x6f700052,0x6f700052,0x00000000
0x1300fa78,0x61646975,0x61646975,0x00000000
0x1300fa7c,0x73006441,0x73006441,0x00000000
0x1300fa8c,0x73580042,0x73580042,0x00000000
0x1300fa90,0x61736973,0x61736973,0x00000000
0x1300fa94,0x59004178,0x59004178,0x00000000
0x1300fa98,0x69730052,0x69730052,0x00000000
0x1300fa9c,0x6f6f744d,0x6f6f744d,0x00000000
0x1300faac,0x696f6e73,0x696f6e73,0x00000000
0x1300fab0,0x00447572,0x00447572,0x00000000
0x1300fab4,0x6174696f,0x6174696f,0x00000000
0x1300fab8,0x6e005469,0x6e005469,0x00000000
0x1300fabc,0x6d655374,0x6d655374,0x00000000
0x1300fac8,0x616d706c,0x616d706c,0x00000000
0x1300facc,0x696e6700,0x696e6700,0x00000000
0x1300fad0,0x9300ded8,0x9300ded8,0x00000000
0x1300fad4,0x526f6f74,0x526f6f74,0x00000000
0x1300fad8,0x00416c6c,0x00416c6c,0x00000000
0x1300fadc,0x5f736372,0x5f736372,0x00000000
0x1300fae8,0x6e730000,0x6e730000,0x00000000
0x1300faec,0x00446567,0x00446567,0x00000000
0x1300faf0,0x72656500,0x72656500,0x00000000
0x1300faf4,0x50616464,0x50616464,0x00000000
0x1300faf8,0x696e6700,0x696e6700,0x00000000
0x1300fafc,0x436f6e74,0x436f6e74,0x00000000
0x1300fb18,0x3f800000,0x3f800000,0x00000000
0x1300fb28,0xbfe01ce0,0xbfe01ce0,0x00000000
0x1300fb2c,0xbf523b40,0xbf523b40,0x00000000
0x1300fb34,0x03000000,0x03000000,0x00000000
0x1300fb3c,0x9300f140,0x9300f140,0x00000000
0x1300fb48,0x05000000,0x05000000,0x00000000
0x1300fb58,0x3f800000,0x3f800000,0x00000000
0x1300fb5c,0x04000000,0x04000000,0x00000000
0x1300fb68,0x3d420200,0x3d420200,0x00000000
0x1300fb6c,0x03000000,0x03000000,0x00000000
0x1300fb74,0x9300f164,0x9300f164,0x00000000
0x1300fb78,0x416c7068,0x416c7068,0x00000000
0x1300fb7c,0x61303100,0x61303100,0x00000000
0x1300fb90,0x3f800000,0x3f800000,0x00000000
0x1300fb94,0x04000000,0x04000000,0x00000000
0x1300fb98,0xc012f744,0xc012f744,0x00000000
0x1300fb9c,0xc1241440,0xc1241440,0x00000000
0x1300fbb0,0x43757273,0x43757273,0x00000000
0x1300fbb4,0x6f725f63,0x6f725f63,0x00000000
0x1300fbb8,0x6f6e7472,0x6f6e7472,0x00000000
0x1300fbbc,0x6f6c3031,0x6f6c3031,0x00000000
0x1300fbd4,0x3f800000,0x3f800000,0x00000000
0x1300fbd8,0x04000000,0x04000000,0x00000000
0x1300fbdc,0xc0dd6ff4,0xc0dd6ff4,0x00000000
0x1300fbe8,0x03000000,0x03000000,0x00000000
0x1300fbf0,0x9300f1ac,0x9300f1ac,0x00000000
0x1300fbf4,0x43757273,0x43757273,0x00000000
0x1300fbf8,0x6f725f63,0x6f725f63,0x00000000
0x1300fbfc,0x6f6e7472,0x6f6e7472,0x00000000
0x1300fc08,0x05000000,0x05000000,0x00000000
0x1300fc18,0x3f800000,0x3f800000,0x00000000
0x1300fc1c,0x04000000,0x04000000,0x00000000
0x1300fc28,0x3d007700,0x3d007700,0x00000000
0x1300fc2c,0x03000000,0x03000000,0x00000000
0x1300fc34,0x9300f1d0,0x9300f1d0,0x00000000
0x1300fc38,0x43757273,0x43757273,0x00000000
0x1300fc3c,0x6f725f63,0x6f725f63,0x00000000
0x1300fc4c,0x05000000,0x05000000,0x00000000
0x1300fc5c,0x3f800000,0x3f800000,0x00000000
0x1300fc6c,0x3d007700,0x3d007700,0x00000000
0x1300fc70,0x03000000,0x03000000,0x00000000
0x1300fc78,0x9300f1f4,0x9300f1f4,0x00000000
0x1300fc7c,0x43757273,0x43757273,0x00000000
0x1300fc90,0x05000000,0x05000000,0x00000000
0x1300fca8,0xc0dd6ff4,0xc0dd6ff4,0x00000000
0x1300fcac,0xc2f7dbf0,0xc2f7dbf0,0x00000000
0x1300fcb0,0x3d007700,0x3d007700,0x00000000
0x1300fcb4,0x03000000,0x03000000,0x00000000
0x1300fcbc,0x9300f218,0x9300f218,0x00000000
0x1300fcc8,0x6f6e7472,0x6f6e7472,0x00000000
0x1300fccc,0x6f6c3035,0x6f6c3035,0x00000000
0x1300fcd4,0x05000000,0x05000000,0x00000000
0x1300fce8,0x04000000,0x04000000,0x00000000
0x1300fcec,0xc0dd6ff4,0xc0dd6ff4,0x00000000
0x1300fcf0,0xc2f7dbf1,0xc2f7dbf1,0x00000000
0x1300fcf4,0x3d007700,0x3d007700,0x00000000
0x1300fcf8,0x03000000,0x03000000,0x00000000
0x1300fd08,0x6f725f63,0x6f725f63,0x00000000
0x1300fd0c,0x6f6e7472,0x6f6e7472,0x00000000
0x1300fd10,0x6f6c3036,0x6f6c3036,0x00000000
0x1300fd18,0x05000000,0x05000000,0x00000000
0x1300fd28,0x3f800000,0x3f800000,0x00000000
0x1300fd2c,0x04000000,0x04000000,0x00000000
0x1300fd30,0xc0dd6ff4,0xc0dd6ff4,0x00000000
0x1300fd34,0xc2f7dbf2,0xc2f7dbf2,0x00000000
0x1300fd38,0x3d007700,0x3d007700,0x00000000
0x1300fd3c,0x03000000,0x03000000,0x00000000
0x1300fd48,0x43757273,0x43757273,0x00000000
0x1300fd4c,0x6f725f63,0x6f725f63,0x00000000
0x1300fd50,0x6f6e7472,0x6f6e7472,0x00000000
0x1300fd54,0x6f6c3037,0x6f6c3037,0x00000000
0x1300fd5c,0x05000000,0x05000000,0x00000000
0x1300fd6c,0x3f800000,0x3f800000,0x00000000
0x1300fd70,0x04000000,0x04000000,0x00000000
0x1300fd74,0xc0dd6ff4,0xc0dd6ff4,0x00000000
0x1300fd78,0xc2f7dbf2,0xc2f7dbf2,0x00000000
0x1300fd7c,0x3d007700,0x3d007700,0x00000000
0x1300fd88,0x9300f284,0x9300f284,0x00000000
0x1300fd8c,0x43757273,0x43757273,0x00000000
0x1300fd90,0x6f725f63,0x6f725f63,0x00000000
0x1300fd94,0x6f6e7472,0x6f6e7472,0x00000000
0x1300fd98,0x6f6c3038,0x6f6c3038,0x00000000
0x1300fdb0,0x3f800000,0x3f800000,0x00000000
0x1300fdb4,0x04000000,0x04000000,0x00000000
0x1300fdb8,0xc0dd6ff4,0xc0dd6ff4,0x00000000
0x1300fdbc,0xc2f7dbf1,0xc2f7dbf1,0x00000000
0x1300fdcc,0x9300f2a8,0x9300f2a8,0x00000000
0x1300fdd0,0x43757273,0x43757273,0x00000000
0x1300fdd4,0x6f725f63,0x6f725f63,0x00000000
0x1300fdd8,0x6f6e7472,0x6f6e7472,0x00000000
0x1300fddc,0x6f6c3039,0x6f6c3039,0x00000000
0x1300fdf4,0x3f800000,0x3f800000,0x00000000
0x1300fdf8,0x04000000,0x04000000,0x00000000
0x1300fdfc,0xc0dd6ff4,0xc0dd6ff4,0x00000000
0x1300fe10,0x9300f2cc,0x9300f2cc,0x00000000
0x1300fe14,0x43757273,0x43757273,0x00000000
0x1300fe18,0x6f725f63,0x6f725f63,0x00000000
0x1300fe1c,0x6f6e7472,0x6f6e7472,0x00000000
0x1300fe38,0x3f800000,0x3f800000,0x00000000
0x1300fe3c,0x04000000,0x04000000,0x00000000
0x1300fe4c,0x03000000,0x03000000,0x00000000
0x1300fe54,0x9300f2f0,0x9300f2f0,0x00000000
0x1300fe58,0x43757273,0x43757273,0x00000000
0x1300fe5c,0x6f725f73,0x6f725f73,0x00000000
0x1300fe78,0x3f800000,0x3f800000,0x00000000
0x1300fe8c,0x6f725f73,0x6f725f73,0x00000000
0x1300fe90,0x74617469,0x74617469,0x00000000
0x1300fe94,0x63303100,0x63303100,0x00000000
0x1300fe98,0x05000000,0x05000000,0x00000000
0x1300feb0,0x6f725f73,0x6f725f73,0x00000000
0x1300feb4,0x74617469,0x74617469,0x00000000
0x1300feb8,0x63303200,0x63303200,0x00000000
0x1300febc,0x05000000,0x05000000,0x00000000
0x1300fed0,0x43757273,0x43757273,0x00000000
0x1300fed4,0x6f725f73,0x6f725f73,0x00000000
0x1300fed8,0x74617469,0x74617469,0x00000000
0x1300fedc,0x63303300,0x63303300,0x00000000
0x1300fef0,0x3f800000,0x3f800000,0x00000000
0x1300fef4,0x43757273,0x43757273,0x00000000
0x1300fef8,0x6f725f73,0x6f725f73,0x00000000
0x1300fefc,0x74617469,0x74617469,0x00000000
0x1300ff14,0x3f800000,0x3f800000,0x00000000
0x1300ff18,0x43757273,0x43757273,0x00000000
0x1300ff1c,0x6f725f73,0x6f725f73,0x00000000
0x1300ff28,0x05000000,0x05000000,0x00000000
0x1300ff38,0x3f800000,0x3f800000,0x00000000
0x1300ff3c,0x43757273,0x43757273,0x00000000
0x1300ff48,0x63303600,0x63303600,0x00000000
0x1300ff4c,0x05000000,0x05000000,0x00000000
0x1300ff5c,0x3f800000,0x3f800000,0x00000000
0x1300ff6c,0x63303700,0x63303700,0x00000000
0x1300ff70,0x05000000,0x05000000,0x00000000
0x1300ff80,0x3f800000,0x3f800000,0x00000000
0x1300ff84,0x43757273,0x43757273,0x00000000
0x1300ff88,0x6f725f73,0x6f725f73,0x00000000
0x1300ff8c,0x74617469,0x74617469,0x00000000
0x1300ff90,0x63303800,0x63303800,0x00000000
0x1300ff94,0x05000000,0x05000000,0x00000000
0x1300ffa8,0x43757273,0x43757273,0x00000000
0x1300ffac,0x6f725f73,0x6f725f73,0x00000000
0x1300ffb0,0x74617469,0x74617469,0x00000000
0x1300ffb4,0x63303900,0x63303900,0x00000000
0x1300ffb8,0x05000000,0x05000000,0x00000000
0x1300ffc8,0x3f800000,0x3f800000,0x00000000
0x1300ffcc,0x4c617267,0x4c617267,0x00000000
0x1300ffd0,0x655f706f,0x655f706f,0x00000000
0x1300ffd4,0x70757000,0x70757000,0x00000000
0x1300ffd8,0x05000000,0x05000000,0x00000000
0x1300ffe8,0x3f800000,0x3f800000,0x00000000
0x1300ffec,0x4c617267,0x4c617267,0x00000000
0x1300fff0,0x655f706f,0x655f706f,0x00000000
0x1300fff4,0x7075705f,0x7075705f,0x00000000
0x1300fff8,0x636f6e74,0x636f6e74,0x00000000
0x1300fffc,0x726f6c6c,0x726f6c6c,0x00000000
0x13010014,0x3f800000,0x3f800000,0x00000000
0x13010018,0x04000000,0x04000000,0x00000000
0x1301001c,0xc11848ac,0xc11848ac,0x00000000
0x1301002c,0x5f546578,0x5f546578,0x00000000
0x13010030,0x74303000,0x74303000,0x00000000
0x13010034,0x05000000,0x05000000,0x00000000
0x1301004c,0x5f546578,0x5f546578,0x00000000
0x13010050,0x74303100,0x74303100,0x00000000
0x13010054,0x05000000,0x05000000,0x00000000
0x13010064,0x3f800000,0x3f800000,0x00000000
0x13010068,0x4c656674,0x4c656674,0x00000000
0x1301006c,0x5f546578,0x5f546578,0x00000000
0x13010070,0x74303200,0x74303200,0x00000000
0x13010074,0x05000000,0x05000000,0x00000000
0x13010088,0x4c656674,0x4c656674,0x00000000
0x1301008c,0x5f546578,0x5f546578,0x00000000
0x13010090,0x74303300,0x74303300,0x00000000
0x13010094,0x05000000,0x05000000,0x00000000
0x130100ac,0x5f546578,0x5f546578,0x00000000
0x130100b0,0x74303400,0x74303400,0x00000000
0x130100b4,0x05000000,0x05000000,0x00000000
0x130100cc,0x5f546578,0x5f546578,0x00000000
0x130100d0,0x74303500,0x74303500,0x00000000
0x130100d4,0x05000000,0x05000000,0x00000000
0x130100ec,0x5f546578,0x5f546578,0x00000000
0x130100f0,0x74303600,0x74303600,0x00000000
0x130100f4,0x05000000,0x05000000,0x00000000
0x1301010c,0x5f546578,0x5f546578,0x00000000
0x13010110,0x74303700,0x74303700,0x00000000
0x13010114,0x05000000,0x05000000,0x00000000
0x1301012c,0x5f546578,0x5f546578,0x00000000
0x13010130,0x74303800,0x74303800,0x00000000
0x13010134,0x05000000,0x05000000,0x00000000
0x13010148,0x4c656674,0x4c656674,0x00000000
0x1301014c,0x5f546578,0x5f546578,0x00000000
0x13010150,0x74303900,0x74303900,0x00000000
0x13010154,0x05000000,0x05000000,0x00000000
0x13010168,0x4d656e75,0x4d656e75,0x00000000
0x1301016c,0x4f707469,0x4f707469,0x00000000
0x13010170,0x6f6e3030,0x6f6e3030,0x00000000
0x13010178,0x05000000,0x05000000,0x00000000
0x13010188,0x3f800000,0x3f800000,0x00000000
0x1301018c,0x4d656e75,0x4d656e75,0x00000000
0x13010190,0x4f707469,0x4f707469,0x00000000
0x13010194,0x6f6e3031,0x6f6e3031,0x00000000
0x1301019c,0x05000000,0x05000000,0x00000000
0x130101ac,0x3f800000,0x3f800000,0x00000000
0x130101b0,0x04000000,0x04000000,0x00000000
0x130101b8,0xbf9235f0,0xbf9235f0,0x00000000
0x130101c8,0x6f6e3032,0x6f6e3032,0x00000000
0x130101d0,0x05000000,0x05000000,0x00000000
0x130101ec,0xc012c4b0,0xc012c4b0,0x00000000
0x130101f4,0x4d656e75,0x4d656e75,0x00000000
0x130101f8,0x4f707469,0x4f707469,0x00000000
0x130101fc,0x6f6e3033,0x6f6e3033,0x00000000
0x13010214,0x3f800000,0x3f800000,0x00000000
0x13010218,0x04000000,0x04000000,0x00000000
0x13010220,0xc05cda50,0xc05cda50,0x00000000
0x13010228,0x4d656e75,0x4d656e75,0x00000000
0x1301022c,0x4f707469,0x4f707469,0x00000000
0x13010230,0x6f6e3034,0x6f6e3034,0x00000000
0x13010238,0x05000000,0x05000000,0x00000000
0x13010248,0x3f800000,0x3f800000,0x00000000
0x1301024c,0x04000000,0x04000000,0x00000000
0x13010254,0xc092ce22,0xc092ce22,0x00000000
0x1301025c,0x4d656e75,0x4d656e75,0x00000000
0x1301027c,0x3f800000,0x3f800000,0x00000000
0x13010290,0x4d656e75,0x4d656e75,0x00000000
0x13010294,0x4f707469,0x4f707469,0x00000000
0x13010298,0x6f6e3036,0x6f6e3036,0x00000000
0x130102b0,0x3f800000,0x3f800000,0x00000000
0x130102b4,0x04000000,0x04000000,0x00000000
0x130102bc,0xc0db901e,0xc0db901e,0x00000000
0x130102c8,0x4f707469,0x4f707469,0x00000000
0x130102cc,0x6f6e3037,0x6f6e3037,0x00000000
0x130102d4,0x05000000,0x05000000,0x00000000
0x130102e8,0x04000000,0x04000000,0x00000000
0x130102f0,0xc1008a17,0xc1008a17,0x00000000
0x130102f8,0x4d656e75,0x4d656e75,0x00000000
0x130102fc,0x4f707469,0x4f707469,0x00000000
0x13010318,0x3f800000,0x3f800000,0x00000000
0x1301031c,0x04000000,0x04000000,0x00000000
0x1301032c,0x4d656e75,0x4d656e75,0x00000000
0x13010330,0x4f707469,0x4f707469,0x00000000
0x13010334,0x6f6e3039,0x6f6e3039,0x00000000
0x1301033c,0x05000000,0x05000000,0x00000000
0x1301034c,0x3f800000,0x3f800000,0x00000000
0x13010350,0x04000000,0x04000000,0x00000000
0x13010358,0xc3041589,0xc3041589,0x00000000
0x1301035c,0x36c00000,0x36c00000,0x00000000
0x1301036c,0x6e743030,0x6e743030,0x00000000
0x13010374,0x05000000,0x05000000,0x00000000
0x1301038c,0x5f636f6d,0x5f636f6d,0x00000000
0x13010390,0x706f6e65,0x706f6e65,0x00000000
0x13010394,0x6e743031,0x6e743031,0x00000000
0x1301039c,0x05000000,0x05000000,0x00000000
0x130103ac,0x3f800000,0x3f800000,0x00000000
0x130103b0,0x4d656e75,0x4d656e75,0x00000000
0x130103b4,0x5f636f6d,0x5f636f6d,0x00000000
0x130103b8,0x706f6e65,0x706f6e65,0x00000000
0x130103bc,0x6e743033,0x6e743033,0x00000000
0x130103d4,0x3f800000,0x3f800000,0x00000000
0x130103d8,0x4d656e75,0x4d656e75,0x00000000
0x130103dc,0x5f636f6d,0x5f636f6d,0x00000000
0x130103ec,0x05000000,0x05000000,0x00000000
0x130103fc,0x3f800000,0x3f800000,0x00000000
0x1301040c,0x6e743037,0x6e743037,0x00000000
0x13010414,0x05000000,0x05000000,0x00000000
0x1301042c,0x5f636f6d,0x5f636f6d,0x00000000
0x13010430,0x706f6e65,0x706f6e65,0x00000000
0x13010434,0x6e743039,0x6e743039,0x00000000
0x1301043c,0x05000000,0x05000000,0x00000000
0x1301044c,0x3f800000,0x3f800000,0x00000000
0x13010450,0x4d656e75,0x4d656e75,0x00000000
0x13010454,0x5f636f6d,0x5f636f6d,0x00000000
0x13010458,0x706f6e65,0x706f6e65,0x00000000
0x1301045c,0x6e743131,0x6e743131,0x00000000
0x13010474,0x3f800000,0x3f800000,0x00000000
0x13010478,0x4d656e75,0x4d656e75,0x00000000
0x1301047c,0x5f636f6d,0x5f636f6d,0x00000000
0x1301048c,0x05000000,0x05000000,0x00000000
0x1301049c,0x3f800000,0x3f800000,0x00000000
0x130104b4,0x05000000,0x05000000,0x00000000
0x130104cc,0x5f636f6d,0x5f636f6d,0x00000000
0x130104d0,0x706f6e65,0x706f6e65,0x00000000
0x130104d4,0x6e743137,0x6e743137,0x00000000
0x130104dc,0x05000000,0x05000000,0x00000000
0x130104ec,0x3f800000,0x3f800000,0x00000000
0x130104f0,0x4f707469,0x4f707469,0x00000000
0x130104f4,0x6f6e4f6e,0x6f6e4f6e,0x00000000
0x130104f8,0x65000000,0x65000000,0x00000000
0x130104fc,0x05000000,0x05000000,0x00000000
0x1301050c,0x3f800000,0x3f800000,0x00000000
0x13010510,0x04000000,0x04000000,0x00000000
0x13010514,0x40da4710,0x40da4710,0x00000000
0x13010518,0xbf06aa60,0xbf06aa60,0x00000000
0x1301051c,0xbda90600,0xbda90600,0x00000000
0x13010528,0x65303100,0x65303100,0x00000000
0x1301052c,0x05000000,0x05000000,0x00000000
0x1301053c,0x3f800000,0x3f800000,0x00000000
0x13010548,0xbf06aa60,0xbf06aa60,0x00000000
0x1301054c,0xbda90600,0xbda90600,0x00000000
0x13010550,0x4f707469,0x4f707469,0x00000000
0x13010554,0x6f6e4f6e,0x6f6e4f6e,0x00000000
0x13010558,0x65303200,0x65303200,0x00000000
0x1301055c,0x05000000,0x05000000,0x00000000
0x1301056c,0x3f800000,0x3f800000,0x00000000
0x13010570,0x04000000,0x04000000,0x00000000
0x13010574,0x40da4710,0x40da4710,0x00000000
0x13010578,0xbf06aa20,0xbf06aa20,0x00000000
0x1301057c,0xbda90600,0xbda90600,0x00000000
0x13010588,0x65303300,0x65303300,0x00000000
0x1301058c,0x05000000,0x05000000,0x00000000
0x1301059c,0x3f800000,0x3f800000,0x00000000
0x130105ac,0xbda90600,0xbda90600,0x00000000
0x130105b0,0x4f707469,0x4f707469,0x00000000
0x130105b4,0x6f6e4f6e,0x6f6e4f6e,0x00000000
0x130105b8,0x65303400,0x65303400,0x00000000
0x130105bc,0x05000000,0x05000000,0x00000000
0x130105cc,0x3f800000,0x3f800000,0x00000000
0x130105d0,0x04000000,0x04000000,0x00000000
0x130105d4,0x40da4710,0x40da4710,0x00000000
0x130105d8,0xbf06aa30,0xbf06aa30,0x00000000
0x130105dc,0xbda90600,0xbda90600,0x00000000
0x130105e8,0x65303500,0x65303500,0x00000000
0x130105ec,0x05000000,0x05000000,0x00000000
0x130105fc,0x3f800000,0x3f800000,0x00000000
0x13010608,0xbf06aa40,0xbf06aa40,0x00000000
0x1301060c,0xbda90600,0xbda90600,0x00000000
0x13010610,0x4f707469,0x4f707469,0x00000000
0x13010614,0x6f6e4f6e,0x6f6e4f6e,0x00000000
0x13010618,0x65303600,0x65303600,0x00000000
0x1301061c,0x05000000,0x05000000,0x00000000
0x1301062c,0x3f800000,0x3f800000,0x00000000
0x13010630,0x04000000,0x04000000,0x00000000
0x13010634,0x40da4710,0x40da4710,0x00000000
0x13010638,0xbf06aa40,0xbf06aa40,0x00000000
0x1301063c,0xbda90600,0xbda90600,0x00000000
0x1301064c,0x05000000,0x05000000,0x00000000
0x1301065c,0x3f800000,0x3f800000,0x00000000
0x1301066c,0xbda90600,0xbda90600,0x00000000
0x13010670,0x4f707469,0x4f707469,0x00000000
0x13010674,0x6f6e4f6e,0x6f6e4f6e,0x00000000
0x13010678,0x65303800,0x65303800,0x00000000
0x1301067c,0x05000000,0x05000000,0x00000000
0x1301068c,0x3f800000,0x3f800000,0x00000000
0x13010690,0x04000000,0x04000000,0x00000000
0x13010694,0x40da4710,0x40da4710,0x00000000
0x13010698,0xbf06aa20,0xbf06aa20,0x00000000
0x1301069c,0xbda90600,0xbda90600,0x00000000
0x130106ac,0x05000000,0x05000000,0x00000000
0x130106bc,0x3f800000,0x3f800000,0x00000000
0x130106cc,0xbda90600,0xbda90600,0x00000000
0x130106d0,0x4f707469,0x4f707469,0x00000000
0x130106d4,0x6f6e5477,0x6f6e5477,0x00000000
0x130106d8,0x6f000000,0x6f000000,0x00000000
0x130106dc,0x05000000,0x05000000,0x00000000
0x130106ec,0x3f800000,0x3f800000,0x00000000
0x130106f0,0x04000000,0x04000000,0x00000000
0x130106f4,0x41b22875,0x41b22875,0x00000000
0x130106f8,0xbf06aa60,0xbf06aa60,0x00000000
0x130106fc,0xbda90600,0xbda90600,0x00000000
0x1301070c,0x05000000,0x05000000,0x00000000
0x1301071c,0x3f800000,0x3f800000,0x00000000
0x1301072c,0xbda90600,0xbda90600,0x00000000
0x13010730,0x4f707469,0x4f707469,0x00000000
0x13010734,0x6f6e5477,0x6f6e5477,0x00000000
0x13010738,0x6f303200,0x6f303200,0x00000000
0x1301073c,0x05000000,0x05000000,0x00000000
0x1301074c,0x3f800000,0x3f800000,0x00000000
0x13010750,0x04000000,0x04000000,0x00000000
0x13010754,0x41b22875,0x41b22875,0x00000000
0x13010758,0xbf06aa20,0xbf06aa20,0x00000000
0x1301075c,0xbda90600,0xbda90600,0x00000000
0x13010760,0x4f707469,0x4f707469,0x00000000
0x13010764,0x6f6e5477,0x6f6e5477,0x00000000
0x13010768,0x6f303300,0x6f303300,0x00000000
0x1301076c,0x05000000,0x05000000,0x00000000
0x1301077c,0x3f800000,0x3f800000,0x00000000
0x13010788,0xbf06aa20,0xbf06aa20,0x00000000
0x1301078c,0xbda90600,0xbda90600,0x00000000
0x13010790,0x4f707469,0x4f707469,0x00000000
0x13010794,0x6f6e5477,0x6f6e5477,0x00000000
0x13010798,0x6f303400,0x6f303400,0x00000000
0x1301079c,0x05000000,0x05000000,0x00000000
0x130107ac,0x3f800000,0x3f800000,0x00000000
0x130107b0,0x04000000,0x04000000,0x00000000
0x130107b4,0x41b22875,0x41b22875,0x00000000
0x130107b8,0xbf06aa30,0xbf06aa30,0x00000000
0x130107bc,0xbda90600,0xbda90600,0x00000000
0x130107c8,0x6f303500,0x6f303500,0x00000000
0x130107cc,0x05000000,0x05000000,0x00000000
0x130107dc,0x3f800000,0x3f800000,0x00000000
0x130107e8,0xbf06aa40,0xbf06aa40,0x00000000
0x130107ec,0xbda90600,0xbda90600,0x00000000
0x130107f0,0x4f707469,0x4f707469,0x00000000
0x130107f4,0x6f6e5477,0x6f6e5477,0x00000000
0x130107f8,0x6f303600,0x6f303600,0x00000000
0x130107fc,0x05000000,0x05000000,0x00000000
0x1301080c,0x3f800000,0x3f800000,0x00000000
0x13010810,0x04000000,0x04000000,0x00000000
0x13010814,0x41b22875,0x41b22875,0x00000000
0x13010818,0xbf06aa40,0xbf06aa40,0x00000000
0x1301081c,0xbda90600,0xbda90600,0x00000000
0x13010828,0x6f303700,0x6f303700,0x00000000
0x1301082c,0x05000000,0x05000000,0x00000000
0x1301083c,0x3f800000,0x3f800000,0x00000000
0x13010848,0xbf06aa00,0xbf06aa00,0x00000000
0x13010850,0x4f707469,0x4f707469,0x00000000
0x13010854,0x6f6e5477,0x6f6e5477,0x00000000
0x13010858,0x6f303800,0x6f303800,0x00000000
0x1301085c,0x05000000,0x05000000,0x00000000
0x13010870,0x04000000,0x04000000,0x00000000
0x13010874,0x41b22875,0x41b22875,0x00000000
0x13010878,0xbf06aa20,0xbf06aa20,0x00000000
0x1301087c,0xbda90600,0xbda90600,0x00000000
0x13010888,0x6f303900,0x6f303900,0x00000000
0x1301089c,0x3f800000,0x3f800000,0x00000000
0x130108ac,0xbda90600,0xbda90600,0x00000000
0x130108b0,0x4f707469,0x4f707469,0x00000000
0x130108b4,0x6f6e5f62,0x6f6e5f62,0x00000000
0x130108b8,0x675f3030,0x675f3030,0x00000000
0x130108d0,0x3f800000,0x3f800000,0x00000000
0x130108d4,0x04000000,0x04000000,0x00000000
0x130108d8,0xc0da4710,0xc0da4710,0x00000000
0x130108dc,0x3f06aa20,0x3f06aa20,0x00000000
0x130108e8,0x6f6e5f62,0x6f6e5f62,0x00000000
0x130108ec,0x675f3031,0x675f3031,0x00000000
0x130108f4,0x05000000,0x05000000,0x00000000
0x1301090c,0xc0da4710,0xc0da4710,0x00000000
0x13010910,0x3f06aa20,0x3f06aa20,0x00000000
0x13010914,0x3d8ae200,0x3d8ae200,0x00000000
0x13010918,0x4f707469,0x4f707469,0x00000000
0x1301091c,0x6f6e5f62,0x6f6e5f62,0x00000000
0x13010928,0x05000000,0x05000000,0x00000000
0x13010938,0x3f800000,0x3f800000,0x00000000
0x1301093c,0x04000000,0x04000000,0x00000000
0x1301094c,0x4f707469,0x4f707469,0x00000000
0x13010950,0x6f6e5f62,0x6f6e5f62,0x00000000
0x13010954,0x675f3033,0x675f3033,0x00000000
0x1301095c,0x05000000,0x05000000,0x00000000
0x1301096c,0x3f800000,0x3f800000,0x00000000
0x13010970,0x04000000,0x04000000,0x00000000
0x13010974,0xc0da4710,0xc0da4710,0x00000000
0x13010978,0x3f06aa20,0x3f06aa20,0x00000000
0x1301097c,0x3d8ae200,0x3d8ae200,0x00000000
0x13010990,0x05000000,0x05000000,0x00000000
0x130109a0,0x3f800000,0x3f800000,0x00000000
0x130109a4,0x04000000,0x04000000,0x00000000
0x130109a8,0xc0da4710,0xc0da4710,0x00000000
0x130109ac,0x3f06aa20,0x3f06aa20,0x00000000
0x130109b0,0x3d8ae200,0x3d8ae200,0x00000000
0x130109b4,0x4f707469,0x4f707469,0x00000000
0x130109b8,0x6f6e5f62,0x6f6e5f62,0x00000000
0x130109bc,0x675f3035,0x675f3035,0x00000000
0x130109d4,0x3f800000,0x3f800000,0x00000000
0x130109d8,0x04000000,0x04000000,0x00000000
0x130109dc,0xc0da4710,0xc0da4710,0x00000000
0x130109f0,0x675f3036,0x675f3036,0x00000000
0x13010a0c,0x04000000,0x04000000,0x00000000
0x13010a10,0xc0da4710,0xc0da4710,0x00000000
0x13010a14,0x3f06aa20,0x3f06aa20,0x00000000
0x13010a18,0x3d8ae200,0x3d8ae200,0x00000000
0x13010a1c,0x4f707469,0x4f707469,0x00000000
0x13010a2c,0x05000000,0x05000000,0x00000000
0x13010a50,0x4f707469,0x4f707469,0x00000000
0x13010a54,0x6f6e5f62,0x6f6e5f62,0x00000000
0x13010a58,0x675f3038,0x675f3038,0x00000000
0x13010a70,0x3f800000,0x3f800000,0x00000000
0x13010a74,0x04000000,0x04000000,0x00000000
0x13010a78,0xc0da4710,0xc0da4710,0x00000000
0x13010a7c,0x3f06aa30,0x3f06aa30,0x00000000
0x13010c1c,0x3f06aa40,0x3f06aa40,0x00000000
0x13010c28,0x6f6e5f62,0x6f6e5f62,0x00000000
0x13010c2c,0x675f3137,0x675f3137,0x00000000
0x13010c48,0x04000000,0x04000000,0x00000000
0x13010c4c,0xc0da4710,0xc0da4710,0x00000000
0x13010c5c,0x6f6e5f62,0x6f6e5f62,0x00000000
0x13010c78,0x3f800000,0x3f800000,0x00000000
0x13010c7c,0x04000000,0x04000000,0x00000000
0x13010c8c,0x4f707469,0x4f707469,0x00000000
0x13010c9c,0x05000000,0x05000000,0x00000000
0x13010cac,0x3f800000,0x3f800000,0x00000000
0x13010cb8,0x3f06ab80,0x3f06ab80,0x00000000
0x13010cbc,0x3d8ae200,0x3d8ae200,0x00000000
0x13010cc0,0x4f707469,0x4f707469,0x00000000
0x13010cc4,0x6f6e735f,0x6f6e735f,0x00000000
0x13010cc8,0x6d61696e,0x6d61696e,0x00000000
0x13010ccc,0x5f746974,0x5f746974,0x00000000
0x13010cd0,0x6c650000,0x6c650000,0x00000000
0x13010cd4,0x05000000,0x05000000,0x00000000
0x13010ce8,0x04000000,0x04000000,0x00000000
0x13010cec,0x3f9b1fd0,0x3f9b1fd0,0x00000000
0x13010d64,0x52696768,0x52696768,0x00000000
0x13010ea4,0x05000000,0x05000000,0x00000000
0x13010f64,0x6c6f6e67,0x6c6f6e67,0x00000000
0x13010fa4,0x3f800000,0x3f800000,0x00000000
0x13011024,0x63757273,0x63757273,0x00000000
0x13011064,0x9300f374,0x9300f374,0x00000000
0x130110a4,0x03000000,0x03000000,0x00000000
0x130110e4,0xc2f7de50,0xc2f7de50,0x00000000
0x13011104,0x6f6e7472,0x6f6e7472,0x00000000
0x13011124,0x04000000,0x04000000,0x00000000
0x13011144,0x63757273,0x63757273,0x00000000
0x13011184,0x9300f404,0x9300f404,0x00000000
0x130111c4,0x03000000,0x03000000,0x00000000
0x13011204,0xc2f7de50,0xc2f7de50,0x00000000
0x13011224,0x6f6e7472,0x6f6e7472,0x00000000
0x13011244,0x04000000,0x04000000,0x00000000
0x13011264,0x63757273,0x63757273,0x00000000
0x130112a4,0x9300f494,0x9300f494,0x00000000
0x130112e4,0x03000000,0x03000000,0x00000000
0x13011324,0x930136c8,0x930136c8,0x00000000
0x13011344,0x93013763,0x93013763,0x00000000
0x130113e4,0x930138e9,0x930138e9,0x00000000
0x13011444,0x93013b27,0x93013b27,0x00000000
0x13011504,0x930136e4,0x930136e4,0x00000000
0x13011564,0x93013721,0x93013721,0x00000000
0x130115e4,0x9301374b,0x9301374b,0x00000000
0x13011684,0x93013793,0x93013793,0x00000000
0x130116c4,0x930137bf,0x930137bf,0x00000000
0x13013344,0x93013cc4,0x93013cc4,0x00000000
0x130133a8,0x93012ac0,0x93012ac0,0x00000000
0x130133e8,0x93012ac0,0x93012ac0,0x00000000
0x13013478,0x93012ac0,0x93012ac0,0x00000000
0x130135bc,0x93013cc0,0x93013cc0,0x00000000
0x130136b8,0x3bb60b61,0x3bb60b61,0x00000000
0x13013748,0x6f720042,0x6f720042,0x00000000
0x130138d4,0x6f726d00,0x6f726d00,0x00000000
0x130138fc,0x73005665,0x73005665,0x00000000
0x13013928,0x6f6e5365,0x6f6e5365,0x00000000
0x130139bc,0x00496e64,0x00496e64,0x00000000
0x13013a0c,0x72547269,0x72547269,0x00000000
0x13013a28,0x63657300,0x63657300,0x00000000
0x13013a48,0x696f6e73,0x696f6e73,0x00000000
0x13013adc,0x65726961,0x65726961,0x00000000
0x13013ae8,0x73004d61,0x73004d61,0x00000000
0x13013af0,0x616c0042,0x616c0042,0x00000000
0x13013b28,0x6f64656c,0x6f64656c,0x00000000
0x13013b30,0x656c6574,0x656c6574,0x00000000
0x13013b34,0x6f6e0049,0x6f6e0049,0x00000000
0x13013b38,0x6e697469,0x6e697469,0x00000000
0x13013b3c,0x616c506c,0x616c506c,0x00000000
0x13013b40,0x6163656d,0x6163656d,0x00000000
0x13013b44,0x656e7400,0x656e7400,0x00000000
0x13013b48,0x4d657368,0x4d657368,0x00000000
0x13013b4c,0x42696e64,0x42696e64,0x00000000
0x13013b50,0x696e6773,0x696e6773,0x00000000
0x13013b54,0x004d6573,0x004d6573,0x00000000
0x13013b58,0x68005472,0x68005472,0x00000000
0x13013b5c,0x61636b47,0x61636b47,0x00000000
0x13013b6c,0x54726163,0x54726163,0x00000000
0x13013b70,0x6b730054,0x6b730054,0x00000000
0x13013b74,0x7261636b,0x7261636b,0x00000000
0x13013b78,0x4b657900,0x4b657900,0x00000000
0x13013b7c,0x44696d65,0x44696d65,0x00000000
0x13013b80,0x6e73696f,0x6e73696f,0x00000000
0x13013b84,0x6e005661,0x6e005661,0x00000000
0x13013b88,0x6c756543,0x6c756543,0x00000000
0x13013b8c,0x75727665,0x75727665,0x00000000
0x13013b90,0x00437572,0x00437572,0x00000000
0x13013b94,0x76654461,0x76654461,0x00000000
0x13013b98,0x74610054,0x74610054,0x00000000
0x13013b9c,0x72616e73,0x72616e73,0x00000000
0x13013ba8,0x6b730046,0x6b730046,0x00000000
0x13013bac,0x6c616773,0x6c616773,0x00000000
0x13013bb0,0x004f7269,0x004f7269,0x00000000
0x13013bb4,0x656e7461,0x656e7461,0x00000000
0x13013bb8,0x74696f6e,0x74696f6e,0x00000000
0x13013bbc,0x43757276,0x43757276,0x00000000
0x13013bcc,0x72766500,0x72766500,0x00000000
0x13013bd0,0x5363616c,0x5363616c,0x00000000
0x13013bd4,0x65536865,0x65536865,0x00000000
0x13013bd8,0x61724375,0x61724375,0x00000000
0x13013bdc,0x72766500,0x72766500,0x00000000
0x13013be0,0x5472616e,0x5472616e,0x00000000
0x13013be4,0x73666f72,0x73666f72,0x00000000
0x13013be8,0x6d4c4f44,0x6d4c4f44,0x00000000
0x13013bec,0x4572726f,0x4572726f,0x00000000
0x13013bf0,0x72730052,0x72730052,0x00000000
0x13013bf4,0x65616c33,0x65616c33,0x00000000
0x13013bf8,0x32005465,0x32005465,0x00000000
0x13013bfc,0x78745472,0x78745472,0x00000000
0x13013c0c,0x0054696d,0x0054696d,0x00000000
0x13013c14,0x6d700054,0x6d700054,0x00000000
0x13013c18,0x65787400,0x65787400,0x00000000
0x13013c1c,0x41636375,0x41636375,0x00000000
0x13013c48,0x6f700052,0x6f700052,0x00000000
0x13013c4c,0x61646975,0x61646975,0x00000000
0x13013c54,0x6e676c65,0x6e676c65,0x00000000
0x13013c58,0x00645a00,0x00645a00,0x00000000
0x13013c5c,0x42617369,0x42617369,0x00000000
0x13013c74,0x6f74696f,0x6f74696f,0x00000000
0x13013c78,0x6e00416e,0x6e00416e,0x00000000
0x13013c7c,0x696d6174,0x696d6174,0x00000000
0x13013c8c,0x6e005469,0x6e005469,0x00000000
0x13013c90,0x6d655374,0x6d655374,0x00000000
0x13013c94,0x6570004f,0x6570004f,0x00000000
0x13013c98,0x76657273,0x76657273,0x00000000
0x13013c9c,0x616d706c,0x616d706c,0x00000000
0x13013ca8,0x93012cc8,0x93012cc8,0x00000000
0x13013cf0,0x40a0e560,0x40a0e560,0x00000000
0x13013d10,0x65726261,0x65726261,0x00000000
0x13013d14,0x72737461,0x72737461,0x00000000
0x13013d18,0x72740000,0x72740000,0x00000000
0x13013d1c,0x04000000,0x04000000,0x00000000
0x13013d3c,0x00416c6c,0x00416c6c,0x00000000
0x13013d54,0xb5052a72,0xb5052a72,0x00000000
0x13013d58,0x4172726f,0x4172726f,0x00000000
0x13013d5c,0x775f3030,0x775f3030,0x00000000
0x13013d88,0x4172726f,0x4172726f,0x00000000
0x13013d8c,0x775f3031,0x775f3031,0x00000000
0x13013d94,0x05000000,0x05000000,0x00000000
0x13013dac,0xc097bd55,0xc097bd55,0x00000000
0x13013db0,0x3f0966a5,0x3f0966a5,0x00000000
0x13013db4,0xc0447be8,0xc0447be8,0x00000000
0x13013db8,0x43757273,0x43757273,0x00000000
0x13013dbc,0x6f725f67,0x6f725f67,0x00000000
0x13013dcc,0x04000000,0x04000000,0x00000000
0x13013dd8,0xbffffffe,0xbffffffe,0x00000000
0x13013ddc,0x43757273,0x43757273,0x00000000
0x13013de8,0x6c6f6e67,0x6c6f6e67,0x00000000
0x13013dec,0x30310000,0x30310000,0x00000000
0x13013df0,0x04000000,0x04000000,0x00000000
0x13013dfc,0xc0000003,0xc0000003,0x00000000
0x13013e0c,0x6c6f6e67,0x6c6f6e67,0x00000000
0x13013e10,0x30320000,0x30320000,0x00000000
0x13013e14,0x04000000,0x04000000,0x00000000
0x13013e30,0x6c6f6e67,0x6c6f6e67,0x00000000
0x13013e34,0x30330000,0x30330000,0x00000000
0x13013e38,0x04000000,0x04000000,0x00000000
0x13013e4c,0x6f725f67,0x6f725f67,0x00000000
0x13013e50,0x7265795f,0x7265795f,0x00000000
0x13013e54,0x6c6f6e67,0x6c6f6e67,0x00000000
0x13013e58,0x30340000,0x30340000,0x00000000
0x13013e5c,0x04000000,0x04000000,0x00000000
0x13013e6c,0x43757273,0x43757273,0x00000000
0x13013e70,0x6f725f67,0x6f725f67,0x00000000
0x13013e74,0x7265795f,0x7265795f,0x00000000
0x13013e78,0x6c6f6e67,0x6c6f6e67,0x00000000
0x13013e7c,0x30350000,0x30350000,0x00000000
0x13013e8c,0xc0000000,0xc0000000,0x00000000
0x13013e90,0x43757273,0x43757273,0x00000000
0x13013e94,0x6f725f67,0x6f725f67,0x00000000
0x13013e98,0x7265795f,0x7265795f,0x00000000
0x13013e9c,0x6c6f6e67,0x6c6f6e67,0x00000000
0x13013eb0,0xc0000000,0xc0000000,0x00000000
0x13013eb4,0x43757273,0x43757273,0x00000000
0x13013eb8,0x6f725f6c,0x6f725f6c,0x00000000
0x13013ebc,0x6f6e6700,0x6f6e6700,0x00000000
0x13013ecc,0x31004375,0x31004375,0x00000000
0x13013ed0,0x72736f72,0x72736f72,0x00000000
0x13013ed4,0x5f6c6f6e,0x5f6c6f6e,0x00000000
0x13013ed8,0x67303200,0x67303200,0x00000000
0x13013edc,0x43757273,0x43757273,0x00000000
0x13013eec,0x72736f72,0x72736f72,0x00000000
0x13013ef0,0x5f6c6f6e,0x5f6c6f6e,0x00000000
0x13013ef4,0x67303400,0x67303400,0x00000000
0x13013ef8,0x43757273,0x43757273,0x00000000
0x13013efc,0x6f725f6c,0x6f725f6c,0x00000000
0x13013f0c,0x5f6c6f6e,0x5f6c6f6e,0x00000000
0x13013f10,0x67303600,0x67303600,0x00000000
0x13013f14,0x43757273,0x43757273,0x00000000
0x13013f18,0x6f725f6d,0x6f725f6d,0x00000000
0x13013f1c,0x6167656e,0x6167656e,0x00000000
0x13013f28,0x04000000,0x04000000,0x00000000
0x13013f30,0xc33e4b6b,0xc33e4b6b,0x00000000
0x13013f34,0xc0400003,0xc0400003,0x00000000
0x13013f38,0x43757273,0x43757273,0x00000000
0x13013f3c,0x6f725f6d,0x6f725f6d,0x00000000
0x13013f40,0x6167656e,0x6167656e,0x00000000
0x13013f44,0x74615f6c,0x74615f6c,0x00000000
0x13013f48,0x6f6e6730,0x6f6e6730,0x00000000
0x13013f4c,0x31000000,0x31000000,0x00000000
0x13013f50,0x04000000,0x04000000,0x00000000
0x13013f58,0xc33e4b6b,0xc33e4b6b,0x00000000
0x13013f5c,0xc0400003,0xc0400003,0x00000000
0x13013f68,0x6167656e,0x6167656e,0x00000000
0x13013f6c,0x74615f6c,0x74615f6c,0x00000000
0x13013f70,0x6f6e6730,0x6f6e6730,0x00000000
0x13013f74,0x32000000,0x32000000,0x00000000
0x13013f78,0x04000000,0x04000000,0x00000000
0x13013f88,0x43757273,0x43757273,0x00000000
0x13013f8c,0x6f725f6d,0x6f725f6d,0x00000000
0x13013f90,0x6167656e,0x6167656e,0x00000000
0x13013f94,0x74615f6c,0x74615f6c,0x00000000
0x13013f98,0x6f6e6730,0x6f6e6730,0x00000000
0x13013f9c,0x33000000,0x33000000,0x00000000
0x13013fa8,0xc33e4b6b,0xc33e4b6b,0x00000000
0x13013fac,0xc0400000,0xc0400000,0x00000000
0x13013fb0,0x43757273,0x43757273,0x00000000
0x13013fb4,0x6f725f6d,0x6f725f6d,0x00000000
0x13013fb8,0x6167656e,0x6167656e,0x00000000
0x13013fbc,0x74615f6c,0x74615f6c,0x00000000
0x13013fcc,0xb5c00000,0xb5c00000,0x00000000
0x13013fd0,0xc33e4b6b,0xc33e4b6b,0x00000000
0x13013fd4,0xc0400003,0xc0400003,0x00000000
0x13013fd8,0x43757273,0x43757273,0x00000000
0x13013fdc,0x6f725f6d,0x6f725f6d,0x00000000
0x13013fe8,0x6f6e6730,0x6f6e6730,0x00000000
0x13013fec,0x35000000,0x35000000,0x00000000
0x13013ff0,0x04000000,0x04000000,0x00000000
0x13013ff8,0xc33e4b6b,0xc33e4b6b,0x00000000
0x13013ffc,0xc0400003,0xc0400003,0x00000000
0x13014008,0x6167656e,0x6167656e,0x00000000
0x13014010,0x6f6e6730,0x6f6e6730,0x00000000
0x13014014,0x36000000,0x36000000,0x00000000
0x13014018,0x04000000,0x04000000,0x00000000
0x1301401c,0xb5c00000,0xb5c00000,0x00000000
0x13014028,0x496e7669,0x496e7669,0x00000000
0x13014030,0x65787400,0x65787400,0x00000000
0x13014034,0x04000000,0x04000000,0x00000000
0x13014038,0xb52a3ec4,0xb52a3ec4,0x00000000
0x1301403c,0x40cd9440,0x40cd9440,0x00000000
0x13014054,0x04000000,0x04000000,0x00000000
0x1301405c,0xbda8c280,0xbda8c280,0x00000000
0x13014074,0x04000000,0x04000000,0x00000000
0x1301407c,0xbf63b1c0,0xbf63b1c0,0x00000000
0x1301408c,0x6f6e3032,0x6f6e3032,0x00000000
0x13014094,0x04000000,0x04000000,0x00000000
0x1301409c,0xbfd9259a,0xbfd9259a,0x00000000
0x130140ac,0x6f6e3033,0x6f6e3033,0x00000000
0x130140b4,0x04000000,0x04000000,0x00000000
0x130140b8,0xb5000000,0xb5000000,0x00000000
0x130140bc,0xc0203929,0xc0203929,0x00000000
0x130140cc,0x6f6e3034,0x6f6e3034,0x00000000
0x130140d4,0x04000000,0x04000000,0x00000000
0x130140dc,0xc053f84b,0xc053f84b,0x00000000
0x130140ec,0x6f6e3035,0x6f6e3035,0x00000000
0x130140f4,0x04000000,0x04000000,0x00000000
0x130140fc,0xc083dbb9,0xc083dbb9,0x00000000
0x1301410c,0x6f6e3036,0x6f6e3036,0x00000000
0x13014114,0x04000000,0x04000000,0x00000000
0x13014118,0x379c0000,0x379c0000,0x00000000
0x1301411c,0xc3309fd4,0xc3309fd4,0x00000000
0x1301412c,0x72736f72,0x72736f72,0x00000000
0x13014130,0x3030004f,0x3030004f,0x00000000
0x13014134,0x7074696f,0x7074696f,0x00000000
0x13014138,0x6e437572,0x6e437572,0x00000000
0x1301413c,0x736f7230,0x736f7230,0x00000000
0x1301414c,0x6f723032,0x6f723032,0x00000000
0x13014150,0x004f7074,0x004f7074,0x00000000
0x13014154,0x696f6e43,0x696f6e43,0x00000000
0x13014158,0x7572736f,0x7572736f,0x00000000
0x1301415c,0x72303300,0x72303300,0x00000000
0x13014168,0x72736f72,0x72736f72,0x00000000
0x1301416c,0x3034004f,0x3034004f,0x00000000
0x13014170,0x7074696f,0x7074696f,0x00000000
0x13014174,0x6e437572,0x6e437572,0x00000000
0x13014178,0x736f7230,0x736f7230,0x00000000
0x1301417c,0x35004f70,0x35004f70,0x00000000
0x13014188,0x6f723036,0x6f723036,0x00000000
0x1301418c,0x004f7074,0x004f7074,0x00000000
0x13014190,0x696f6e54,0x696f6e54,0x00000000
0x13014194,0x65787430,0x65787430,0x00000000
0x13014198,0x30000000,0x30000000,0x00000000
0x1301419c,0x04000000,0x04000000,0x00000000
0x130141a8,0x32946918,0x32946918,0x00000000
0x130141ac,0x4f707469,0x4f707469,0x00000000
0x130141b0,0x6f6e5465,0x6f6e5465,0x00000000
0x130141b4,0x78743031,0x78743031,0x00000000
0x130141bc,0x04000000,0x04000000,0x00000000
0x130141c8,0x32946934,0x32946934,0x00000000
0x130141cc,0x4f707469,0x4f707469,0x00000000
0x130141d0,0x6f6e5465,0x6f6e5465,0x00000000
0x130141d4,0x78743032,0x78743032,0x00000000
0x130141dc,0x04000000,0x04000000,0x00000000
0x130141e8,0x3294690c,0x3294690c,0x00000000
0x130141ec,0x4f707469,0x4f707469,0x00000000
0x130141f0,0x6f6e5465,0x6f6e5465,0x00000000
0x130141f4,0x78743033,0x78743033,0x00000000
0x130141fc,0x04000000,0x04000000,0x00000000
0x13014208,0x32946928,0x32946928,0x00000000
0x1301420c,0x4f707469,0x4f707469,0x00000000
0x13014210,0x6f6e5465,0x6f6e5465,0x00000000
0x13014214,0x78743034,0x78743034,0x00000000
0x1301421c,0x04000000,0x04000000,0x00000000
0x13014228,0x32946930,0x32946930,0x00000000
0x1301422c,0x4f707469,0x4f707469,0x00000000
0x13014230,0x6f6e5465,0x6f6e5465,0x00000000
0x13014234,0x78743035,0x78743035,0x00000000
0x1301423c,0x04000000,0x04000000,0x00000000
0x13014248,0x32946934,0x32946934,0x00000000
0x1301424c,0x4f707469,0x4f707469,0x00000000
0x13014250,0x6f6e5465,0x6f6e5465,0x00000000
0x13014254,0x78743036,0x78743036,0x00000000
0x1301425c,0x04000000,0x04000000,0x00000000
0x1301426c,0x4f707469,0x4f707469,0x00000000
0x13014270,0x6f6e5f6c,0x6f6e5f6c,0x00000000
0x13014274,0x6f6e675f,0x6f6e675f,0x00000000
0x13014278,0x72656775,0x72656775,0x00000000
0x1301427c,0x6c617200,0x6c617200,0x00000000
0x1301428c,0x72656775,0x72656775,0x00000000
0x13014290,0x6c617230,0x6c617230,0x00000000
0x13014294,0x31004f70,0x31004f70,0x00000000
0x13014298,0x74696f6e,0x74696f6e,0x00000000
0x1301429c,0x5f6c6f6e,0x5f6c6f6e,0x00000000
0x130142ac,0x4f707469,0x4f707469,0x00000000
0x130142b0,0x6f6e5f6c,0x6f6e5f6c,0x00000000
0x130142b4,0x6f6e675f,0x6f6e675f,0x00000000
0x130142b8,0x72656775,0x72656775,0x00000000
0x130142bc,0x6c617230,0x6c617230,0x00000000
0x130142c0,0x33004f70,0x33004f70,0x00000000
0x130142c4,0x74696f6e,0x74696f6e,0x00000000
0x130142c8,0x5f6c6f6e,0x5f6c6f6e,0x00000000
0x130142cc,0x675f7265,0x675f7265,0x00000000
0x130142d0,0x67756c61,0x67756c61,0x00000000
0x130142d4,0x72303400,0x72303400,0x00000000
0x130142d8,0x4f707469,0x4f707469,0x00000000
0x130142dc,0x6f6e5f6c,0x6f6e5f6c,0x00000000
0x130142e8,0x6c617230,0x6c617230,0x00000000
0x130142ec,0x35004f70,0x35004f70,0x00000000
0x130142f0,0x74696f6e,0x74696f6e,0x00000000
0x130142f4,0x5f6c6f6e,0x5f6c6f6e,0x00000000
0x130142f8,0x675f7265,0x675f7265,0x00000000
0x130142fc,0x67756c61,0x67756c61,0x00000000
0x13014310,0x6c616e65,0x6c616e65,0x00000000
0x13014318,0x04000000,0x04000000,0x00000000
0x1301431c,0xb4a7044c,0xb4a7044c,0x00000000
0x13014330,0x62675f70,0x62675f70,0x00000000
0x13014334,0x6c616e65,0x6c616e65,0x00000000
0x13014338,0x30310000,0x30310000,0x00000000
0x1301433c,0x04000000,0x04000000,0x00000000
0x1301434c,0x5375626d,0x5375626d,0x00000000
0x13014350,0x656e755f,0x656e755f,0x00000000
0x13014354,0x7069766f,0x7069766f,0x00000000
0x13014358,0x74000000,0x74000000,0x00000000
0x1301435c,0x04000000,0x04000000,0x00000000
0x1301436c,0x54657874,0x54657874,0x00000000
0x13014370,0x71756164,0x71756164,0x00000000
0x13014374,0x5f4c6f6e,0x5f4c6f6e,0x00000000
0x13014378,0x675f6f70,0x675f6f70,0x00000000
0x1301437c,0x74696f6e,0x74696f6e,0x00000000
0x1301438c,0x04000000,0x04000000,0x00000000
0x13014398,0xc0600000,0xc0600000,0x00000000
0x1301439c,0x54657874,0x54657874,0x00000000
0x130143a8,0x675f6f70,0x675f6f70,0x00000000
0x130143ac,0x74696f6e,0x74696f6e,0x00000000
0x130143b0,0x5f526567,0x5f526567,0x00000000
0x130143b4,0x756c6172,0x756c6172,0x00000000
0x130143b8,0x30310000,0x30310000,0x00000000
0x130143bc,0x04000000,0x04000000,0x00000000
0x130143cc,0x54657874,0x54657874,0x00000000
0x130143d0,0x71756164,0x71756164,0x00000000
0x130143d4,0x5f4c6f6e,0x5f4c6f6e,0x00000000
0x130143d8,0x675f6f70,0x675f6f70,0x00000000
0x130143dc,0x74696f6e,0x74696f6e,0x00000000
0x130143e8,0x30320000,0x30320000,0x00000000
0x130143ec,0x04000000,0x04000000,0x00000000
0x130143f4,0x35400000,0x35400000,0x00000000
0x130143f8,0xc0600003,0xc0600003,0x00000000
0x130143fc,0x54657874,0x54657874,0x00000000
0x1301440c,0x74696f6e,0x74696f6e,0x00000000
0x13014410,0x5f526567,0x5f526567,0x00000000
0x13014414,0x756c6172,0x756c6172,0x00000000
0x13014418,0x30330000,0x30330000,0x00000000
0x1301441c,0x04000000,0x04000000,0x00000000
0x13014428,0xc0600003,0xc0600003,0x00000000
0x1301442c,0x54657874,0x54657874,0x00000000
0x13014430,0x71756164,0x71756164,0x00000000
0x13014434,0x5f4c6f6e,0x5f4c6f6e,0x00000000
0x13014438,0x675f6f70,0x675f6f70,0x00000000
0x1301443c,0x74696f6e,0x74696f6e,0x00000000
0x13014448,0x30340000,0x30340000,0x00000000
0x1301444c,0x04000000,0x04000000,0x00000000
0x13014454,0xb4c00000,0xb4c00000,0x00000000
0x13014458,0xc0600000,0xc0600000,0x00000000
0x1301445c,0x54657874,0x54657874,0x00000000
0x1301446c,0x74696f6e,0x74696f6e,0x00000000
0x13014470,0x5f526567,0x5f526567,0x00000000
0x13014474,0x756c6172,0x756c6172,0x00000000
0x13014478,0x30350000,0x30350000,0x00000000
0x1301447c,0x04000000,0x04000000,0x00000000
0x1301448c,0x54657874,0x54657874,0x00000000
0x13014490,0x71756164,0x71756164,0x00000000
0x13014494,0x5f4c6f6e,0x5f4c6f6e,0x00000000
0x13014498,0x675f6f70,0x675f6f70,0x00000000
0x1301449c,0x74696f6e,0x74696f6e,0x00000000
0x130144a8,0x30360000,0x30360000,0x00000000
0x130144ac,0x04000000,0x04000000,0x00000000
0x130144b8,0xc0600003,0xc0600003,0x00000000
0x130144bc,0x57696e67,0x57696e67,0x00000000
0x130144c8,0x6c6f6e67,0x6c6f6e67,0x00000000
0x130144d0,0x04000000,0x04000000,0x00000000
0x130144d4,0xbf6e6e60,0xbf6e6e60,0x00000000
0x130144d8,0xc33d8926,0xc33d8926,0x00000000
0x130144dc,0xc0200000,0xc0200000,0x00000000
0x130144e8,0x736f725f,0x736f725f,0x00000000
0x130144f0,0x30310000,0x30310000,0x00000000
0x130144f4,0x04000000,0x04000000,0x00000000
0x130144f8,0xbf6e6e48,0xbf6e6e48,0x00000000
0x130144fc,0xc33d8926,0xc33d8926,0x00000000
0x1301450c,0x736f725f,0x736f725f,0x00000000
0x13014510,0x6c6f6e67,0x6c6f6e67,0x00000000
0x13014514,0x30320000,0x30320000,0x00000000
0x13014518,0x04000000,0x04000000,0x00000000
0x1301451c,0xbf6e6e48,0xbf6e6e48,0x00000000
0x13014520,0xc33d8926,0xc33d8926,0x00000000
0x13014524,0xc0200000,0xc0200000,0x00000000
0x13014528,0x57696e67,0x57696e67,0x00000000
0x1301452c,0x5f637572,0x5f637572,0x00000000
0x13014530,0x736f725f,0x736f725f,0x00000000
0x13014534,0x6c6f6e67,0x6c6f6e67,0x00000000
0x13014538,0x30330000,0x30330000,0x00000000
0x1301453c,0x04000000,0x04000000,0x00000000
0x13014548,0xc01ffffd,0xc01ffffd,0x00000000
0x1301454c,0x57696e67,0x57696e67,0x00000000
0x13014550,0x5f637572,0x5f637572,0x00000000
0x13014554,0x736f725f,0x736f725f,0x00000000
0x13014558,0x6c6f6e67,0x6c6f6e67,0x00000000
0x1301455c,0x30340000,0x30340000,0x00000000
0x1301456c,0xc01ffffe,0xc01ffffe,0x00000000
0x13014570,0x57696e67,0x57696e67,0x00000000
0x13014574,0x5f637572,0x5f637572,0x00000000
0x13014578,0x736f725f,0x736f725f,0x00000000
0x1301457c,0x6c6f6e67,0x6c6f6e67,0x00000000
0x13014588,0xbf6e6e60,0xbf6e6e60,0x00000000
0x1301458c,0xc33d8926,0xc33d8926,0x00000000
0x13014590,0xc0200000,0xc0200000,0x00000000
0x13014594,0x57696e67,0x57696e67,0x00000000
0x13014598,0x5f637572,0x5f637572,0x00000000
0x1301459c,0x736f725f,0x736f725f,0x00000000
0x130145ac,0xbf6e6e60,0xbf6e6e60,0x00000000
0x130145b0,0xc33d8926,0xc33d8926,0x00000000
0x130145b4,0xc01ffffd,0xc01ffffd,0x00000000
0x130145b8,0x930136b0,0x930136b0,0x00000000
0x130145bc,0x930129d8,0x930129d8,0x00000000
0x130145d4,0x807b4900,0x807b4900,0x00000000
0x130145f0,0x807b4900,0x807b4900,0x00000000
0x13014608,0x930147c0,0x930147c0,0x00000000
0x13014628,0x93014920,0x93014920,0x00000000
0x13014708,0x93015340,0x93015340,0x00000000
0x13014768,0x93015b80,0x93015b80,0x00000000
0x13014824,0x9301729a,0x9301729a,0x00000000
0x13014964,0x9301731f,0x9301731f,0x00000000
0x13014a24,0x93017375,0x93017375,0x00000000
0x13014ac8,0x93014b40,0x93014b40,0x00000000
0x13014ae8,0x93014bc0,0x93014bc0,0x00000000
0x13014bc4,0x930173e0,0x930173e0,0x00000000
0x13014bc8,0x93014c00,0x93014c00,0x00000000
0x13014cc8,0x93014d40,0x93014d40,0x00000000
0x13014dc4,0x93017432,0x93017432,0x00000000
0x13014f84,0x9301749f,0x9301749f,0x00000000
0x130150a8,0x930151e0,0x930151e0,0x00000000
0x13015128,0x93015060,0x93015060,0x00000000
0x13015164,0x93017591,0x93017591,0x00000000
0x13015168,0x93015060,0x93015060,0x00000000
0x13015308,0x93015060,0x93015060,0x00000000
0x13017c78,0x4f707469,0x4f707469,0x00000000
0x13017d44,0x004d656e,0x004d656e,0x00000000
0x13017da4,0x6e656e74,0x6e656e74,0x00000000
0x13017df4,0xbda90600,0xbda90600,0x00000000
0x13017e48,0xbda90600,0xbda90600,0x00000000
0x13017e68,0x4f707469,0x4f707469,0x00000000
0x13017f74,0x41b22875,0x41b22875,0x00000000
0x13017ff8,0x6f303900,0x6f303900,0x00000000
0x1301801c,0x04000000,0x04000000,0x00000000
0x130180e8,0x3d8ae200,0x3d8ae200,0x00000000
0x130180f4,0x675f3037,0x675f3037,0x00000000
0x130181a8,0x3d8ae200,0x3d8ae200,0x00000000
0x13018334,0x6f743031,0x6f743031,0x00000000
0x1301835c,0x0057696e,0x0057696e,0x00000000
0x13018388,0x63757273,0x63757273,0x00000000
0x1301841c,0x03000000,0x03000000,0x00000000
0x1301846c,0x6f6c3032,0x6f6c3032,0x00000000
0x130184a8,0x04000000,0x04000000,0x00000000
0x1301853c,0x6f6c3036,0x6f6c3036,0x00000000
0x13018544,0x04000000,0x04000000,0x00000000
0x13018548,0xc0dc39ca,0xc0dc39ca,0x00000000
0x13018550,0x3d007700,0x3d007700,0x00000000
0x13018590,0x930171d0,0x930171d0,0x00000000
0x13018594,0x57696e67,0x57696e67,0x00000000
0x13018598,0x63757273,0x63757273,0x00000000
0x1301859c,0x6f725f63,0x6f725f63,0x00000000
0x130185a0,0x6f6e7472,0x6f6e7472,0x00000000
0x130185a4,0x6f6c3038,0x6f6c3038,0x00000000
0x130185ac,0x04000000,0x04000000,0x00000000
0x130185b0,0xc0dc39ca,0xc0dc39ca,0x00000000
0x130185b4,0xc2f7de50,0xc2f7de50,0x00000000
0x130185b8,0x3d007700,0x3d007700,0x00000000
0x130185bc,0x03000000,0x03000000,0x00000000
0x130185c8,0x57696e67,0x57696e67,0x00000000
0x130185cc,0x63757273,0x63757273,0x00000000
0x130185d0,0x6f725f63,0x6f725f63,0x00000000
0x130185d4,0x6f6e7472,0x6f6e7472,0x00000000
0x130185d8,0x6f6c3039,0x6f6c3039,0x00000000
0x130185e0,0x04000000,0x04000000,0x00000000
0x130185e4,0xc0dc39ca,0xc0dc39ca,0x00000000
0x130185e8,0xc2f7de4e,0xc2f7de4e,0x00000000
0x130185ec,0x3d007700,0x3d007700,0x00000000
0x130185f0,0x03000000,0x03000000,0x00000000
0x130185f8,0x93017218,0x93017218,0x00000000
0x130185fc,0x9301723c,0x9301723c,0x00000000
0x13018614,0x807b4900,0x807b4900,0x00000000
0x13018630,0x807b4900,0x807b4900,0x00000000
0x130186a8,0x93018a40,0x93018a40,0x00000000
0x130186e8,0x93018de0,0x93018de0,0x00000000
0x13018708,0x93018f40,0x93018f40,0x00000000
0x130189a4,0x9301ae23,0x9301ae23,0x00000000
0x13018b28,0x93018c00,0x93018c00,0x00000000
0x13018c08,0x93018c40,0x93018c40,0x00000000
0x13018da8,0x93018ce0,0x93018ce0,0x00000000
0x13018e08,0x93018e60,0x93018e60,0x00000000
0x13018f84,0x9301afaa,0x9301afaa,0x00000000
0x13018f88,0x93019000,0x93019000,0x00000000
0x13019168,0x930190a0,0x930190a0,0x00000000
0x13019188,0x930190a0,0x930190a0,0x00000000
0x130191a8,0x930190a0,0x930190a0,0x00000000
0x130191e8,0x930192e0,0x930192e0,0x00000000
0x130193c8,0x93019480,0x93019480,0x00000000
0x130193e8,0x930190e0,0x930190e0,0x00000000
0x13019408,0x93019500,0x93019500,0x00000000
0x13019428,0x93019540,0x93019540,0x00000000
0x130194a8,0x93018f40,0x93018f40,0x00000000
0x13019608,0x93018de0,0x93018de0,0x00000000
0x13019648,0x93019680,0x93019680,0x00000000
0x13019688,0x93019380,0x93019380,0x00000000
0x130196e4,0x9301b1f6,0x9301b1f6,0x00000000
0x13019784,0x9301b2ac,0x9301b2ac,0x00000000
0x13019864,0x9301b203,0x9301b203,0x00000000
0x13019a48,0x93019a80,0x93019a80,0x00000000
0x13019b84,0x9301b2fa,0x9301b2fa,0x00000000
0x13019c48,0x930196c0,0x930196c0,0x00000000
0x13019cc8,0x9301b334,0x9301b334,0x00000000
0x13019cd0,0x9301c470,0x9301c470,0x00000000
0x13019cf8,0x9301b33c,0x9301b33c,0x00000000
0x1301b020,0x6f757073,0x6f757073,0x00000000
0x1301b1ac,0x676c6549,0x676c6549,0x00000000
0x1301bc64,0xc00080c0,0xc00080c0,0x00000000
0x1301bc90,0xc00080c0,0xc00080c0,0x00000000
0x1301bd48,0x04000000,0x04000000,0x00000000
0x1301be68,0x80c00080,0x80c00080,0x00000000
0x1301be88,0x09020eff,0x09020eff,0x00000000
0x1301bebc,0x09020eff,0x09020eff,0x00000000
0x1301bf10,0x6f6e5f6c,0x6f6e5f6c,0x00000000
0x1301bf70,0xc00080c0,0xc00080c0,0x00000000
0x1301c13c,0x30320000,0x30320000,0x00000000
0x1301c240,0x04000000,0x04000000,0x00000000
0x1301c374,0x443f4000,0x443f4000,0x00000000
0x1301cb88,0x9301c8a0,0x9301c8a0,0x00000000
0x1301cf48,0x9301d080,0x9301d080,0x00000000
0x1301cfe8,0x9301cf00,0x9301cf00,0x00000000
0x1301d028,0x9301cf00,0x9301cf00,0x00000000
0x1301d1e4,0x9301f32c,0x9301f32c,0x00000000
0x1301d288,0x9301d3a0,0x9301d3a0,0x00000000
0x1301d468,0x9301cc40,0x9301cc40,0x00000000
0x1301d4a8,0x9301d4e0,0x9301d4e0,0x00000000
0x1301d548,0x9301d6a0,0x9301d6a0,0x00000000
0x1301d568,0x9301d780,0x9301d780,0x00000000
0x1301d588,0x9301d840,0x9301d840,0x00000000
0x1301d628,0x9301d940,0x9301d940,0x00000000
0x1301d648,0x9301d780,0x9301d780,0x00000000
0x1301d708,0x9301d740,0x9301d740,0x00000000
0x1301d7c4,0x9301f65d,0x9301f65d,0x00000000
0x1301d7c8,0x9301d740,0x9301d740,0x00000000
0x1301d7e8,0x9301d740,0x9301d740,0x00000000
0x1301d808,0x9301d740,0x9301d740,0x00000000
0x1301d8a8,0x9301d8e0,0x9301d8e0,0x00000000
0x1301da24,0x9301f32c,0x9301f32c,0x00000000
0x1301daa4,0x9301f606,0x9301f606,0x00000000
0x1301dd6c,0x9301faa8,0x9301faa8,0x00000000
0x1301dd70,0x9301ecc0,0x9301ecc0,0x00000000
0x1301dd74,0x9301fabc,0x9301fabc,0x00000000
0x1301dd78,0x9301ed40,0x9301ed40,0x00000000
0x1301dd7c,0x9301facc,0x9301facc,0x00000000
0x1301dd8c,0x9301fae8,0x9301fae8,0x00000000
0x1301dd90,0x9301ef94,0x9301ef94,0x00000000
0x1301dd94,0x9301fb00,0x9301fb00,0x00000000
0x1301dd98,0x9301ef94,0x9301ef94,0x00000000
0x1301dd9c,0x9301fb04,0x9301fb04,0x00000000
0x1301ddac,0x9301fb18,0x9301fb18,0x00000000
0x1301ddb0,0x9301ef94,0x9301ef94,0x00000000
0x1301ddb4,0x9301fb00,0x9301fb00,0x00000000
0x1301ddb8,0x9301ef94,0x9301ef94,0x00000000
0x1301ddbc,0x9301fb04,0x9301fb04,0x00000000
0x1301ddcc,0x9301fb3c,0x9301fb3c,0x00000000
0x1301ddd0,0x9301ef94,0x9301ef94,0x00000000
0x1301ddd4,0x9301fb00,0x9301fb00,0x00000000
0x1301ddd8,0x9301ef94,0x9301ef94,0x00000000
0x1301dddc,0x9301fb04,0x9301fb04,0x00000000
0x1301ddec,0x9301fb60,0x9301fb60,0x00000000
0x1301ddf0,0x9301ef94,0x9301ef94,0x00000000
0x1301ddf4,0x9301fb00,0x9301fb00,0x00000000
0x1301ddf8,0x9301ef94,0x9301ef94,0x00000000
0x1301ddfc,0x9301fb04,0x9301fb04,0x00000000
0x1301de0c,0x9301fb84,0x9301fb84,0x00000000
0x1301de10,0x9301ef94,0x9301ef94,0x00000000
0x1301de14,0x9301fb00,0x9301fb00,0x00000000
0x1301de18,0x9301ef94,0x9301ef94,0x00000000
0x1301de1c,0x9301fb04,0x9301fb04,0x00000000
0x1301de2c,0x9301fba8,0x9301fba8,0x00000000
0x1301de30,0x9301ef94,0x9301ef94,0x00000000
0x1301de34,0x9301fb00,0x9301fb00,0x00000000
0x1301de38,0x9301ef94,0x9301ef94,0x00000000
0x1301de3c,0x9301fb04,0x9301fb04,0x00000000
0x1301de4c,0x9301fbcc,0x9301fbcc,0x00000000
0x1301de50,0x9301ef94,0x9301ef94,0x00000000
0x1301de54,0x9301fb00,0x9301fb00,0x00000000
0x1301de58,0x9301ef94,0x9301ef94,0x00000000
0x1301de5c,0x9301fb04,0x9301fb04,0x00000000
0x1301de6c,0x9301fbf0,0x9301fbf0,0x00000000
0x1301de70,0x9301ef94,0x9301ef94,0x00000000
0x1301de74,0x9301fb00,0x9301fb00,0x00000000
0x1301de78,0x9301ef94,0x9301ef94,0x00000000
0x1301de7c,0x9301fb04,0x9301fb04,0x00000000
0x1301de88,0x9301ebe0,0x9301ebe0,0x00000000
0x1301de8c,0x9301fc14,0x9301fc14,0x00000000
0x1301de90,0x9301ef94,0x9301ef94,0x00000000
0x1301de94,0x9301fb00,0x9301fb00,0x00000000
0x1301de98,0x9301ef94,0x9301ef94,0x00000000
0x1301de9c,0x9301fb04,0x9301fb04,0x00000000
0x1301dea8,0x9301ebe0,0x9301ebe0,0x00000000
0x1301deb0,0x9301ef94,0x9301ef94,0x00000000
0x1301deb4,0x9301fb00,0x9301fb00,0x00000000
0x1301deb8,0x9301ef94,0x9301ef94,0x00000000
0x1301debc,0x9301fb04,0x9301fb04,0x00000000
0x1301dec8,0x9301ebe0,0x9301ebe0,0x00000000
0x1301ded0,0x9301ef94,0x9301ef94,0x00000000
0x1301ded4,0x9301fb00,0x9301fb00,0x00000000
0x1301ded8,0x9301ef94,0x9301ef94,0x00000000
0x1301dedc,0x9301fb04,0x9301fb04,0x00000000
0x1301deec,0x9301fc84,0x9301fc84,0x00000000
0x1301def0,0x9301ecc0,0x9301ecc0,0x00000000
0x1301def4,0x9301fc98,0x9301fc98,0x00000000
0x1301def8,0x9301ef94,0x9301ef94,0x00000000
0x1301defc,0x9301fb04,0x9301fb04,0x00000000
0x1301df08,0x9301ebe0,0x9301ebe0,0x00000000
0x1301df0c,0x9301fcb4,0x9301fcb4,0x00000000
0x1301df10,0x9301ef94,0x9301ef94,0x00000000
0x1301df14,0x9301fb00,0x9301fb00,0x00000000
0x1301df18,0x9301ef94,0x9301ef94,0x00000000
0x1301df1c,0x9301fb04,0x9301fb04,0x00000000
0x1301df2c,0x9301fcd4,0x9301fcd4,0x00000000
0x1301df30,0x9301ef94,0x9301ef94,0x00000000
0x1301df34,0x9301fb00,0x9301fb00,0x00000000
0x1301df38,0x9301ef94,0x9301ef94,0x00000000
0x1301df3c,0x9301fb04,0x9301fb04,0x00000000
0x1301df48,0x9301ebe0,0x9301ebe0,0x00000000
0x1301df4c,0x9301fcf4,0x9301fcf4,0x00000000
0x1301df50,0x9301ef94,0x9301ef94,0x00000000
0x1301df54,0x9301fb00,0x9301fb00,0x00000000
0x1301df58,0x9301ef94,0x9301ef94,0x00000000
0x1301df5c,0x9301fb04,0x9301fb04,0x00000000
0x1301df68,0x9301ebe0,0x9301ebe0,0x00000000
0x1301df6c,0x9301fd14,0x9301fd14,0x00000000
0x1301df70,0x9301ef94,0x9301ef94,0x00000000
0x1301df74,0x9301fb00,0x9301fb00,0x00000000
0x1301df78,0x9301ef94,0x9301ef94,0x00000000
0x1301df7c,0x9301fb04,0x9301fb04,0x00000000
0x1301df8c,0x9301fd34,0x9301fd34,0x00000000
0x1301df90,0x9301ef94,0x9301ef94,0x00000000
0x1301df94,0x9301fb00,0x9301fb00,0x00000000
0x1301df98,0x9301ef94,0x9301ef94,0x00000000
0x1301df9c,0x9301fb04,0x9301fb04,0x00000000
0x1301dfac,0x9301fd54,0x9301fd54,0x00000000
0x1301dfb0,0x9301ef94,0x9301ef94,0x00000000
0x1301dfb4,0x9301fb00,0x9301fb00,0x00000000
0x1301dfb8,0x9301ef94,0x9301ef94,0x00000000
0x1301dfbc,0x9301fb04,0x9301fb04,0x00000000
0x1301dfc8,0x9301ebe0,0x9301ebe0,0x00000000
0x1301dfd0,0x9301ef94,0x9301ef94,0x00000000
0x1301dfd4,0x9301fb00,0x9301fb00,0x00000000
0x1301dfd8,0x9301ef94,0x9301ef94,0x00000000
0x1301dfdc,0x9301fb04,0x9301fb04,0x00000000
0x1301dfe8,0x9301ebe0,0x9301ebe0,0x00000000
0x1301dfec,0x9301fd94,0x9301fd94,0x00000000
0x1301dff0,0x9301ef94,0x9301ef94,0x00000000
0x1301dff4,0x9301fb00,0x9301fb00,0x00000000
0x1301dff8,0x9301ef94,0x9301ef94,0x00000000
0x1301dffc,0x9301fb04,0x9301fb04,0x00000000
0x1301e00c,0x9301fdb4,0x9301fdb4,0x00000000
0x1301e010,0x9301ef94,0x9301ef94,0x00000000
0x1301e014,0x9301fb00,0x9301fb00,0x00000000
0x1301e018,0x9301ef94,0x9301ef94,0x00000000
0x1301e01c,0x9301fb04,0x9301fb04,0x00000000
0x1301e02c,0x9301fdd4,0x9301fdd4,0x00000000
0x1301e030,0x9301ef94,0x9301ef94,0x00000000
0x1301e034,0x9301fb00,0x9301fb00,0x00000000
0x1301e038,0x9301ef94,0x9301ef94,0x00000000
0x1301e03c,0x9301fb04,0x9301fb04,0x00000000
0x1301e04c,0x9301fdf8,0x9301fdf8,0x00000000
0x1301e050,0x9301ef94,0x9301ef94,0x00000000
0x1301e054,0x9301fb00,0x9301fb00,0x00000000
0x1301e058,0x9301ef94,0x9301ef94,0x00000000
0x1301e05c,0x9301fb04,0x9301fb04,0x00000000
0x1301e06c,0x9301fe1c,0x9301fe1c,0x00000000
0x1301e070,0x9301ecc0,0x9301ecc0,0x00000000
0x1301e074,0x9301fe30,0x9301fe30,0x00000000
0x1301e078,0x9301ef94,0x9301ef94,0x00000000
0x1301e07c,0x9301fb04,0x9301fb04,0x00000000
0x1301e08c,0x9301fe50,0x9301fe50,0x00000000
0x1301e090,0x9301ecc0,0x9301ecc0,0x00000000
0x1301e094,0x9301fe64,0x9301fe64,0x00000000
0x1301e098,0x9301ef94,0x9301ef94,0x00000000
0x1301e09c,0x9301fb04,0x9301fb04,0x00000000
0x1301e0a8,0x9301ebe0,0x9301ebe0,0x00000000
0x1301e0ac,0x9301fe84,0x9301fe84,0x00000000
0x1301e0b0,0x9301ecc0,0x9301ecc0,0x00000000
0x1301e0b4,0x9301fe98,0x9301fe98,0x00000000
0x1301e0b8,0x9301ef94,0x9301ef94,0x00000000
0x1301e0bc,0x9301fb04,0x9301fb04,0x00000000
0x1301e0c0,0x9301fea8,0x9301fea8,0x00000000
0x1301e0c8,0x9301ebe0,0x9301ebe0,0x00000000
0x1301e0cc,0x9301feb8,0x9301feb8,0x00000000
0x1301e0d0,0x9301ecc0,0x9301ecc0,0x00000000
0x1301e0d4,0x9301fecc,0x9301fecc,0x00000000
0x1301e0d8,0x9301ef94,0x9301ef94,0x00000000
0x1301e0dc,0x9301fb04,0x9301fb04,0x00000000
0x13021468,0x930214e0,0x930214e0,0x00000000
0x130215c4,0x930234e5,0x930234e5,0x00000000
0x13021a64,0x93023635,0x93023635,0x00000000
0x13021a68,0x93021a00,0x93021a00,0x00000000
0x13021aa8,0x93021a00,0x93021a00,0x00000000
0x13021ac4,0x9302365f,0x9302365f,0x00000000
0x13021ac8,0x93021a00,0x93021a00,0x00000000
0x13021b04,0x93023685,0x93023685,0x00000000
0x13021b08,0x93021a00,0x93021a00,0x00000000
0x13021b24,0x93023696,0x93023696,0x00000000
0x13021b44,0x930236ac,0x930236ac,0x00000000
0x13021b48,0x93021c40,0x93021c40,0x00000000
0x13021bc4,0x9302362c,0x9302362c,0x00000000
0x13021c64,0x930236be,0x930236be,0x00000000
0x130226ec,0x93023940,0x93023940,0x00000000
0x1302270c,0x93023940,0x93023940,0x00000000
0x1302271c,0x93023980,0x93023980,0x00000000
0x1302272c,0x93023940,0x93023940,0x00000000
0x1302298c,0x3f800000,0x3f800000,0x00000000
0x1302299c,0x3f800000,0x3f800000,0x00000000
0x130229ac,0x3f800000,0x3f800000,0x00000000
0x130229ec,0x93023948,0x93023948,0x00000000
0x130229fc,0x930239e4,0x930239e4,0x00000000
0x13022a0c,0x93023948,0x93023948,0x00000000
0x13022a2c,0x93023948,0x93023948,0x00000000
0x13022a3c,0x93023940,0x93023940,0x00000000
0x13022a4c,0x93023948,0x93023948,0x00000000
0x13022a8c,0x93023948,0x93023948,0x00000000
0x13022a9c,0x93023940,0x93023940,0x00000000
0x13022aac,0x93023948,0x93023948,0x00000000
0x13022acc,0x93023948,0x93023948,0x00000000
0x13022adc,0x93023940,0x93023940,0x00000000
0x13022aec,0x93023948,0x93023948,0x00000000
0x13022b2c,0x93023948,0x93023948,0x00000000
0x13022b3c,0x93023940,0x93023940,0x00000000
0x13022b4c,0x93023948,0x93023948,0x00000000
0x13022b6c,0x93023948,0x93023948,0x00000000
0x13022b7c,0x93023940,0x93023940,0x00000000
0x13022b8c,0x93023948,0x93023948,0x00000000
0x13022ba8,0x93022740,0x93022740,0x00000000
0x13022bac,0x93023948,0x93023948,0x00000000
0x13022bbc,0x93023940,0x93023940,0x00000000
0x13022bcc,0x93023948,0x93023948,0x00000000
0x13022c30,0x93023be0,0x93023be0,0x00000000
0x13022c38,0x93022740,0x93022740,0x00000000
0x13022c3c,0x93023940,0x93023940,0x00000000
0x13022c48,0x93022740,0x93022740,0x00000000
0x13022c50,0x93023c08,0x93023c08,0x00000000
0x13022c58,0x93022740,0x93022740,0x00000000
0x13022c5c,0x93023940,0x93023940,0x00000000
0x13022c68,0x93022740,0x93022740,0x00000000
0x13022c70,0x93023c30,0x93023c30,0x00000000
0x13022c78,0x93022740,0x93022740,0x00000000
0x13022c7c,0x93023940,0x93023940,0x00000000
0x13022c8c,0x93023948,0x93023948,0x00000000
0x13022c90,0x93023c58,0x93023c58,0x00000000
0x13022c98,0x93022740,0x93022740,0x00000000
0x13022c9c,0x93023940,0x93023940,0x00000000
0x13022ca0,0x93022800,0x93022800,0x00000000
0x13022ca4,0x93023c70,0x93023c70,0x00000000
0x13022ca8,0x93022740,0x93022740,0x00000000
0x13022cac,0x93023948,0x93023948,0x00000000
0x13022cb0,0x93023c80,0x93023c80,0x00000000
0x13022cb8,0x93022740,0x93022740,0x00000000
0x13022cbc,0x93023940,0x93023940,0x00000000
0x13022cc8,0x93022740,0x93022740,0x00000000
0x13022ccc,0x93023948,0x93023948,0x00000000
0x13022cd0,0x93023ca8,0x93023ca8,0x00000000
0x13022cd8,0x93022740,0x93022740,0x00000000
0x13022cdc,0x93023940,0x93023940,0x00000000
0x13022cec,0x93023948,0x93023948,0x00000000
0x13022cf0,0x93023cc4,0x93023cc4,0x00000000
0x13022cf8,0x93022740,0x93022740,0x00000000
0x13022cfc,0x93023940,0x93023940,0x00000000
0x13022d08,0x93022740,0x93022740,0x00000000
0x13022d0c,0x93023948,0x93023948,0x00000000
0x13022d10,0x93023ce4,0x93023ce4,0x00000000
0x13022d18,0x93022740,0x93022740,0x00000000
0x13022d1c,0x93023940,0x93023940,0x00000000
0x13022d2c,0x93023948,0x93023948,0x00000000
0x13022d30,0x93023d04,0x93023d04,0x00000000
0x13022d38,0x93022740,0x93022740,0x00000000
0x13022d3c,0x93023940,0x93023940,0x00000000
0x13022d40,0x93022800,0x93022800,0x00000000
0x13022d44,0x93023d14,0x93023d14,0x00000000
0x13022d48,0x93022740,0x93022740,0x00000000
0x13022d4c,0x93023948,0x93023948,0x00000000
0x13022d50,0x93023d24,0x93023d24,0x00000000
0x13022d78,0x93022740,0x93022740,0x00000000
0x13022d7c,0x93023940,0x93023940,0x00000000
0x13022d80,0x93022800,0x93022800,0x00000000
0x13022d84,0x93023d54,0x93023d54,0x00000000
0x13022d90,0x93023d64,0x93023d64,0x00000000
0x13022d98,0x93022740,0x93022740,0x00000000
0x13022d9c,0x93023940,0x93023940,0x00000000
0x13022da8,0x93022740,0x93022740,0x00000000
0x13022dac,0x93023948,0x93023948,0x00000000
0x13022db0,0x93023d84,0x93023d84,0x00000000
0x13022db8,0x93022740,0x93022740,0x00000000
0x13022dbc,0x93023940,0x93023940,0x00000000
0x13022dcc,0x93023948,0x93023948,0x00000000
0x13022dd0,0x93023da4,0x93023da4,0x00000000
0x13022dd8,0x93022740,0x93022740,0x00000000
0x13022ddc,0x93023940,0x93023940,0x00000000
0x13022dec,0x93023948,0x93023948,0x00000000
0x13022df0,0x93023db3,0x93023db3,0x00000000
0x13022df8,0x93022740,0x93022740,0x00000000
0x13022dfc,0x93023940,0x93023940,0x00000000
0x13022e0c,0x93023948,0x93023948,0x00000000
0x13022e10,0x93023dc2,0x93023dc2,0x00000000
0x13022e18,0x93022740,0x93022740,0x00000000
0x13022e2c,0x93023948,0x93023948,0x00000000
0x13022e30,0x93023dd1,0x93023dd1,0x00000000
0x13022e38,0x93022740,0x93022740,0x00000000
0x13022e48,0x93022740,0x93022740,0x00000000
0x13022e4c,0x93023948,0x93023948,0x00000000
0x13022e50,0x93023de0,0x93023de0,0x00000000
0x13022e58,0x93022740,0x93022740,0x00000000
0x13022e5c,0x93023940,0x93023940,0x00000000
0x13022e68,0x93022740,0x93022740,0x00000000
0x13022e6c,0x93023948,0x93023948,0x00000000
0x13022e70,0x93023def,0x93023def,0x00000000
0x13022e78,0x93022740,0x93022740,0x00000000
0x13022e7c,0x93023940,0x93023940,0x00000000
0x13022e88,0x93022740,0x93022740,0x00000000
0x13022e90,0x93023dfe,0x93023dfe,0x00000000
0x13022e98,0x93022740,0x93022740,0x00000000
0x13022e9c,0x93023940,0x93023940,0x00000000
0x13022eac,0x93023948,0x93023948,0x00000000
0x13022eb0,0x93023e0d,0x93023e0d,0x00000000
0x13022eb8,0x93022740,0x93022740,0x00000000
0x13022ebc,0x93023940,0x93023940,0x00000000
0x13022ecc,0x93023948,0x93023948,0x00000000
0x13022ed0,0x93023e2c,0x93023e2c,0x00000000
0x13022ed8,0x93022740,0x93022740,0x00000000
0x13022edc,0x93023940,0x93023940,0x00000000
0x13022ee8,0x93022740,0x93022740,0x00000000
0x13022eec,0x93023948,0x93023948,0x00000000
0x13022ef0,0x93023e4c,0x93023e4c,0x00000000
0x13022ef8,0x93022740,0x93022740,0x00000000
0x13022efc,0x93023940,0x93023940,0x00000000
0x13022f00,0x93022800,0x93022800,0x00000000
0x13022f04,0x93023e5c,0x93023e5c,0x00000000
0x13022f08,0x93022740,0x93022740,0x00000000
0x13022f0c,0x93023948,0x93023948,0x00000000
0x13022f10,0x93023e6c,0x93023e6c,0x00000000
0x13022f18,0x93022740,0x93022740,0x00000000
0x13022f1c,0x93023940,0x93023940,0x00000000
0x13022f28,0x93022740,0x93022740,0x00000000
0x13022f2c,0x93023948,0x93023948,0x00000000
0x13022f30,0x93023e8c,0x93023e8c,0x00000000
0x13022f38,0x93022740,0x93022740,0x00000000
0x13022f3c,0x93023940,0x93023940,0x00000000
0x13022f48,0x93022740,0x93022740,0x00000000
0x13022f4c,0x93023948,0x93023948,0x00000000
0x13022f50,0x93023eac,0x93023eac,0x00000000
0x13022f58,0x93022740,0x93022740,0x00000000
0x13022f5c,0x93023940,0x93023940,0x00000000
0x13022f68,0x93022740,0x93022740,0x00000000
0x13022f6c,0x93023948,0x93023948,0x00000000
0x13022f70,0x93023ecc,0x93023ecc,0x00000000
0x13022f78,0x93022740,0x93022740,0x00000000
0x13022f7c,0x93023940,0x93023940,0x00000000
0x13022f8c,0x93023948,0x93023948,0x00000000
0x13022f90,0x93023eec,0x93023eec,0x00000000
0x13022f98,0x93022740,0x93022740,0x00000000
0x13022f9c,0x93023940,0x93023940,0x00000000
0x13022fa0,0x93022740,0x93022740,0x00000000
0x13022fa4,0x93023944,0x93023944,0x00000000
0x13022fa8,0x93022740,0x93022740,0x00000000
0x13022fac,0x93023948,0x93023948,0x00000000
0x13022fb0,0x93023f00,0x93023f00,0x00000000
0x13022fb8,0x93022740,0x93022740,0x00000000
0x13022fbc,0x93023940,0x93023940,0x00000000
0x13022fc8,0x93022740,0x93022740,0x00000000
0x13022fcc,0x93023948,0x93023948,0x00000000
0x13022fd0,0x93023f16,0x93023f16,0x00000000
0x13022fd8,0x93022740,0x93022740,0x00000000
0x13022fdc,0x93023940,0x93023940,0x00000000
0x13022fe0,0x93022740,0x93022740,0x00000000
0x13022fe4,0x93023944,0x93023944,0x00000000
0x13023030,0x93023f58,0x93023f58,0x00000000
0x13023038,0x93022740,0x93022740,0x00000000
0x1302303c,0x93023940,0x93023940,0x00000000
0x1302304c,0x93023948,0x93023948,0x00000000
0x13023050,0x93023f6e,0x93023f6e,0x00000000
0x13023058,0x93022740,0x93022740,0x00000000
0x1302305c,0x93023940,0x93023940,0x00000000
0x1302306c,0x93023948,0x93023948,0x00000000
0x1302307c,0x93023940,0x93023940,0x00000000
0x1302308c,0x93023948,0x93023948,0x00000000
0x13023098,0x93022740,0x93022740,0x00000000
0x1302309c,0x93023940,0x93023940,0x00000000
0x130230a0,0x93022800,0x93022800,0x00000000
0x130230a4,0x93023fbc,0x93023fbc,0x00000000
0x130230a8,0x93022740,0x93022740,0x00000000
0x130230ac,0x93023948,0x93023948,0x00000000
0x130230b0,0x93023fcc,0x93023fcc,0x00000000
0x130230b8,0x93022740,0x93022740,0x00000000
0x130230bc,0x93023940,0x93023940,0x00000000
0x130230c8,0x93022740,0x93022740,0x00000000
0x130230cc,0x93023948,0x93023948,0x00000000
0x130230d0,0x93023fec,0x93023fec,0x00000000
0x130230d8,0x93022740,0x93022740,0x00000000
0x130230dc,0x93023940,0x93023940,0x00000000
0x130230e0,0x93022800,0x93022800,0x00000000
0x130230e4,0x9302400c,0x9302400c,0x00000000
0x130230e8,0x93022740,0x93022740,0x00000000
0x130230ec,0x93023948,0x93023948,0x00000000
0x130230f0,0x9302401c,0x9302401c,0x00000000
0x130230f8,0x93022740,0x93022740,0x00000000
0x130230fc,0x93023940,0x93023940,0x00000000
0x13023108,0x93022740,0x93022740,0x00000000
0x1302310c,0x93023948,0x93023948,0x00000000
0x13023118,0x93022740,0x93022740,0x00000000
0x1302311c,0x93023940,0x93023940,0x00000000
0x1302312c,0x93023948,0x93023948,0x00000000
0x13023130,0x9302407c,0x9302407c,0x00000000
0x13023138,0x93022740,0x93022740,0x00000000
0x1302313c,0x93023940,0x93023940,0x00000000
0x13023140,0x93022800,0x93022800,0x00000000
0x13023148,0x93022740,0x93022740,0x00000000
0x1302314c,0x93023948,0x93023948,0x00000000
0x13023150,0x930240ac,0x930240ac,0x00000000
0x13023158,0x93022740,0x93022740,0x00000000
0x1302315c,0x93023940,0x93023940,0x00000000
0x13023168,0x93022740,0x93022740,0x00000000
0x1302316c,0x93023948,0x93023948,0x00000000
0x13023170,0x930240dc,0x930240dc,0x00000000
0x13023178,0x93022740,0x93022740,0x00000000
0x1302317c,0x93023940,0x93023940,0x00000000
0x13023188,0x93022740,0x93022740,0x00000000
0x1302318c,0x93023948,0x93023948,0x00000000
0x13023190,0x9302410c,0x9302410c,0x00000000
0x13023198,0x93022740,0x93022740,0x00000000
0x1302319c,0x93023940,0x93023940,0x00000000
0x130231a0,0x93022800,0x93022800,0x00000000
0x130231a4,0x9302412c,0x9302412c,0x00000000
0x130231a8,0x93022740,0x93022740,0x00000000
0x130231ac,0x93023948,0x93023948,0x00000000
0x130231b0,0x9302413c,0x9302413c,0x00000000
0x130231b8,0x93022740,0x93022740,0x00000000
0x130231bc,0x93023940,0x93023940,0x00000000
0x130231c8,0x93022740,0x93022740,0x00000000
0x130231cc,0x93023948,0x93023948,0x00000000
0x130231d0,0x93024160,0x93024160,0x00000000
0x130231d8,0x93022740,0x93022740,0x00000000
0x130231dc,0x93023940,0x93023940,0x00000000
0x130231e8,0x93022740,0x93022740,0x00000000
0x130231ec,0x93023948,0x93023948,0x00000000
0x130231f0,0x93024184,0x93024184,0x00000000
0x130231f8,0x93022740,0x93022740,0x00000000
0x130231fc,0x93023940,0x93023940,0x00000000
0x13023208,0x93022740,0x93022740,0x00000000
0x1302320c,0x93023948,0x93023948,0x00000000
0x13023210,0x930241a8,0x930241a8,0x00000000
0x13023218,0x93022740,0x93022740,0x00000000
0x1302321c,0x93023940,0x93023940,0x00000000
0x13023228,0x93022740,0x93022740,0x00000000
0x13023230,0x930241cc,0x930241cc,0x00000000
0x13023238,0x93022740,0x93022740,0x00000000
0x1302323c,0x93023940,0x93023940,0x00000000
0x13023248,0x93022740,0x93022740,0x00000000
0x13023250,0x930241f0,0x930241f0,0x00000000
0x13023258,0x93022740,0x93022740,0x00000000
0x1302325c,0x93023940,0x93023940,0x00000000
0x13023268,0x93022740,0x93022740,0x00000000
0x13023270,0x93024214,0x93024214,0x00000000
0x13023278,0x93022740,0x93022740,0x00000000
0x1302327c,0x93023940,0x93023940,0x00000000
0x13023280,0x93022800,0x93022800,0x00000000
0x13023284,0x93024228,0x93024228,0x00000000
0x13023288,0x93022740,0x93022740,0x00000000
0x1302328c,0x93023948,0x93023948,0x00000000
0x13023290,0x930239b8,0x930239b8,0x00000000
0x13023298,0x93022740,0x93022740,0x00000000
0x1302329c,0x93023940,0x93023940,0x00000000
0x130232a8,0x93022740,0x93022740,0x00000000
0x130232ac,0x93023948,0x93023948,0x00000000
0x130232b4,0x930239e1,0x930239e1,0x00000000
0x130232b8,0x930227a0,0x930227a0,0x00000000
0x130232d4,0x9302395a,0x9302395a,0x00000000
0x130232f4,0x93023962,0x93023962,0x00000000
0x13023334,0x3d088889,0x3d088889,0x00000000
0x13023338,0x3bb60b61,0x3bb60b61,0x00000000
0x1302333c,0x40c00000,0x40c00000,0x00000000
0x13023344,0x9302423c,0x9302423c,0x00000000
0x13023348,0x41727454,0x41727454,0x00000000
0x1302334c,0x6f6f6c49,0x6f6f6c49,0x00000000
0x13023350,0x6e666f00,0x6e666f00,0x00000000
0x13023354,0x46726f6d,0x46726f6d,0x00000000
0x13023358,0x41727454,0x41727454,0x00000000
0x1302335c,0x6f6f6c4e,0x6f6f6c4e,0x00000000
0x13023360,0x616d6500,0x616d6500,0x00000000
0x13023374,0x73696f6e,0x73696f6e,0x00000000
0x130233bc,0x6563746f,0x6563746f,0x00000000
0x13023408,0x6f725265,0x6f725265,0x00000000
0x13023434,0x746f6d69,0x746f6d69,0x00000000
0x13023444,0x74657242,0x74657242,0x00000000
0x13023448,0x75696c64,0x75696c64,0x00000000
0x13023450,0x65720046,0x65720046,0x00000000
0x13023454,0x726f6d46,0x726f6d46,0x00000000
0x13023458,0x696c654e,0x696c654e,0x00000000
0x130235fc,0x74333200,0x74333200,0x00000000
0x13023618,0x65726961,0x65726961,0x00000000
0x1302363c,0x00496e64,0x00496e64,0x00000000
0x13023640,0x69636573,0x69636573,0x00000000
0x13023644,0x31360049,0x31360049,0x00000000
0x13023654,0x6f566572,0x6f566572,0x00000000
0x13023668,0x7269616e,0x7269616e,0x00000000
0x1302366c,0x676c654d,0x676c654d,0x00000000
0x13023698,0x69616e67,0x69616e67,0x00000000
0x1302369c,0x6c65546f,0x6c65546f,0x00000000
0x130236c0,0x69416e6e,0x69416e6e,0x00000000
0x130236c4,0x6f746174,0x6f746174,0x00000000
0x130236c8,0x696f6e73,0x696f6e73,0x00000000
0x13023784,0x4e616d65,0x4e616d65,0x00000000
0x130237a4,0x6573004d,0x6573004d,0x00000000
0x130237c4,0x656e7400,0x656e7400,0x00000000
0x130237e4,0x73005665,0x73005665,0x00000000
0x13023804,0x6e005661,0x6e005661,0x00000000
0x13023824,0x54726163,0x54726163,0x00000000
0x13023844,0x73697469,0x73697469,0x00000000
0x13023864,0x73666f72,0x73666f72,0x00000000
0x13023884,0x00456e74,0x00456e74,0x00000000
0x130238c4,0x69634c6f,0x69634c6f,0x00000000
0x130238e4,0x61736973,0x61736973,0x00000000
0x13023904,0x00447572,0x00447572,0x00000000
0x13023924,0x93022658,0x93022658,0x00000000
0x13023944,0x02000003,0x02000003,0x00000000
0x13023964,0x6e74726f,0x6e74726f,0x00000000
0x130239a4,0x408c3127,0x408c3127,0x00000000
0x130239c4,0x6f6e7300,0x6f6e7300,0x00000000
0x130239e4,0x05000000,0x05000000,0x00000000
0x13023a04,0xc0448045,0xc0448045,0x00000000
0x13023a24,0x3f3504f6,0x3f3504f6,0x00000000
0x13023a44,0x6c6f6e67,0x6c6f6e67,0x00000000
0x13023a64,0x7265795f,0x7265795f,0x00000000
0x13023a84,0x6f725f67,0x6f725f67,0x00000000
0x13023aa4,0x43757273,0x43757273,0x00000000
0x13023ac4,0xbffffffd,0xbffffffd,0x00000000
0x13023b24,0x04000000,0x04000000,0x00000000
0x13023b84,0x35004375,0x35004375,0x00000000
0x13023bc4,0x74615f6c,0x74615f6c,0x00000000
0x13023be4,0x6f725f6d,0x6f725f6d,0x00000000
0x13023c04,0xc0400026,0xc0400026,0x00000000
0x13023c44,0x34000000,0x34000000,0x00000000
0x13023c64,0x74615f6c,0x74615f6c,0x00000000
0x13023c84,0x6f725f6d,0x6f725f6d,0x00000000
0x13023ca4,0xc0400025,0xc0400025,0x00000000
0x13023cc4,0x4d656e75,0x4d656e75,0x00000000
0x13023ce4,0x4d656e75,0x4d656e75,0x00000000
0x13023d04,0x4d656e75,0x4d656e75,0x00000000
0x13023d24,0x4d656e75,0x4d656e75,0x00000000
0x13023d44,0x4d656e75,0x4d656e75,0x00000000
0x13023d64,0x4d656e75,0x4d656e75,0x00000000
0x13023d84,0x4d656e75,0x4d656e75,0x00000000
0x13023da4,0x4f707469,0x4f707469,0x00000000
0x13023dc4,0x74696f6e,0x74696f6e,0x00000000
0x13023de4,0x6f6e4375,0x6f6e4375,0x00000000
0x13023e04,0x43757273,0x43757273,0x00000000
0x13023e24,0xbeca5f40,0xbeca5f40,0x00000000
0x13023e44,0xbeca5f40,0xbeca5f40,0x00000000
0x13023e64,0xbeca5f58,0xbeca5f58,0x00000000
0x13023e84,0xbeca5f58,0xbeca5f58,0x00000000
0x13023ea4,0xbeca5f4c,0xbeca5f4c,0x00000000
0x13023f84,0x5375626d,0x5375626d,0x00000000
0x13023fe4,0xbe74bc68,0xbe74bc68,0x00000000
0x13024024,0x5f4c6f6e,0x5f4c6f6e,0x00000000
0x13024064,0x756c6172,0x756c6172,0x00000000
0x130240a4,0x35400000,0x35400000,0x00000000
0x13024104,0x34400000,0x34400000,0x00000000
0x13024184,0x57696e67,0x57696e67,0x00000000
0x13024204,0x04000000,0x04000000,0x00000000
0x13024284,0x93026628,0x93026628,0x00000000
0x130242c4,0x93026733,0x93026733,0x00000000
0x13024324,0x930267fc,0x930267fc,0x00000000
0x13024344,0x93026849,0x93026849,0x00000000
0x13024364,0x930268e0,0x930268e0,0x00000000
0x130243a8,0x93025220,0x93025220,0x00000000
0x130243c8,0x93025300,0x93025300,0x00000000
0x13027430,0x04000000,0x04000000,0x00000000
0x1302b064,0x9302cda0,0x9302cda0,0x00000000
0x1302c30c,0x9302d1e8,0x9302d1e8,0x00000000
0x1302c31c,0x9302d1e0,0x9302d1e0,0x00000000
0x1302c32c,0x9302d1e8,0x9302d1e8,0x00000000
0x1302c33c,0x9302d1e0,0x9302d1e0,0x00000000
0x1302c34c,0x9302d1e8,0x9302d1e8,0x00000000
0x1302c35c,0x9302d1e0,0x9302d1e0,0x00000000
0x1302c36c,0x9302d1e8,0x9302d1e8,0x00000000
0x1302c37c,0x9302d1e0,0x9302d1e0,0x00000000
0x1302c38c,0x9302d1e8,0x9302d1e8,0x00000000
0x1302c39c,0x9302d1e0,0x9302d1e0,0x00000000
0x1302c3dc,0x9302d1e0,0x9302d1e0,0x00000000
0x1302c3ec,0x9302d1e8,0x9302d1e8,0x00000000
0x1302c3fc,0x9302d1e0,0x9302d1e0,0x00000000
0x1302c40c,0x9302d1e8,0x9302d1e8,0x00000000
0x1302c41c,0x9302d1e0,0x9302d1e0,0x00000000
0x1302c42c,0x9302d1e8,0x9302d1e8,0x00000000
0x1302c43c,0x9302d1e0,0x9302d1e0,0x00000000
0x1302c444,0x9302d1e4,0x9302d1e4,0x00000000
0x1302c44c,0x9302d1e8,0x9302d1e8,0x00000000
0x1302c45c,0x9302d1e0,0x9302d1e0,0x00000000
0x1302c46c,0x9302d1e8,0x9302d1e8,0x00000000
0x1302c47c,0x9302d1e0,0x9302d1e0,0x00000000
0x1302c60c,0x9302d1e8,0x9302d1e8,0x00000000
0x1302c61c,0x9302d1e0,0x9302d1e0,0x00000000
0x1302c6e4,0x9302d1e4,0x9302d1e4,0x00000000
0x1302c6ec,0x9302d1e8,0x9302d1e8,0x00000000
0x1302c6fc,0x9302d1e0,0x9302d1e0,0x00000000
0x1302cefc,0x61700056,0x61700056,0x00000000
0x1302fa80,0x9302f4c0,0x9302f4c0,0x00000000
0x1302fa84,0x93030a54,0x93030a54,0x00000000
0x1302fa88,0x9302f400,0x9302f400,0x00000000
0x1302fa8c,0x93030608,0x93030608,0x00000000
0x1302fa98,0x9302f400,0x9302f400,0x00000000
0x1302fa9c,0x93030600,0x93030600,0x00000000
0x1302faa4,0x93030604,0x93030604,0x00000000
0x1302faa8,0x9302f400,0x9302f400,0x00000000
0x1302fab0,0x93030a73,0x93030a73,0x00000000
0x1302fae8,0x9302f400,0x9302f400,0x00000000
0x1302faec,0x93030608,0x93030608,0x00000000
0x1302faf0,0x93030a91,0x93030a91,0x00000000
0x1302faf8,0x9302f400,0x9302f400,0x00000000
0x1302fafc,0x93030600,0x93030600,0x00000000
0x1302fb0c,0x93030608,0x93030608,0x00000000
0x1302fb18,0x9302f400,0x9302f400,0x00000000
0x1302fb28,0x9302f400,0x9302f400,0x00000000
0x1302fb2c,0x93030608,0x93030608,0x00000000
0x1302fb30,0x93030aaf,0x93030aaf,0x00000000
0x1302fb38,0x9302f400,0x9302f400,0x00000000
0x1302fb3c,0x93030600,0x93030600,0x00000000
0x1302fb5c,0x93030600,0x93030600,0x00000000
0x1302fb70,0x93030acd,0x93030acd,0x00000000
0x1302fba4,0x93030afc,0x93030afc,0x00000000
0x1302fba8,0x9302f400,0x9302f400,0x00000000
0x1302fbac,0x93030608,0x93030608,0x00000000
0x1302fbb0,0x93030b0c,0x93030b0c,0x00000000
0x1302fbb8,0x9302f400,0x9302f400,0x00000000
0x1302fbbc,0x93030600,0x93030600,0x00000000
0x1302fbcc,0x93030608,0x93030608,0x00000000
0x1302fbd8,0x9302f400,0x9302f400,0x00000000
0x1302fbdc,0x93030600,0x93030600,0x00000000
0x1302fc04,0x93030b5c,0x93030b5c,0x00000000
0x1302fc08,0x9302f400,0x9302f400,0x00000000
0x1302fc0c,0x93030608,0x93030608,0x00000000
0x1302fc18,0x9302f400,0x9302f400,0x00000000
0x1302fc1c,0x93030600,0x93030600,0x00000000
0x1302fc38,0x9302f400,0x9302f400,0x00000000
0x1302fc3c,0x93030600,0x93030600,0x00000000
0x1302fc48,0x9302f400,0x9302f400,0x00000000
0x1302fc4c,0x93030608,0x93030608,0x00000000
0x1302fc50,0x93030bac,0x93030bac,0x00000000
0x1302fc58,0x9302f400,0x9302f400,0x00000000
0x1302fc5c,0x93030600,0x93030600,0x00000000
0x1302fc60,0x9302f400,0x9302f400,0x00000000
0x1302fc64,0x93030604,0x93030604,0x00000000
0x1302fc68,0x9302f400,0x9302f400,0x00000000
0x1302fc98,0x9302f400,0x9302f400,0x00000000
0x1302fcb0,0x93030bec,0x93030bec,0x00000000
0x1302fcdc,0x93030600,0x93030600,0x00000000
0x1302fcfc,0x93030600,0x93030600,0x00000000
0x1302fd18,0x9302f400,0x9302f400,0x00000000
0x1302fd1c,0x93030600,0x93030600,0x00000000
0x1302fd5c,0x93030600,0x93030600,0x00000000
0x1302fd6c,0x93030608,0x93030608,0x00000000
0x1302fd70,0x93030c8c,0x93030c8c,0x00000000
0x1302fd78,0x9302f400,0x9302f400,0x00000000
0x1302fd7c,0x93030600,0x93030600,0x00000000
0x1302fd8c,0x93030608,0x93030608,0x00000000
0x1302fd90,0x93030cac,0x93030cac,0x00000000
0x1302fd98,0x9302f400,0x9302f400,0x00000000
0x1302fd9c,0x93030600,0x93030600,0x00000000
0x1302fda8,0x9302f400,0x9302f400,0x00000000
0x1302fdac,0x93030608,0x93030608,0x00000000
0x1302fdb0,0x93030cdc,0x93030cdc,0x00000000
0x1302fdb8,0x9302f400,0x9302f400,0x00000000
0x1302fdbc,0x93030600,0x93030600,0x00000000
0x1302fdcc,0x93030608,0x93030608,0x00000000
0x1302fdd0,0x93030d0c,0x93030d0c,0x00000000
0x1302fdd8,0x9302f400,0x9302f400,0x00000000
0x1302fddc,0x93030600,0x93030600,0x00000000
0x1302fdec,0x93030608,0x93030608,0x00000000
0x1302fdf0,0x93030d3c,0x93030d3c,0x00000000
0x1302fdf8,0x9302f400,0x9302f400,0x00000000
0x1302fdfc,0x93030600,0x93030600,0x00000000
0x1302fe0c,0x93030608,0x93030608,0x00000000
0x1302fe10,0x93030d6c,0x93030d6c,0x00000000
0x1302fe18,0x9302f400,0x9302f400,0x00000000
0x1302fe1c,0x93030600,0x93030600,0x00000000
0x1302fe2c,0x93030608,0x93030608,0x00000000
0x1302fe30,0x93030d9c,0x93030d9c,0x00000000
0x1302fe38,0x9302f400,0x9302f400,0x00000000
0x1302fe3c,0x93030600,0x93030600,0x00000000
0x1302fe4c,0x93030608,0x93030608,0x00000000
0x1302fe50,0x93030dcc,0x93030dcc,0x00000000
0x1302fe58,0x9302f400,0x9302f400,0x00000000
0x1302fe5c,0x93030600,0x93030600,0x00000000
0x1302fe6c,0x93030608,0x93030608,0x00000000
0x1302fe70,0x93030dfc,0x93030dfc,0x00000000
0x1302fe78,0x9302f400,0x9302f400,0x00000000
0x1302fe7c,0x93030600,0x93030600,0x00000000
0x1302fe8c,0x93030608,0x93030608,0x00000000
0x1302fe90,0x93030e20,0x93030e20,0x00000000
0x1302fe98,0x9302f400,0x9302f400,0x00000000
0x1302fe9c,0x93030600,0x93030600,0x00000000
0x1302feac,0x93030608,0x93030608,0x00000000
0x1302feb0,0x93030e44,0x93030e44,0x00000000
0x1302feb8,0x9302f400,0x9302f400,0x00000000
0x1302febc,0x93030600,0x93030600,0x00000000
0x1302fecc,0x93030608,0x93030608,0x00000000
0x1302fed0,0x93030e68,0x93030e68,0x00000000
0x1302fed8,0x9302f400,0x9302f400,0x00000000
0x1302fedc,0x93030600,0x93030600,0x00000000
0x1302fee8,0x9302f400,0x9302f400,0x00000000
0x1302feec,0x93030608,0x93030608,0x00000000
0x1302fef0,0x93030e8c,0x93030e8c,0x00000000
0x1302fef8,0x9302f400,0x9302f400,0x00000000
0x1302fefc,0x93030600,0x93030600,0x00000000
0x1302ff00,0x9302f4c0,0x9302f4c0,0x00000000
0x1302ff04,0x93030ea0,0x93030ea0,0x00000000
0x1302ff08,0x9302f400,0x9302f400,0x00000000
0x1302ff0c,0x93030608,0x93030608,0x00000000
0x1302ff10,0x93030eb0,0x93030eb0,0x00000000
0x1302ff18,0x9302f400,0x9302f400,0x00000000
0x1302ff1c,0x93030600,0x93030600,0x00000000
0x1302ff28,0x9302f400,0x9302f400,0x00000000
0x1302ff2c,0x93030608,0x93030608,0x00000000
0x1302ff30,0x93030ed4,0x93030ed4,0x00000000
0x1302ff38,0x9302f400,0x9302f400,0x00000000
0x1302ff3c,0x93030600,0x93030600,0x00000000
0x1302ff48,0x9302f400,0x9302f400,0x00000000
0x1302ff4c,0x93030608,0x93030608,0x00000000
0x1302ff50,0x93030678,0x93030678,0x00000000
0x1302ff58,0x9302f400,0x9302f400,0x00000000
0x1302ff5c,0x93030600,0x93030600,0x00000000
0x1302ff68,0x9302f400,0x9302f400,0x00000000
0x1302ff6c,0x93030608,0x93030608,0x00000000
0x1302ff74,0x930306a1,0x930306a1,0x00000000
0x1302ff78,0x9302f460,0x9302f460,0x00000000
0x1302ff94,0x9303061a,0x9303061a,0x00000000
0x1302ffb4,0x93030622,0x93030622,0x00000000
0x1302fff4,0x3d088889,0x3d088889,0x00000000
0x1302fff8,0x3bb60b61,0x3bb60b61,0x00000000
0x1302fffc,0x40c00000,0x40c00000,0x00000000
0x13030008,0x41727454,0x41727454,0x00000000
0x13030010,0x6e666f00,0x6e666f00,0x00000000
0x13030014,0x46726f6d,0x46726f6d,0x00000000
0x13030018,0x41727454,0x41727454,0x00000000
0x1303001c,0x6f6f6c4e,0x6f6f6c4e,0x00000000
0x13030028,0x6f6f6c4d,0x6f6f6c4d,0x00000000
0x13030030,0x52657669,0x52657669,0x00000000
0x13030034,0x73696f6e,0x73696f6e,0x00000000
0x13030038,0x00417274,0x00417274,0x00000000
0x1303003c,0x546f6f6c,0x546f6f6c,0x00000000
0x13030048,0x6973696f,0x6973696f,0x00000000
0x1303004c,0x6e004172,0x6e004172,0x00000000
0x13030050,0x74546f6f,0x74546f6f,0x00000000
0x13030054,0x6c506f69,0x6c506f69,0x00000000
0x13030058,0x6e746572,0x6e746572,0x00000000
0x1303005c,0x53697a65,0x53697a65,0x00000000
0x13030060,0x00556e69,0x00556e69,0x00000000
0x13030064,0x74735065,0x74735065,0x00000000
0x13030068,0x724d6574,0x724d6574,0x00000000
0x1303006c,0x6572004f,0x6572004f,0x00000000
0x13030070,0x72696769,0x72696769,0x00000000
0x13030074,0x6e005269,0x6e005269,0x00000000
0x13030078,0x67687456,0x67687456,0x00000000
0x1303007c,0x6563746f,0x6563746f,0x00000000
0x13030088,0x6f720042,0x6f720042,0x00000000
0x1303008c,0x61636b56,0x61636b56,0x00000000
0x13030090,0x6563746f,0x6563746f,0x00000000
0x13030094,0x72004578,0x72004578,0x00000000
0x13030098,0x74656e64,0x74656e64,0x00000000
0x1303009c,0x65644461,0x65644461,0x00000000
0x130300a8,0x74657249,0x74657249,0x00000000
0x130300ac,0x6e666f00,0x6e666f00,0x00000000
0x130300b0,0x4578706f,0x4578706f,0x00000000
0x130300b4,0x72746572,0x72746572,0x00000000
0x130300b8,0x4e616d65,0x4e616d65,0x00000000
0x130300bc,0x00457870,0x00457870,0x00000000
0x130300c8,0x6f725265,0x6f725265,0x00000000
0x130300cc,0x76697369,0x76697369,0x00000000
0x130300d0,0x6f6e0045,0x6f6e0045,0x00000000
0x130300d4,0x78706f72,0x78706f72,0x00000000
0x130300d8,0x7465724d,0x7465724d,0x00000000
0x130300dc,0x696e6f72,0x696e6f72,0x00000000
0x130300e8,0x00457870,0x00457870,0x00000000
0x130300ec,0x6f727465,0x6f727465,0x00000000
0x130300f0,0x72437573,0x72437573,0x00000000
0x130300f4,0x746f6d69,0x746f6d69,0x00000000
0x130300f8,0x7a617469,0x7a617469,0x00000000
0x130300fc,0x6f6e0045,0x6f6e0045,0x00000000
0x13030108,0x75696c64,0x75696c64,0x00000000
0x1303010c,0x4e756d62,0x4e756d62,0x00000000
0x13030110,0x65720046,0x65720046,0x00000000
0x13030114,0x726f6d46,0x726f6d46,0x00000000
0x13030118,0x696c654e,0x696c654e,0x00000000
0x1303011c,0x616d6500,0x616d6500,0x00000000
0x13030128,0x00546578,0x00546578,0x00000000
0x1303012c,0x74757265,0x74757265,0x00000000
0x13030130,0x54797065,0x54797065,0x00000000
0x13030134,0x00576964,0x00576964,0x00000000
0x13030138,0x74680048,0x74680048,0x00000000
0x1303013c,0x65696768,0x65696768,0x00000000
0x13030140,0x7400456e,0x7400456e,0x00000000
0x13030144,0x636f6469,0x636f6469,0x00000000
0x13030148,0x6e670053,0x6e670053,0x00000000
0x1303014c,0x7562466f,0x7562466f,0x00000000
0x13030150,0x726d6174,0x726d6174,0x00000000
0x13030154,0x004c6179,0x004c6179,0x00000000
0x13030158,0x6f757400,0x6f757400,0x00000000
0x1303015c,0x42797465,0x42797465,0x00000000
0x13030168,0x6c005368,0x6c005368,0x00000000
0x1303016c,0x69667446,0x69667446,0x00000000
0x13030170,0x6f72436f,0x6f72436f,0x00000000
0x13030174,0x6d706f6e,0x6d706f6e,0x00000000
0x13030178,0x656e7400,0x656e7400,0x00000000
0x1303017c,0x42697473,0x42697473,0x00000000
0x13030188,0x6e656e74,0x6e656e74,0x00000000
0x1303018c,0x00496d61,0x00496d61,0x00000000
0x13030190,0x67657300,0x67657300,0x00000000
0x13030194,0x4d49504c,0x4d49504c,0x00000000
0x13030198,0x6576656c,0x6576656c,0x00000000
0x1303019c,0x73005374,0x73005374,0x00000000
0x130301a8,0x656c4279,0x656c4279,0x00000000
0x130301ac,0x74657300,0x74657300,0x00000000
0x130301b0,0x55496e74,0x55496e74,0x00000000
0x130301b4,0x38004d61,0x38004d61,0x00000000
0x130301b8,0x74657269,0x74657269,0x00000000
0x130301bc,0x616c7300,0x616c7300,0x00000000
0x130301c8,0x73005573,0x73005573,0x00000000
0x130301cc,0x61676500,0x61676500,0x00000000
0x130301d0,0x4d617000,0x4d617000,0x00000000
0x130301d4,0x54657874,0x54657874,0x00000000
0x130301d8,0x75726500,0x75726500,0x00000000
0x130301dc,0x536b656c,0x536b656c,0x00000000
0x130301e8,0x6e657300,0x6e657300,0x00000000
0x130301ec,0x50617265,0x50617265,0x00000000
0x130301f0,0x6e74496e,0x6e74496e,0x00000000
0x130301f4,0x64657800,0x64657800,0x00000000
0x130301f8,0x5472616e,0x5472616e,0x00000000
0x130301fc,0x73666f72,0x73666f72,0x00000000
0x13030208,0x65576f72,0x65576f72,0x00000000
0x1303020c,0x6c645472,0x6c645472,0x00000000
0x13030210,0x616e7366,0x616e7366,0x00000000
0x13030214,0x6f726d00,0x6f726d00,0x00000000
0x13030218,0x4c4f4445,0x4c4f4445,0x00000000
0x1303021c,0x72726f72,0x72726f72,0x00000000
0x1303022c,0x74657844,0x74657844,0x00000000
0x13030230,0x61746173,0x61746173,0x00000000
0x13030234,0x00566572,0x00566572,0x00000000
0x13030238,0x74696365,0x74696365,0x00000000
0x1303023c,0x73005665,0x73005665,0x00000000
0x1303024c,0x744e616d,0x744e616d,0x00000000
0x13030250,0x65730053,0x65730053,0x00000000
0x13030254,0x7472696e,0x7472696e,0x00000000
0x13030258,0x67005665,0x67005665,0x00000000
0x1303025c,0x72746578,0x72746578,0x00000000
0x13030268,0x6f6e5365,0x6f6e5365,0x00000000
0x1303026c,0x74730056,0x74730056,0x00000000
0x13030270,0x65727465,0x65727465,0x00000000
0x13030274,0x78416e6e,0x78416e6e,0x00000000
0x13030278,0x6f746174,0x6f746174,0x00000000
0x1303027c,0x696f6e73,0x696f6e73,0x00000000
0x13030280,0x00496e64,0x00496e64,0x00000000
0x13030284,0x69636573,0x69636573,0x00000000
0x13030288,0x4d617046,0x4d617046,0x00000000
0x1303028c,0x726f6d56,0x726f6d56,0x00000000
0x13030290,0x65727465,0x65727465,0x00000000
0x13030294,0x78546f41,0x78546f41,0x00000000
0x13030298,0x6e6e6f74,0x6e6e6f74,0x00000000
0x1303029c,0x6174696f,0x6174696f,0x00000000
0x130302a8,0x416e6e6f,0x416e6e6f,0x00000000
0x130302ac,0x74617469,0x74617469,0x00000000
0x130302b0,0x6f6e496e,0x6f6e496e,0x00000000
0x130302b4,0x64696365,0x64696365,0x00000000
0x130302b8,0x7300496e,0x7300496e,0x00000000
0x130302bc,0x74333200,0x74333200,0x00000000
0x130302c8,0x6f676965,0x6f676965,0x00000000
0x130302d0,0x6f757073,0x6f757073,0x00000000
0x130302d4,0x004d6174,0x004d6174,0x00000000
0x130302d8,0x65726961,0x65726961,0x00000000
0x130302dc,0x6c496e64,0x6c496e64,0x00000000
0x130302e8,0x72737400,0x72737400,0x00000000
0x130302f0,0x6f756e74,0x6f756e74,0x00000000
0x130302f4,0x00496e64,0x00496e64,0x00000000
0x130302f8,0x69636573,0x69636573,0x00000000
0x130302fc,0x00496e64,0x00496e64,0x00000000
0x13030300,0x69636573,0x69636573,0x00000000
0x13030304,0x31360049,0x31360049,0x00000000
0x13030308,0x6e743136,0x6e743136,0x00000000
0x1303030c,0x00566572,0x00566572,0x00000000
0x13030310,0x74657854,0x74657854,0x00000000
0x13030314,0x6f566572,0x6f566572,0x00000000
0x13030318,0x7465784d,0x7465784d,0x00000000
0x1303031c,0x61700056,0x61700056,0x00000000
0x1303032c,0x676c654d,0x676c654d,0x00000000
0x13030330,0x61700053,0x61700053,0x00000000
0x13030334,0x69646554,0x69646554,0x00000000
0x13030338,0x6f4e6569,0x6f4e6569,0x00000000
0x1303033c,0x6768626f,0x6768626f,0x00000000
0x13030340,0x724d6170,0x724d6170,0x00000000
0x13030344,0x00426f6e,0x00426f6e,0x00000000
0x13030348,0x6573466f,0x6573466f,0x00000000
0x1303034c,0x72547269,0x72547269,0x00000000
0x13030350,0x616e676c,0x616e676c,0x00000000
0x13030354,0x65005472,0x65005472,0x00000000
0x13030358,0x69616e67,0x69616e67,0x00000000
0x1303035c,0x6c65546f,0x6c65546f,0x00000000
0x13030368,0x63657300,0x63657300,0x00000000
0x1303036c,0x54726941,0x54726941,0x00000000
0x13030370,0x6e6e6f74,0x6e6e6f74,0x00000000
0x13030374,0x6174696f,0x6174696f,0x00000000
0x13030378,0x6e536574,0x6e536574,0x00000000
0x1303037c,0x73005472,0x73005472,0x00000000
0x1303038c,0x00496e64,0x00496e64,0x00000000
0x13030390,0x69636573,0x69636573,0x00000000
0x13030394,0x4d617046,0x4d617046,0x00000000
0x13030398,0x726f6d54,0x726f6d54,0x00000000
0x1303039c,0x7269546f,0x7269546f,0x00000000
0x130303a0,0x416e6e6f,0x416e6e6f,0x00000000
0x130303a4,0x74617469,0x74617469,0x00000000
0x130303a8,0x6f6e0054,0x6f6e0054,0x00000000
0x130303ac,0x7269416e,0x7269416e,0x00000000
0x130303b0,0x6e6f7461,0x6e6f7461,0x00000000
0x130303b4,0x74696f6e,0x74696f6e,0x00000000
0x130303b8,0x496e6469,0x496e6469,0x00000000
0x130303bc,0x63657300,0x63657300,0x00000000
0x130303c8,0x72696d61,0x72696d61,0x00000000
0x130303cc,0x72795665,0x72795665,0x00000000
0x130303d0,0x72746578,0x72746578,0x00000000
0x130303d4,0x44617461,0x44617461,0x00000000
0x130303d8,0x004d6f72,0x004d6f72,0x00000000
0x130303dc,0x70685461,0x70685461,0x00000000
0x130303e0,0x72676574,0x72676574,0x00000000
0x130303e4,0x73005363,0x73005363,0x00000000
0x130303e8,0x616c6172,0x616c6172,0x00000000
0x130303ec,0x4e616d65,0x4e616d65,0x00000000
0x130303f0,0x00566572,0x00566572,0x00000000
0x130303f4,0x74657844,0x74657844,0x00000000
0x130303f8,0x61746100,0x61746100,0x00000000
0x130303fc,0x44617461,0x44617461,0x00000000
0x13030408,0x00507269,0x00507269,0x00000000
0x1303040c,0x6d617279,0x6d617279,0x00000000
0x13030410,0x546f706f,0x546f706f,0x00000000
0x13030414,0x6c6f6779,0x6c6f6779,0x00000000
0x13030418,0x004d6174,0x004d6174,0x00000000
0x1303041c,0x65726961,0x65726961,0x00000000
0x1303042c,0x74657269,0x74657269,0x00000000
0x13030430,0x616c0042,0x616c0042,0x00000000
0x13030434,0x6f6e6542,0x6f6e6542,0x00000000
0x13030438,0x696e6469,0x696e6469,0x00000000
0x1303043c,0x6e677300,0x6e677300,0x00000000
0x1303044c,0x4d696e00,0x4d696e00,0x00000000
0x13030450,0x4f42424d,0x4f42424d,0x00000000
0x13030454,0x61780054,0x61780054,0x00000000
0x13030458,0x7269616e,0x7269616e,0x00000000
0x1303045c,0x676c6549,0x676c6549,0x00000000
0x13030468,0x6f64656c,0x6f64656c,0x00000000
0x1303046c,0x7300536b,0x7300536b,0x00000000
0x13030470,0x656c6574,0x656c6574,0x00000000
0x13030474,0x6f6e0049,0x6f6e0049,0x00000000
0x13030478,0x6e697469,0x6e697469,0x00000000
0x1303047c,0x616c506c,0x616c506c,0x00000000
0x13030480,0x6163656d,0x6163656d,0x00000000
0x13030484,0x656e7400,0x656e7400,0x00000000
0x13030488,0x4d657368,0x4d657368,0x00000000
0x1303048c,0x42696e64,0x42696e64,0x00000000
0x13030490,0x696e6773,0x696e6773,0x00000000
0x13030494,0x004d6573,0x004d6573,0x00000000
0x13030498,0x68005472,0x68005472,0x00000000
0x1303049c,0x61636b47,0x61636b47,0x00000000
0x130304a8,0x63746f72,0x63746f72,0x00000000
0x130304ac,0x54726163,0x54726163,0x00000000
0x130304b0,0x6b730054,0x6b730054,0x00000000
0x130304b4,0x7261636b,0x7261636b,0x00000000
0x130304b8,0x4b657900,0x4b657900,0x00000000
0x130304bc,0x44696d65,0x44696d65,0x00000000
0x130304cc,0x75727665,0x75727665,0x00000000
0x130304d0,0x00437572,0x00437572,0x00000000
0x130304d4,0x76654461,0x76654461,0x00000000
0x130304d8,0x74610054,0x74610054,0x00000000
0x130304dc,0x72616e73,0x72616e73,0x00000000
0x130304e0,0x666f726d,0x666f726d,0x00000000
0x130304e4,0x54726163,0x54726163,0x00000000
0x130304e8,0x6b730046,0x6b730046,0x00000000
0x130304ec,0x6c616773,0x6c616773,0x00000000
0x130304f0,0x004f7269,0x004f7269,0x00000000
0x130304f4,0x656e7461,0x656e7461,0x00000000
0x130304f8,0x74696f6e,0x74696f6e,0x00000000
0x130304fc,0x43757276,0x43757276,0x00000000
0x13030508,0x6f6e4375,0x6f6e4375,0x00000000
0x1303050c,0x72766500,0x72766500,0x00000000
0x13030510,0x5363616c,0x5363616c,0x00000000
0x13030514,0x65536865,0x65536865,0x00000000
0x13030518,0x61724375,0x61724375,0x00000000
0x1303051c,0x72766500,0x72766500,0x00000000
0x1303052c,0x4572726f,0x4572726f,0x00000000
0x13030530,0x72730052,0x72730052,0x00000000
0x13030534,0x65616c33,0x65616c33,0x00000000
0x13030538,0x32005465,0x32005465,0x00000000
0x1303053c,0x78745472,0x78745472,0x00000000
0x13030548,0x72696573,0x72696573,0x00000000
0x1303054c,0x0054696d,0x0054696d,0x00000000
0x13030550,0x65537461,0x65537461,0x00000000
0x13030554,0x6d700054,0x6d700054,0x00000000
0x13030558,0x65787400,0x65787400,0x00000000
0x1303055c,0x41636375,0x41636375,0x00000000
0x13030560,0x6d756c61,0x6d756c61,0x00000000
0x13030564,0x74696f6e,0x74696f6e,0x00000000
0x13030568,0x466c6167,0x466c6167,0x00000000
0x1303056c,0x73004c6f,0x73004c6f,0x00000000
0x13030570,0x6f705472,0x6f705472,0x00000000
0x13030574,0x616e736c,0x616e736c,0x00000000
0x13030578,0x6174696f,0x6174696f,0x00000000
0x1303057c,0x6e005065,0x6e005065,0x00000000
0x13030588,0x6f700052,0x6f700052,0x00000000
0x1303058c,0x61646975,0x61646975,0x00000000
0x13030590,0x73006441,0x73006441,0x00000000
0x13030594,0x6e676c65,0x6e676c65,0x00000000
0x13030598,0x00645a00,0x00645a00,0x00000000
0x1303059c,0x42617369,0x42617369,0x00000000
0x130305a8,0x59004178,0x59004178,0x00000000
0x130305ac,0x69730052,0x69730052,0x00000000
0x130305b0,0x6f6f744d,0x6f6f744d,0x00000000
0x130305b4,0x6f74696f,0x6f74696f,0x00000000
0x130305b8,0x6e00416e,0x6e00416e,0x00000000
0x130305bc,0x696d6174,0x696d6174,0x00000000
0x130305c8,0x6174696f,0x6174696f,0x00000000
0x130305cc,0x6e005469,0x6e005469,0x00000000
0x130305d0,0x6d655374,0x6d655374,0x00000000
0x130305d4,0x6570004f,0x6570004f,0x00000000
0x130305d8,0x76657273,0x76657273,0x00000000
0x130305dc,0x616d706c,0x616d706c,0x00000000
0x130305e8,0x9302f608,0x9302f608,0x00000000
0x130305f0,0x65726261,0x65726261,0x00000000
0x130305f4,0x72000000,0x72000000,0x00000000
0x130305f8,0x44656772,0x44656772,0x00000000
0x130305fc,0x65650000,0x65650000,0x00000000
0x13030608,0x02000009,0x02000009,0x00000000
0x1303060c,0x68656c70,0x68656c70,0x00000000
0x13030610,0x65726261,0x65726261,0x00000000
0x13030614,0x72656e64,0x72656e64,0x00000000
0x1303061c,0x6464696e,0x6464696e,0x00000000
0x13030628,0x6c730000,0x6c730000,0x00000000
0x1303062c,0x04000000,0x04000000,0x00000000
0x13030630,0x40a0e560,0x40a0e560,0x00000000
0x13030634,0x408c3127,0x408c3127,0x00000000
0x13030640,0x03000000,0x03000000,0x00000000
0x13030648,0x9302f5c0,0x9302f5c0,0x00000000
0x1303064c,0x68656c70,0x68656c70,0x00000000
0x13030650,0x65726261,0x65726261,0x00000000
0x13030654,0x72737461,0x72737461,0x00000000
0x13030658,0x72740000,0x72740000,0x00000000
0x1303065c,0x04000000,0x04000000,0x00000000
0x1303066c,0x03000000,0x03000000,0x00000000
0x13030674,0x9302f5e4,0x9302f5e4,0x00000000
0x13030678,0x726f6f74,0x726f6f74,0x00000000
0x1303067c,0x00416c6c,0x00416c6c,0x00000000
0x1303068c,0xc0ad8f7d,0xc0ad8f7d,0x00000000
0x13030690,0x40b451e6,0x40b451e6,0x00000000
0x13030694,0xb5052a72,0xb5052a72,0x00000000
0x13030698,0x4172726f,0x4172726f,0x00000000
0x1303069c,0x775f3030,0x775f3030,0x00000000
0x130306b0,0x3f3504f4,0x3f3504f4,0x00000000
0x130306b4,0x3f3504f4,0x3f3504f4,0x00000000
0x130306b8,0x04000000,0x04000000,0x00000000
0x130306bc,0xc098a9fe,0xc098a9fe,0x00000000
0x130306c0,0x40b75df8,0x40b75df8,0x00000000
0x130306c4,0xc0448045,0xc0448045,0x00000000
0x130306c8,0x4172726f,0x4172726f,0x00000000
0x130306cc,0x775f3031,0x775f3031,0x00000000
0x130306d4,0x05000000,0x05000000,0x00000000
0x130306e8,0x04000000,0x04000000,0x00000000
0x130306ec,0xc097bd55,0xc097bd55,0x00000000
0x130306f0,0x3f0966a5,0x3f0966a5,0x00000000
0x130306f4,0xc0447be8,0xc0447be8,0x00000000
0x130306f8,0x43757273,0x43757273,0x00000000
0x130306fc,0x6f725f67,0x6f725f67,0x00000000
0x13030700,0x7265795f,0x7265795f,0x00000000
0x13030704,0x6c6f6e67,0x6c6f6e67,0x00000000
0x1303070c,0x04000000,0x04000000,0x00000000
0x13030718,0xbffffffe,0xbffffffe,0x00000000
0x1303071c,0x43757273,0x43757273,0x00000000
0x13030728,0x6c6f6e67,0x6c6f6e67,0x00000000
0x1303072c,0x30310000,0x30310000,0x00000000
0x13030730,0x04000000,0x04000000,0x00000000
0x1303073c,0xc0000003,0xc0000003,0x00000000
0x13030748,0x7265795f,0x7265795f,0x00000000
0x1303074c,0x6c6f6e67,0x6c6f6e67,0x00000000
0x13030750,0x30320000,0x30320000,0x00000000
0x13030754,0x04000000,0x04000000,0x00000000
0x13030768,0x6f725f67,0x6f725f67,0x00000000
0x1303076c,0x7265795f,0x7265795f,0x00000000
0x13030770,0x6c6f6e67,0x6c6f6e67,0x00000000
0x13030774,0x30330000,0x30330000,0x00000000
0x13030778,0x04000000,0x04000000,0x00000000
0x1303078c,0x6f725f67,0x6f725f67,0x00000000
0x13030790,0x7265795f,0x7265795f,0x00000000
0x13030794,0x6c6f6e67,0x6c6f6e67,0x00000000
0x13030798,0x30340000,0x30340000,0x00000000
0x1303079c,0x04000000,0x04000000,0x00000000
0x130307a8,0xc0000000,0xc0000000,0x00000000
0x130307ac,0x43757273,0x43757273,0x00000000
0x130307b0,0x6f725f67,0x6f725f67,0x00000000
0x130307b4,0x7265795f,0x7265795f,0x00000000
0x130307b8,0x6c6f6e67,0x6c6f6e67,0x00000000
0x130307bc,0x30350000,0x30350000,0x00000000
0x130307cc,0xc0000000,0xc0000000,0x00000000
0x130307d0,0x43757273,0x43757273,0x00000000
0x130307d4,0x6f725f67,0x6f725f67,0x00000000
0x130307d8,0x7265795f,0x7265795f,0x00000000
0x130307dc,0x6c6f6e67,0x6c6f6e67,0x00000000
0x130307e0,0x30360000,0x30360000,0x00000000
0x130307e4,0x04000000,0x04000000,0x00000000
0x130307f0,0xc0000000,0xc0000000,0x00000000
0x130307f4,0x43757273,0x43757273,0x00000000
0x130307f8,0x6f725f6c,0x6f725f6c,0x00000000
0x130307fc,0x6f6e6700,0x6f6e6700,0x00000000
0x1303080c,0x31004375,0x31004375,0x00000000
0x13030810,0x72736f72,0x72736f72,0x00000000
0x13030814,0x5f6c6f6e,0x5f6c6f6e,0x00000000
0x13030818,0x67303200,0x67303200,0x00000000
0x1303081c,0x43757273,0x43757273,0x00000000
0x1303082c,0x72736f72,0x72736f72,0x00000000
0x13030830,0x5f6c6f6e,0x5f6c6f6e,0x00000000
0x13030834,0x67303400,0x67303400,0x00000000
0x13030838,0x43757273,0x43757273,0x00000000
0x1303083c,0x6f725f6c,0x6f725f6c,0x00000000
0x1303084c,0x5f6c6f6e,0x5f6c6f6e,0x00000000
0x13030850,0x67303600,0x67303600,0x00000000
0x13030854,0x43757273,0x43757273,0x00000000
0x13030858,0x6f725f6d,0x6f725f6d,0x00000000
0x1303085c,0x6167656e,0x6167656e,0x00000000
0x13030870,0xc33e4b6b,0xc33e4b6b,0x00000000
0x13030874,0xc0400003,0xc0400003,0x00000000
0x13030878,0x43757273,0x43757273,0x00000000
0x1303087c,0x6f725f6d,0x6f725f6d,0x00000000
0x1303088c,0x31000000,0x31000000,0x00000000
0x13030890,0x04000000,0x04000000,0x00000000
0x13030898,0xc33e4b6b,0xc33e4b6b,0x00000000
0x1303089c,0xc0400003,0xc0400003,0x00000000
0x130308ac,0x74615f6c,0x74615f6c,0x00000000
0x130308b0,0x6f6e6730,0x6f6e6730,0x00000000
0x130308b4,0x32000000,0x32000000,0x00000000
0x130308b8,0x04000000,0x04000000,0x00000000
0x130308cc,0x6f725f6d,0x6f725f6d,0x00000000
0x130308d0,0x6167656e,0x6167656e,0x00000000
0x130308d4,0x74615f6c,0x74615f6c,0x00000000
0x130308d8,0x6f6e6730,0x6f6e6730,0x00000000
0x130308dc,0x33000000,0x33000000,0x00000000
0x130308ec,0xc0400000,0xc0400000,0x00000000
0x130308f0,0x43757273,0x43757273,0x00000000
0x130308f4,0x6f725f6d,0x6f725f6d,0x00000000
0x130308f8,0x6167656e,0x6167656e,0x00000000
0x130308fc,0x74615f6c,0x74615f6c,0x00000000
0x1303090c,0xb5c00000,0xb5c00000,0x00000000
0x13030910,0xc33e4b6b,0xc33e4b6b,0x00000000
0x13030914,0xc0400003,0xc0400003,0x00000000
0x13030918,0x43757273,0x43757273,0x00000000
0x1303091c,0x6f725f6d,0x6f725f6d,0x00000000
0x13030920,0x6167656e,0x6167656e,0x00000000
0x13030924,0x74615f6c,0x74615f6c,0x00000000
0x13030928,0x6f6e6730,0x6f6e6730,0x00000000
0x1303092c,0x35000000,0x35000000,0x00000000
0x13030930,0x04000000,0x04000000,0x00000000
0x13030938,0xc33e4b6b,0xc33e4b6b,0x00000000
0x1303093c,0xc0400003,0xc0400003,0x00000000
0x13030948,0x6167656e,0x6167656e,0x00000000
0x1303094c,0x74615f6c,0x74615f6c,0x00000000
0x13030950,0x6f6e6730,0x6f6e6730,0x00000000
0x13030954,0x36000000,0x36000000,0x00000000
0x13030958,0x04000000,0x04000000,0x00000000
0x1303095c,0xb5c00000,0xb5c00000,0x00000000
0x13030968,0x496e7669,0x496e7669,0x00000000
0x1303096c,0x74655f74,0x74655f74,0x00000000
0x13030970,0x65787400,0x65787400,0x00000000
0x13030974,0x04000000,0x04000000,0x00000000
0x13030978,0xb52a3ec4,0xb52a3ec4,0x00000000
0x1303097c,0x40cd9440,0x40cd9440,0x00000000
0x13030988,0x4f707469,0x4f707469,0x00000000
0x1303098c,0x6f6e3030,0x6f6e3030,0x00000000
0x13030994,0x04000000,0x04000000,0x00000000
0x1303099c,0xbda8c280,0xbda8c280,0x00000000
0x130309a0,0x30c7b780,0x30c7b780,0x00000000
0x130309a4,0x4d656e75,0x4d656e75,0x00000000
0x130309a8,0x4f707469,0x4f707469,0x00000000
0x130309ac,0x6f6e3031,0x6f6e3031,0x00000000
0x130309b4,0x04000000,0x04000000,0x00000000
0x130309bc,0xbf63b1c0,0xbf63b1c0,0x00000000
0x130309c8,0x4f707469,0x4f707469,0x00000000
0x130309cc,0x6f6e3032,0x6f6e3032,0x00000000
0x130309d4,0x04000000,0x04000000,0x00000000
0x130309dc,0xbfd9259a,0xbfd9259a,0x00000000
0x130309e0,0x33974575,0x33974575,0x00000000
0x130309e4,0x4d656e75,0x4d656e75,0x00000000
0x130309e8,0x4f707469,0x4f707469,0x00000000
0x130309ec,0x6f6e3033,0x6f6e3033,0x00000000
0x130309f4,0x04000000,0x04000000,0x00000000
0x130309f8,0xb5000000,0xb5000000,0x00000000
0x130309fc,0xc0203929,0xc0203929,0x00000000
0x13030a08,0x4f707469,0x4f707469,0x00000000
0x13030a0c,0x6f6e3034,0x6f6e3034,0x00000000
0x13030a14,0x04000000,0x04000000,0x00000000
0x13030a1c,0xc053f84b,0xc053f84b,0x00000000
0x13030a28,0x4f707469,0x4f707469,0x00000000
0x13030a2c,0x6f6e3035,0x6f6e3035,0x00000000
0x13030a34,0x04000000,0x04000000,0x00000000
0x13030a3c,0xc083dbb9,0xc083dbb9,0x00000000
0x13030a48,0x4f707469,0x4f707469,0x00000000
0x13030a4c,0x6f6e3036,0x6f6e3036,0x00000000
0x13030a54,0x04000000,0x04000000,0x00000000
0x13030a58,0x379c0000,0x379c0000,0x00000000
0x13030a5c,0xc3309fd4,0xc3309fd4,0x00000000
0x13030a6c,0x72736f72,0x72736f72,0x00000000
0x13030a70,0x3030004f,0x3030004f,0x00000000
0x13030a74,0x7074696f,0x7074696f,0x00000000
0x13030a78,0x6e437572,0x6e437572,0x00000000
0x13030a7c,0x736f7230,0x736f7230,0x00000000
0x13030a80,0x31004f70,0x31004f70,0x00000000
0x13030a84,0x74696f6e,0x74696f6e,0x00000000
0x13030a88,0x43757273,0x43757273,0x00000000
0x13030a8c,0x6f723032,0x6f723032,0x00000000
0x13030a90,0x004f7074,0x004f7074,0x00000000
0x13030a94,0x696f6e43,0x696f6e43,0x00000000
0x13030a98,0x7572736f,0x7572736f,0x00000000
0x13030a9c,0x72303300,0x72303300,0x00000000
0x13030aa8,0x72736f72,0x72736f72,0x00000000
0x13030aac,0x3034004f,0x3034004f,0x00000000
0x13030ab0,0x7074696f,0x7074696f,0x00000000
0x13030ab4,0x6e437572,0x6e437572,0x00000000
0x13030ab8,0x736f7230,0x736f7230,0x00000000
0x13030abc,0x35004f70,0x35004f70,0x00000000
0x13030acc,0x004f7074,0x004f7074,0x00000000
0x13030ad0,0x696f6e54,0x696f6e54,0x00000000
0x13030ad4,0x65787430,0x65787430,0x00000000
0x13030ad8,0x30000000,0x30000000,0x00000000
0x13030adc,0x04000000,0x04000000,0x00000000
0x13030aec,0x4f707469,0x4f707469,0x00000000
0x13030af0,0x6f6e5465,0x6f6e5465,0x00000000
0x13030af4,0x78743031,0x78743031,0x00000000
0x13030afc,0x04000000,0x04000000,0x00000000
0x13030b0c,0x4f707469,0x4f707469,0x00000000
0x13030b10,0x6f6e5465,0x6f6e5465,0x00000000
0x13030b14,0x78743032,0x78743032,0x00000000
0x13030b1c,0x04000000,0x04000000,0x00000000
0x13030b2c,0x4f707469,0x4f707469,0x00000000
0x13030b30,0x6f6e5465,0x6f6e5465,0x00000000
0x13030b34,0x78743033,0x78743033,0x00000000
0x13030b3c,0x04000000,0x04000000,0x00000000
0x13030b4c,0x4f707469,0x4f707469,0x00000000
0x13030b50,0x6f6e5465,0x6f6e5465,0x00000000
0x13030b54,0x78743034,0x78743034,0x00000000
0x13030b5c,0x04000000,0x04000000,0x00000000
0x13030b68,0x32946930,0x32946930,0x00000000
0x13030b6c,0x4f707469,0x4f707469,0x00000000
0x13030b70,0x6f6e5465,0x6f6e5465,0x00000000
0x13030b74,0x78743035,0x78743035,0x00000000
0x13030b7c,0x04000000,0x04000000,0x00000000
0x13030b80,0x40810b15,0x40810b15,0x00000000
0x13030b84,0xbeca5f42,0xbeca5f42,0x00000000
0x13030b88,0x32946934,0x32946934,0x00000000
0x13030b8c,0x4f707469,0x4f707469,0x00000000
0x13030b90,0x6f6e5465,0x6f6e5465,0x00000000
0x13030b94,0x78743036,0x78743036,0x00000000
0x13030b9c,0x04000000,0x04000000,0x00000000
0x13030ba8,0x32946900,0x32946900,0x00000000
0x13030bac,0x4f707469,0x4f707469,0x00000000
0x13030bb0,0x6f6e5f6c,0x6f6e5f6c,0x00000000
0x13030bb4,0x6f6e675f,0x6f6e675f,0x00000000
0x13030bb8,0x72656775,0x72656775,0x00000000
0x13030bbc,0x6c617200,0x6c617200,0x00000000
0x13030bcc,0x72656775,0x72656775,0x00000000
0x13030bd0,0x6c617230,0x6c617230,0x00000000
0x13030bd4,0x31004f70,0x31004f70,0x00000000
0x13030bd8,0x74696f6e,0x74696f6e,0x00000000
0x13030bdc,0x5f6c6f6e,0x5f6c6f6e,0x00000000
0x13030be8,0x72303200,0x72303200,0x00000000
0x13030bec,0x4f707469,0x4f707469,0x00000000
0x13030bf0,0x6f6e5f6c,0x6f6e5f6c,0x00000000
0x13030bf4,0x6f6e675f,0x6f6e675f,0x00000000
0x13030bf8,0x72656775,0x72656775,0x00000000
0x13030bfc,0x6c617230,0x6c617230,0x00000000
0x13030c00,0x33004f70,0x33004f70,0x00000000
0x13030c04,0x74696f6e,0x74696f6e,0x00000000
0x13030c08,0x5f6c6f6e,0x5f6c6f6e,0x00000000
0x13030c0c,0x675f7265,0x675f7265,0x00000000
0x13030c10,0x67756c61,0x67756c61,0x00000000
0x13030c14,0x72303400,0x72303400,0x00000000
0x13030c18,0x4f707469,0x4f707469,0x00000000
0x13030c1c,0x6f6e5f6c,0x6f6e5f6c,0x00000000
0x13030c2c,0x35004f70,0x35004f70,0x00000000
0x13030c30,0x74696f6e,0x74696f6e,0x00000000
0x13030c34,0x5f6c6f6e,0x5f6c6f6e,0x00000000
0x13030c38,0x675f7265,0x675f7265,0x00000000
0x13030c3c,0x67756c61,0x67756c61,0x00000000
0x13030c40,0x72303600,0x72303600,0x00000000
0x13030c44,0x5375626d,0x5375626d,0x00000000
0x13030c48,0x656e755f,0x656e755f,0x00000000
0x13030c4c,0x62675f70,0x62675f70,0x00000000
0x13030c50,0x6c616e65,0x6c616e65,0x00000000
0x13030c58,0x04000000,0x04000000,0x00000000
0x13030c5c,0xb4a7044c,0xb4a7044c,0x00000000
0x13030c68,0x5375626d,0x5375626d,0x00000000
0x13030c6c,0x656e755f,0x656e755f,0x00000000
0x13030c70,0x62675f70,0x62675f70,0x00000000
0x13030c74,0x6c616e65,0x6c616e65,0x00000000
0x13030c78,0x30310000,0x30310000,0x00000000
0x13030c7c,0x04000000,0x04000000,0x00000000
0x13030c88,0xbf3e0a54,0xbf3e0a54,0x00000000
0x13030c90,0x656e755f,0x656e755f,0x00000000
0x13030c94,0x7069766f,0x7069766f,0x00000000
0x13030c98,0x74000000,0x74000000,0x00000000
0x13030c9c,0x04000000,0x04000000,0x00000000
0x13030cb0,0x71756164,0x71756164,0x00000000
0x13030cb4,0x5f4c6f6e,0x5f4c6f6e,0x00000000
0x13030cb8,0x675f6f70,0x675f6f70,0x00000000
0x13030cbc,0x74696f6e,0x74696f6e,0x00000000
0x13030ccc,0x04000000,0x04000000,0x00000000
0x13030cd8,0xc0600000,0xc0600000,0x00000000
0x13030cdc,0x54657874,0x54657874,0x00000000
0x13030ce0,0x71756164,0x71756164,0x00000000
0x13030ce4,0x5f4c6f6e,0x5f4c6f6e,0x00000000
0x13030ce8,0x675f6f70,0x675f6f70,0x00000000
0x13030cec,0x74696f6e,0x74696f6e,0x00000000
0x13030cf0,0x5f526567,0x5f526567,0x00000000
0x13030cf4,0x756c6172,0x756c6172,0x00000000
0x13030cf8,0x30310000,0x30310000,0x00000000
0x13030cfc,0x04000000,0x04000000,0x00000000
0x13030d08,0xc0600003,0xc0600003,0x00000000
0x13030d0c,0x54657874,0x54657874,0x00000000
0x13030d10,0x71756164,0x71756164,0x00000000
0x13030d14,0x5f4c6f6e,0x5f4c6f6e,0x00000000
0x13030d18,0x675f6f70,0x675f6f70,0x00000000
0x13030d1c,0x74696f6e,0x74696f6e,0x00000000
0x13030d2c,0x04000000,0x04000000,0x00000000
0x13030d34,0x35400000,0x35400000,0x00000000
0x13030d38,0xc0600003,0xc0600003,0x00000000
0x13030d3c,0x54657874,0x54657874,0x00000000
0x13030d48,0x675f6f70,0x675f6f70,0x00000000
0x13030d4c,0x74696f6e,0x74696f6e,0x00000000
0x13030d50,0x5f526567,0x5f526567,0x00000000
0x13030d54,0x756c6172,0x756c6172,0x00000000
0x13030d58,0x30330000,0x30330000,0x00000000
0x13030d5c,0x04000000,0x04000000,0x00000000
0x13030d6c,0x54657874,0x54657874,0x00000000
0x13030d70,0x71756164,0x71756164,0x00000000
0x13030d74,0x5f4c6f6e,0x5f4c6f6e,0x00000000
0x13030d78,0x675f6f70,0x675f6f70,0x00000000
0x13030d7c,0x74696f6e,0x74696f6e,0x00000000
0x13030d80,0x5f526567,0x5f526567,0x00000000
0x13030d84,0x756c6172,0x756c6172,0x00000000
0x13030d88,0x30340000,0x30340000,0x00000000
0x13030d8c,0x04000000,0x04000000,0x00000000
0x13030d94,0xb4c00000,0xb4c00000,0x00000000
0x13030d98,0xc0600000,0xc0600000,0x00000000
0x13030d9c,0x54657874,0x54657874,0x00000000
0x13030dac,0x74696f6e,0x74696f6e,0x00000000
0x13030db0,0x5f526567,0x5f526567,0x00000000
0x13030db4,0x756c6172,0x756c6172,0x00000000
0x13030db8,0x30350000,0x30350000,0x00000000
0x13030dbc,0x04000000,0x04000000,0x00000000
0x13030dc4,0x34400000,0x34400000,0x00000000
0x13030dc8,0xc0600000,0xc0600000,0x00000000
0x13030dcc,0x54657874,0x54657874,0x00000000
0x13030dd0,0x71756164,0x71756164,0x00000000
0x13030dd4,0x5f4c6f6e,0x5f4c6f6e,0x00000000
0x13030dd8,0x675f6f70,0x675f6f70,0x00000000
0x13030ddc,0x74696f6e,0x74696f6e,0x00000000
0x13030de8,0x30360000,0x30360000,0x00000000
0x13030dec,0x04000000,0x04000000,0x00000000
0x13030df8,0xc0600003,0xc0600003,0x00000000
0x13030dfc,0x57696e67,0x57696e67,0x00000000
0x13030e10,0x04000000,0x04000000,0x00000000
0x13030e14,0xbf6e6e60,0xbf6e6e60,0x00000000
0x13030e18,0xc33d8926,0xc33d8926,0x00000000
0x13030e1c,0xc0200000,0xc0200000,0x00000000
0x13030e2c,0x6c6f6e67,0x6c6f6e67,0x00000000
0x13030e30,0x30310000,0x30310000,0x00000000
0x13030e34,0x04000000,0x04000000,0x00000000
0x13030e38,0xbf6e6e48,0xbf6e6e48,0x00000000
0x13030e3c,0xc33d8926,0xc33d8926,0x00000000
0x13030e4c,0x736f725f,0x736f725f,0x00000000
0x13030e50,0x6c6f6e67,0x6c6f6e67,0x00000000
0x13030e54,0x30320000,0x30320000,0x00000000
0x13030e58,0x04000000,0x04000000,0x00000000
0x13030e5c,0xbf6e6e48,0xbf6e6e48,0x00000000
0x13030e6c,0x5f637572,0x5f637572,0x00000000
0x13030e70,0x736f725f,0x736f725f,0x00000000
0x13030e74,0x6c6f6e67,0x6c6f6e67,0x00000000
0x13030e78,0x30330000,0x30330000,0x00000000
0x13030e7c,0x04000000,0x04000000,0x00000000
0x13030e88,0xc01ffffd,0xc01ffffd,0x00000000
0x13030e8c,0x57696e67,0x57696e67,0x00000000
0x13030e90,0x5f637572,0x5f637572,0x00000000
0x13030e94,0x736f725f,0x736f725f,0x00000000
0x13030e98,0x6c6f6e67,0x6c6f6e67,0x00000000
0x13030e9c,0x30340000,0x30340000,0x00000000
0x13030ea8,0xc33d8926,0xc33d8926,0x00000000
0x13030eac,0xc01ffffe,0xc01ffffe,0x00000000
0x13030eb0,0x57696e67,0x57696e67,0x00000000
0x13030eb4,0x5f637572,0x5f637572,0x00000000
0x13030eb8,0x736f725f,0x736f725f,0x00000000
0x13030ebc,0x6c6f6e67,0x6c6f6e67,0x00000000
0x13030ec8,0xbf6e6e60,0xbf6e6e60,0x00000000
0x13030ed0,0xc0200000,0xc0200000,0x00000000
0x13030ed4,0x57696e67,0x57696e67,0x00000000
0x13030ed8,0x5f637572,0x5f637572,0x00000000
0x13030edc,0x736f725f,0x736f725f,0x00000000
0x13030eec,0xbf6e6e60,0xbf6e6e60,0x00000000
0x13030ef0,0xc33d8926,0xc33d8926,0x00000000
0x13030ef4,0xc01ffffd,0xc01ffffd,0x00000000
0x13030ef8,0x9302fff0,0x9302fff0,0x00000000
0x13030efc,0x9302f318,0x9302f318,0x00000000
0x13030f14,0x807b4900,0x807b4900,0x00000000
0x13030f30,0x807b4900,0x807b4900,0x00000000
0x13030f4c,0x93030f60,0x93030f60,0x00000000
0x13030f5c,0x804f60d8,0x804f60d8,0x00000000
0x13030f68,0x74656e64,0x74656e64,0x00000000
0x13030f6c,0x2f736372,0x2f736372,0x00000000
0x13030f70,0x65656e73,0x65656e73,0x00000000
0x13030f74,0x2f6f6e6c,0x2f6f6e6c,0x00000000
0x13030f78,0x696e6566,0x696e6566,0x00000000
0x13030f7c,0x7269656e,0x7269656e,0x00000000
0x13030f88,0x656c7062,0x656c7062,0x00000000
0x13030f8c,0x61726f75,0x61726f75,0x00000000
0x13030f90,0x74726f2e,0x74726f2e,0x00000000
0x13030f94,0x67723200,0x67723200,0x00000000
0x13031098,0x807b4900,0x807b4900,0x00000000
0x130310b0,0x807b4900,0x807b4900,0x00000000
0x130310e4,0x8000002e,0x8000002e,0x00000000
0x13031184,0x930310c0,0x930310c0,0x00000000
0x13031188,0x930311a0,0x930311a0,0x00000000
0x13031190,0x930311c0,0x930311c0,0x00000000
0x13031194,0x930311c4,0x930311c4,0x00000000
0x13031198,0x930311c8,0x930311c8,0x00000000
0x130311a8,0x502828eb,0x502828eb,0x00000000
0x130311ac,0x04b37825,0x04b37825,0x00000000
0x130311dc,0x807b4900,0x807b4900,0x00000000
0x130311f0,0x807b4900,0x807b4900,0x00000000
0x13031208,0x930313c0,0x930313c0,0x00000000
0x13031228,0x93031520,0x93031520,0x00000000
0x13031268,0x93031600,0x93031600,0x00000000
0x13031288,0x930318a0,0x930318a0,0x00000000
0x130312a8,0x930319a0,0x930319a0,0x00000000
0x130312c4,0x930337c9,0x930337c9,0x00000000
0x130312c8,0x93031b00,0x93031b00,0x00000000
0x130312e8,0x93031ca0,0x93031ca0,0x00000000
0x13031308,0x93031f40,0x93031f40,0x00000000
0x13031328,0x930321a0,0x930321a0,0x00000000
0x13031348,0x93032280,0x93032280,0x00000000
0x13031384,0x93033636,0x93033636,0x00000000
0x130313c4,0x930335b4,0x930335b4,0x00000000
0x13031444,0x93033601,0x93033601,0x00000000
0x13031464,0x9303360f,0x9303360f,0x00000000
0x13031484,0x93033616,0x93033616,0x00000000
0x13031644,0x930336d5,0x930336d5,0x00000000
0x13031664,0x930336db,0x930336db,0x00000000
0x13031684,0x930336e2,0x930336e2,0x00000000
0x130316a4,0x930336eb,0x930336eb,0x00000000
0x130316c4,0x930336f5,0x930336f5,0x00000000
0x130316e4,0x9303372d,0x9303372d,0x00000000
0x13031704,0x93033636,0x93033636,0x00000000
0x13031764,0x9303370a,0x9303370a,0x00000000
0x13031804,0x9303373e,0x9303373e,0x00000000
0x13031864,0x93033750,0x93033750,0x00000000
0x13031aa4,0x930337b8,0x930337b8,0x00000000
0x13033b2c,0x61646975,0x61646975,0x00000000
0x13033c18,0x726f6f74,0x726f6f74,0x00000000
0x13034730,0x93034760,0x93034760,0x00000000
0x13034734,0x93034764,0x93034764,0x00000000
0x13034738,0x93034768,0x93034768,0x00000000
0x1303477c,0x807b4900,0x807b4900,0x00000000
0x13034808,0x93034ba0,0x93034ba0,0x00000000
0x13034ac4,0x93036bf0,0x93036bf0,0x00000000
0x13034c68,0x93034ce0,0x93034ce0,0x00000000
0x13034d68,0x93034da0,0x93034da0,0x00000000
0x13034dc8,0x93034e00,0x93034e00,0x00000000
0x13034e44,0x93036d00,0x93036d00,0x00000000
0x13034e68,0x93034ee0,0x93034ee0,0x00000000
0x13034f08,0x93034e40,0x93034e40,0x00000000
0x13034f68,0x93034fc0,0x93034fc0,0x00000000
0x130350a4,0x93036d75,0x93036d75,0x00000000
0x130350c8,0x93035120,0x93035120,0x00000000
0x13035124,0x93036d93,0x93036d93,0x00000000
0x130351c8,0x93035200,0x93035200,0x00000000
0x13035204,0x93036dfa,0x93036dfa,0x00000000
0x130354e4,0x93036d00,0x93036d00,0x00000000
0x13035508,0x930350a0,0x930350a0,0x00000000
0x13035608,0x930350a0,0x930350a0,0x00000000
0x13035668,0x93034e40,0x93034e40,0x00000000
0x13035744,0x93036d00,0x93036d00,0x00000000
0x13035768,0x93034f40,0x93034f40,0x00000000
0x130357a8,0x930357e0,0x930357e0,0x00000000
0x13035848,0x930359a0,0x930359a0,0x00000000
0x13035ba8,0x93035be0,0x93035be0,0x00000000
0x13035be4,0x9303708d,0x9303708d,0x00000000
0x13035da8,0x93035820,0x93035820,0x00000000
0x13035e28,0x93037124,0x93037124,0x00000000
0x13035e30,0x93037a38,0x93037a38,0x00000000
0x13035e58,0x9303712c,0x9303712c,0x00000000
0x13035e68,0x93035ee0,0x93035ee0,0x00000000
0x13035e98,0x3f800000,0x3f800000,0x00000000
0x13035e9c,0x3f800000,0x3f800000,0x00000000
0x13035eac,0x3f800000,0x3f800000,0x00000000
0x13035ee8,0x93035f40,0x93035f40,0x00000000
0x13035eec,0x93037140,0x93037140,0x00000000
0x13035ef0,0x93035f40,0x93035f40,0x00000000
0x13035ef4,0x93037144,0x93037144,0x00000000
0x13035ef8,0x93035f40,0x93035f40,0x00000000
0x13035efc,0x93037148,0x93037148,0x00000000
0x130360a4,0x9303715a,0x9303715a,0x00000000
0x130360c4,0x93037162,0x93037162,0x00000000
0x13036124,0x3f6224cc,0x3f6224cc,0x00000000
0x13036144,0x3f800000,0x3f800000,0x00000000
0x130361e4,0x930371c8,0x930371c8,0x00000000
0x13036204,0x930371f8,0x930371f8,0x00000000
0x13036224,0x93037228,0x93037228,0x00000000
0x13036244,0x9303724c,0x9303724c,0x00000000
0x13036264,0x93037270,0x93037270,0x00000000
0x13036284,0x93037294,0x93037294,0x00000000
0x130362a4,0x930372b8,0x930372b8,0x00000000
0x130362c4,0x930372dc,0x930372dc,0x00000000
0x130362e4,0x93037300,0x93037300,0x00000000
0x13036304,0x93037324,0x93037324,0x00000000
0x13036324,0x93037144,0x93037144,0x00000000
0x130363c4,0x93037144,0x93037144,0x00000000
0x13036424,0x930373d0,0x930373d0,0x00000000
0x130364e4,0x930374b4,0x930374b4,0x00000000
0x13036544,0x93037514,0x93037514,0x00000000
0x130365c4,0x93037594,0x93037594,0x00000000
0x13036664,0x93037144,0x93037144,0x00000000
0x130366a4,0x93037144,0x93037144,0x00000000
0x1303a230,0x726d6174,0x726d6174,0x00000000
0x1303a3f0,0x74657854,0x74657854,0x00000000
0x1303a57c,0x61636b47,0x61636b47,0x00000000
0x1303a98c,0x74615f6c,0x74615f6c,0x00000000
0x1303a990,0x6f6e6730,0x6f6e6730,0x00000000
0x1303a994,0x32000000,0x32000000,0x00000000
0x1303a9d0,0x43757273,0x43757273,0x00000000
0x1303ab7c,0x72303300,0x72303300,0x00000000
0x1303ab80,0x4f707469,0x4f707469,0x00000000
0x1303ab84,0x6f6e4375,0x6f6e4375,0x00000000
0x1303ab88,0x72736f72,0x72736f72,0x00000000
0x1303abc4,0xbeca5f40,0xbeca5f40,0x00000000
0x1303abd0,0x6f6e5465,0x6f6e5465,0x00000000
0x1303abdc,0x04000000,0x04000000,0x00000000
0x1303abfc,0x04000000,0x04000000,0x00000000
0x1303ac1c,0x04000000,0x04000000,0x00000000
0x1303ac34,0x78743034,0x78743034,0x00000000
0x1303ac3c,0x04000000,0x04000000,0x00000000
0x1303ae24,0x5f4c6f6e,0x5f4c6f6e,0x00000000
0x1303af84,0xbf6e6e60,0xbf6e6e60,0x00000000
0x1303b064,0x6e6e6563,0x6e6e6563,0x00000000
0x1303b1a4,0x9303b1b0,0x9303b1b0,0x00000000
0x1303b2c4,0xadadadad,0xadadadad,0x00000000
0x1303b404,0xc41f1c15,0xc41f1c15,0x00000000
0x1303b624,0x01010100,0x01010100,0x00000000
0x1303b6c4,0x3f800000,0x3f800000,0x00000000
0x1303b844,0x62000000,0x62000000,0x00000000
0x1303b934,0x807b4900,0x807b4900,0x00000000
0x1303b950,0x807b4900,0x807b4900,0x00000000
0x1303b968,0xfeffffff,0xfeffffff,0x00000000
0x1303b96c,0x584c1378,0x584c1378,0x00000000
0x1303b978,0x9303c600,0x9303c600,0x00000000
0x1303b97c,0x9303c5a0,0x9303c5a0,0x00000000
0x1303b990,0x392d9dab,0x392d9dab,0x00000000
0x1303b994,0x38400480,0x38400480,0x00000000
0x1303b9a8,0x407f8358,0x407f8358,0x00000000
0x1303b9b0,0x0070308a,0x0070308a,0x00000000
0x1303b9b4,0x9303c520,0x9303c520,0x00000000
0x1303b9bc,0x3c800000,0x3c800000,0x00000000
0x1303b9ec,0x3f800000,0x3f800000,0x00000000
0x1303b9f0,0x3f800000,0x3f800000,0x00000000
0x1303ba0c,0x9303c540,0x9303c540,0x00000000
0x1303ba14,0x3f800000,0x3f800000,0x00000000
0x1303ba18,0x3f800000,0x3f800000,0x00000000
0x1303ba1c,0x3f800000,0x3f800000,0x00000000
0x1303ba38,0x9303c5a0,0x9303c5a0,0x00000000
0x1303ba88,0xadadadad,0xadadadad,0x00000000
0x1303ba8c,0xadadadad,0xadadadad,0x00000000
0x1303ba90,0xadadadad,0xadadadad,0x00000000
0x1303ba94,0xadadadad,0xadadadad,0x00000000
0x1303ba98,0xadadadad,0xadadadad,0x00000000
0x1303ba9c,0xadadadad,0xadadadad,0x00000000
0x1303baac,0x9303baa0,0x9303baa0,0x00000000
0x1303bab0,0x807b4900,0x807b4900,0x00000000
0x1303bad4,0x3f800000,0x3f800000,0x00000000
0x1303bafc,0x3f800000,0x3f800000,0x00000000
0x1303bb14,0x3f800000,0x3f800000,0x00000000
0x1303bb28,0x3f800000,0x3f800000,0x00000000
0x1303bb3c,0x3f800000,0x3f800000,0x00000000
0x1303bb58,0x3f800000,0x3f800000,0x00000000
0x1303bb78,0x3f800000,0x3f800000,0x00000000
0x1303bb7c,0x3f800000,0x3f800000,0x00000000
0x1303bbc8,0x4288fcfb,0x4288fcfb,0x00000000
0x1303bbd0,0xc71f79bd,0xc71f79bd,0x00000000
0x1303bbd4,0xc41f1c14,0xc41f1c14,0x00000000
0x1303bbd8,0x3f800000,0x3f800000,0x00000000
0x1303bbf0,0x010a0000,0x010a0000,0x00000000
0x1303bbf4,0x00ffff50,0x00ffff50,0x00000000
0x1303bc08,0x3f800000,0x3f800000,0x00000000
0x1303bc0c,0x3f800000,0x3f800000,0x00000000
0x1303bc10,0x3f800000,0x3f800000,0x00000000
0x1303bc14,0x3f800000,0x3f800000,0x00000000
0x1303bc18,0x00012334,0x00012334,0x00000000
0x1303bc1c,0x3f800000,0x3f800000,0x00000000
0x1303c278,0x3f800000,0x3f800000,0x00000000
0x1303c7b4,0x6f6e6c69,0x6f6e6c69,0x00000000
0x1303c8d4,0x807b4900,0x807b4900,0x00000000
0x1303c928,0x74656e64,0x74656e64,0x00000000
0x1303d154,0x2000001f,0x2000001f,0x00000000
0x1303de3c,0x3f666666,0x3f666666,0x00000000
0x1303ded0,0x807aa6e0,0x807aa6e0,0x00000000
0x1303dedc,0x807aacb8,0x807aacb8,0x00000000
0x1303df18,0x65736865,0x65736865,0x00000000
0x1303df2c,0x900d7970,0x900d7970,0x00000000
0x1303df34,0x807aacb8,0x807aacb8,0x00000000
0x1303df38,0x807aa778,0x807aa778,0x00000000
0x1303df3c,0x807aacb8,0x807aacb8,0x00000000
0x1303df9c,0x3f800000,0x3f800000,0x00000000
0x1303dfbc,0x3f800000,0x3f800000,0x00000000
0x1303dfd4,0x409ab14d,0x409ab14d,0x00000000
0x1303dfd8,0x3f800000,0x3f800000,0x00000000
0x1303dfdc,0x407ccccd,0x407ccccd,0x00000000
0x1303dfe8,0x3f800000,0x3f800000,0x00000000
0x1303dff0,0xbed9999a,0xbed9999a,0x00000000
0x1303dff4,0x409ab14d,0x409ab14d,0x00000000
0x1303dff8,0x3f800000,0x3f800000,0x00000000
0x1303dffc,0x407ccccd,0x407ccccd,0x00000000
0x1303e008,0x3f800000,0x3f800000,0x00000000
0x1303e05c,0x804f60d8,0x804f60d8,0x00000000
0x1303e07c,0x6e6c696e,0x6e6c696e,0x00000000
0x1303e09c,0x65637469,0x65637469,0x00000000
0x1303e0b4,0x73620000,0x73620000,0x00000000
0x1303e194,0x807b4900,0x807b4900,0x00000000
0x1303e1b0,0x807b4900,0x807b4900,0x00000000
0x1303e1cc,0x584c1378,0x584c1378,0x00000000
0x1303e1d8,0x9303fb40,0x9303fb40,0x00000000
0x1303e1dc,0x9303fb00,0x9303fb00,0x00000000
0x1303e1f0,0x3ad277ef,0x3ad277ef,0x00000000
0x1303e1f4,0x3aaf641c,0x3aaf641c,0x00000000
0x1303e210,0x3070308a,0x3070308a,0x00000000
0x1303e214,0x9303fae0,0x9303fae0,0x00000000
0x1303e21c,0x3c800000,0x3c800000,0x00000000
0x1303e23c,0x6000001f,0x6000001f,0x00000000
0x1303e24c,0x3f800000,0x3f800000,0x00000000
0x1303e250,0x3f800000,0x3f800000,0x00000000
0x1303e26c,0x9303fb00,0x9303fb00,0x00000000
0x1303e274,0x3f800000,0x3f800000,0x00000000
0x1303e278,0x3f800000,0x3f800000,0x00000000
0x1303e27c,0x3f800000,0x3f800000,0x00000000
0x1303e294,0x2000001f,0x2000001f,0x00000000
0x1303e298,0x9303fb00,0x9303fb00,0x00000000
0x1303e2a8,0x3f800000,0x3f800000,0x00000000
0x1303e2e8,0xadadadad,0xadadadad,0x00000000
0x1303e2f0,0xadadadad,0xadadadad,0x00000000
0x1303e2f4,0xadadadad,0xadadadad,0x00000000
0x1303e2f8,0xadadadad,0xadadadad,0x00000000
0x1303e2fc,0xadadadad,0xadadadad,0x00000000
0x1303e30c,0x9303e300,0x9303e300,0x00000000
0x1303e310,0x807b4900,0x807b4900,0x00000000
0x1303e334,0x3f800000,0x3f800000,0x00000000
0x1303e348,0x3f800000,0x3f800000,0x00000000
0x1303e35c,0x3f800000,0x3f800000,0x00000000
0x1303e374,0x3f800000,0x3f800000,0x00000000
0x1303e39c,0x3f800000,0x3f800000,0x00000000
0x1303e3b8,0x3f800000,0x3f800000,0x00000000
0x1303e3c8,0x3f800000,0x3f800000,0x00000000
0x1303e3d8,0x3f800000,0x3f800000,0x00000000
0x1303e3dc,0x3f800000,0x3f800000,0x00000000
0x1303e3e8,0xffffffff,0xffffffff,0x00000000
0x1303e3f8,0x805331d8,0x805331d8,0x00000000
0x1303e41c,0x46368d6b,0x46368d6b,0x00000000
0x1303e42c,0x4635baf8,0x4635baf8,0x00000000
0x1303e430,0xc71f79bd,0xc71f79bd,0x00000000
0x1303e434,0xc41f1c14,0xc41f1c14,0x00000000
0x1303e438,0x3f800000,0x3f800000,0x00000000
0x1303e43c,0x46375fde,0x46375fde,0x00000000
0x1303e450,0x010a0000,0x010a0000,0x00000000
0x1303e454,0x00ffff00,0x00ffff00,0x00000000
0x1303e45c,0x3e851eb8,0x3e851eb8,0x00000000
0x1303e468,0x3f800000,0x3f800000,0x00000000
0x1303e46c,0x3f800000,0x3f800000,0x00000000
0x1303e470,0x3f800000,0x3f800000,0x00000000
0x1303e474,0x3f800000,0x3f800000,0x00000000
0x1303e478,0x00010000,0x00010000,0x00000000
0x1303e47c,0x3f800000,0x3f800000,0x00000000
0x1303e4b0,0x3f800000,0x3f800000,0x00000000
0x1303e4d4,0x9303e300,0x9303e300,0x00000000
0x1303e4e4,0x9303e4f0,0x9303e4f0,0x00000000
0x1303e4e8,0xfeffffff,0xfeffffff,0x00000000
0x1303e4f8,0x9303e680,0x9303e680,0x00000000
0x1303e4fc,0x9303e640,0x9303e640,0x00000000
0x1303e508,0x9303e600,0x9303e600,0x00000000
0x1303e510,0x3ad277ef,0x3ad277ef,0x00000000
0x1303e514,0x3aaf641c,0x3aaf641c,0x00000000
0x1303e530,0x3070308a,0x3070308a,0x00000000
0x1303e534,0x9303e620,0x9303e620,0x00000000
0x1303e53c,0x3c800000,0x3c800000,0x00000000
0x1303e55c,0x6000001f,0x6000001f,0x00000000
0x1303e568,0x3f800000,0x3f800000,0x00000000
0x1303e56c,0x3f800000,0x3f800000,0x00000000
0x1303e570,0x3f800000,0x3f800000,0x00000000
0x1303e588,0x3000001f,0x3000001f,0x00000000
0x1303e58c,0x9303e640,0x9303e640,0x00000000
0x1303e594,0x3f800000,0x3f800000,0x00000000
0x1303e598,0x3f800000,0x3f800000,0x00000000
0x1303e59c,0x3f800000,0x3f800000,0x00000000
0x1303e5b4,0x2000001f,0x2000001f,0x00000000
0x1303e5b8,0x9303e640,0x9303e640,0x00000000
0x1303e5f0,0x807b4900,0x807b4900,0x00000000
0x1303e608,0x80030000,0x80030000,0x00000000
0x1303e60c,0x7ffc7ffd,0x7ffc7ffd,0x00000000
0x1303e614,0x7ffd0000,0x7ffd0000,0x00000000
0x1303e618,0x526f625f,0x526f625f,0x00000000
0x1303e628,0xc00000c0,0xc00000c0,0x00000000
0x1303e62c,0x6b737061,0x6b737061,0x00000000
0x1303e630,0x6365202a,0x6365202a,0x00000000
0x1303e634,0x70656e64,0x70656e64,0x00000000
0x1303e63c,0x0f000000,0x0f000000,0x00000000
0x1303e648,0x00020203,0x00020203,0x00000000
0x1303e64c,0x03ffff00,0x03ffff00,0x00000000
0x1303e670,0x807b4900,0x807b4900,0x00000000
0x1303e6d8,0x3f800000,0x3f800000,0x00000000
0x1303e6dc,0x3f800000,0x3f800000,0x00000000
0x1303e6e8,0x3f800000,0x3f800000,0x00000000
0x1303e6ec,0x3f800000,0x3f800000,0x00000000
0x1303e6f0,0x3f800000,0x3f800000,0x00000000
0x1303e6f4,0x3f800000,0x3f800000,0x00000000
0x1303e6f8,0x3f800000,0x3f800000,0x00000000
0x1303e708,0x41a80000,0x41a80000,0x00000000
0x1303e70c,0x3f800000,0x3f800000,0x00000000
0x1303e710,0x3f800000,0x3f800000,0x00000000
0x1303e778,0x3f800000,0x3f800000,0x00000000
0x1303e7d4,0x807b4900,0x807b4900,0x00000000
0x1303e7f0,0x807b4900,0x807b4900,0x00000000
0x1303e814,0x3f800000,0x3f800000,0x00000000
0x1303e83c,0x3f800000,0x3f800000,0x00000000
0x1303e854,0x3f800000,0x3f800000,0x00000000
0x1303e87c,0x3f800000,0x3f800000,0x00000000
0x1303e898,0x3f800000,0x3f800000,0x00000000
0x1303e8b8,0x3f800000,0x3f800000,0x00000000
0x1303e8bc,0x3f800000,0x3f800000,0x00000000
0x1303e8d8,0x8052c080,0x8052c080,0x00000000
0x1303e90c,0x3f800000,0x3f800000,0x00000000
0x1303e910,0x3f800000,0x3f800000,0x00000000
0x1303e92c,0x0000ff00,0x0000ff00,0x00000000
0x1303e930,0x010a0000,0x010a0000,0x00000000
0x1303e934,0x00ffff00,0x00ffff00,0x00000000
0x1303e93c,0x3e851eb8,0x3e851eb8,0x00000000
0x1303e948,0x3f800000,0x3f800000,0x00000000
0x1303e94c,0x3f800000,0x3f800000,0x00000000
0x1303e950,0x3f800000,0x3f800000,0x00000000
0x1303e954,0x3f800000,0x3f800000,0x00000000
0x1303e958,0x00010000,0x00010000,0x00000000
0x1303e95c,0x3f800000,0x3f800000,0x00000000
0x1303e978,0x3f800000,0x3f800000,0x00000000
0x1303e988,0x418c0000,0x418c0000,0x00000000
0x1303e990,0x3f800000,0x3f800000,0x00000000
0x1303e9b8,0x3f800000,0x3f800000,0x00000000
0x1303e9c8,0x41980000,0x41980000,0x00000000
0x1303e9cc,0x3f800000,0x3f800000,0x00000000
0x1303e9d0,0x3f800000,0x3f800000,0x00000000
0x1303e9e4,0x3f800000,0x3f800000,0x00000000
0x1303e9f8,0x3f800000,0x3f800000,0x00000000
0x1303ea08,0x41940000,0x41940000,0x00000000
0x1303ea0c,0x3f800000,0x3f800000,0x00000000
0x1303ea10,0x3f800000,0x3f800000,0x00000000
0x1303ea38,0x3f800000,0x3f800000,0x00000000
0x1303ea4c,0x3f800000,0x3f800000,0x00000000
0x1303ea50,0x3f800000,0x3f800000,0x00000000
0x1303ea78,0x3f800000,0x3f800000,0x00000000
0x1303ea88,0x418c0000,0x418c0000,0x00000000
0x1303ea8c,0x3f800000,0x3f800000,0x00000000
0x1303ea90,0x3f800000,0x3f800000,0x00000000
0x1303eab8,0x3f800000,0x3f800000,0x00000000
0x1303eacc,0x3f800000,0x3f800000,0x00000000
0x1303ead0,0x3f800000,0x3f800000,0x00000000
0x1303eaf8,0x3f800000,0x3f800000,0x00000000
0x1303eb0c,0x3f800000,0x3f800000,0x00000000
0x1303eb10,0x3f800000,0x3f800000,0x00000000
0x1303eb38,0x3f800000,0x3f800000,0x00000000
0x1303eb4c,0x3f800000,0x3f800000,0x00000000
0x1303eb50,0x3f800000,0x3f800000,0x00000000
0x1303eb78,0x3f800000,0x3f800000,0x00000000
0x1303eb80,0xc0852f94,0xc0852f94,0x00000000
0x1303eb84,0x40cbac66,0x40cbac66,0x00000000
0x1303eb88,0x418c0000,0x418c0000,0x00000000
0x1303eb8c,0x3f800000,0x3f800000,0x00000000
0x1303eb90,0x3f800000,0x3f800000,0x00000000
0x1303ebb8,0x3f800000,0x3f800000,0x00000000
0x1303ebcc,0x3f800000,0x3f800000,0x00000000
0x1303ebd0,0x3f800000,0x3f800000,0x00000000
0x1303ebf8,0x3f800000,0x3f800000,0x00000000
0x1303ec0c,0x3f800000,0x3f800000,0x00000000
0x1303ec10,0x3f800000,0x3f800000,0x00000000
0x1303ec38,0x3f800000,0x3f800000,0x00000000
0x1303ec4c,0x3f800000,0x3f800000,0x00000000
0x1303ec50,0x3f800000,0x3f800000,0x00000000
0x1303ec78,0x3f800000,0x3f800000,0x00000000
0x1303ec90,0x3f800000,0x3f800000,0x00000000
0x1303ecb8,0x3f800000,0x3f800000,0x00000000
0x1303eccc,0x3f800000,0x3f800000,0x00000000
0x1303ecd0,0x3f800000,0x3f800000,0x00000000
0x1303ecf8,0x3f800000,0x3f800000,0x00000000
0x1303ed08,0x41940000,0x41940000,0x00000000
0x1303ed0c,0x3f800000,0x3f800000,0x00000000
0x1303ed10,0x3f800000,0x3f800000,0x00000000
0x1303ed38,0x3f800000,0x3f800000,0x00000000
0x1303ed48,0x41900000,0x41900000,0x00000000
0x1303ed4c,0x3f800000,0x3f800000,0x00000000
0x1303ed50,0x3f800000,0x3f800000,0x00000000
0x1303ed78,0x3f800000,0x3f800000,0x00000000
0x1303ed80,0xc1282261,0xc1282261,0x00000000
0x1303ed84,0xc338a741,0xc338a741,0x00000000
0x1303ed88,0x41900000,0x41900000,0x00000000
0x1303ed8c,0x3f800000,0x3f800000,0x00000000
0x1303ed90,0x3f800000,0x3f800000,0x00000000
0x1303edb8,0x3f800000,0x3f800000,0x00000000
0x1303edc8,0x41940000,0x41940000,0x00000000
0x1303edcc,0x3f800000,0x3f800000,0x00000000
0x1303edd0,0x3f800000,0x3f800000,0x00000000
0x1303edf8,0x3f800000,0x3f800000,0x00000000
0x1303ee0c,0x3f800000,0x3f800000,0x00000000
0x1303ee10,0x3f800000,0x3f800000,0x00000000
0x1303ee38,0x3f800000,0x3f800000,0x00000000
0x1303ee4c,0x3f800000,0x3f800000,0x00000000
0x1303ee50,0x3f800000,0x3f800000,0x00000000
0x1303ee78,0x3f800000,0x3f800000,0x00000000
0x1303ee8c,0x3f800000,0x3f800000,0x00000000
0x1303ee90,0x3f800000,0x3f800000,0x00000000
0x1303eeb8,0x3f800000,0x3f800000,0x00000000
0x1303eed0,0x3f800000,0x3f800000,0x00000000
0x1303eef8,0x3f800000,0x3f800000,0x00000000
0x1303ef0c,0x3f800000,0x3f800000,0x00000000
0x1303ef10,0x3f800000,0x3f800000,0x00000000
0x1303ef38,0x3f800000,0x3f800000,0x00000000
0x1303ef48,0x41900000,0x41900000,0x00000000
0x1303ef4c,0x3f800000,0x3f800000,0x00000000
0x1303ef50,0x3f800000,0x3f800000,0x00000000
0x1303ef78,0x3f800000,0x3f800000,0x00000000
0x1303ef88,0x41a80000,0x41a80000,0x00000000
0x1303ef8c,0x3f800000,0x3f800000,0x00000000
0x1303ef90,0x3f800000,0x3f800000,0x00000000
0x1303efb8,0x3f800000,0x3f800000,0x00000000
0x1303efcc,0x3f800000,0x3f800000,0x00000000
0x1303efd0,0x3f800000,0x3f800000,0x00000000
0x1303efe4,0x3f800000,0x3f800000,0x00000000
0x1303eff8,0x3f800000,0x3f800000,0x00000000
0x1303f008,0x41a80000,0x41a80000,0x00000000
0x1303f00c,0x3f800000,0x3f800000,0x00000000
0x1303f010,0x3f800000,0x3f800000,0x00000000
0x1303f038,0x3f800000,0x3f800000,0x00000000
0x1303f048,0x41a80000,0x41a80000,0x00000000
0x1303f050,0x3f800000,0x3f800000,0x00000000
0x1303f078,0x3f800000,0x3f800000,0x00000000
0x1303f08c,0x3f800000,0x3f800000,0x00000000
0x1303f090,0x3f800000,0x3f800000,0x00000000
0x1303f0b8,0x3f800000,0x3f800000,0x00000000
0x1303f0cc,0x3f800000,0x3f800000,0x00000000
0x1303f0d0,0x3f800000,0x3f800000,0x00000000
0x1303f0f8,0x3f800000,0x3f800000,0x00000000
0x1303f10c,0x3f800000,0x3f800000,0x00000000
0x1303f110,0x3f800000,0x3f800000,0x00000000
0x1303f124,0x3f800000,0x3f800000,0x00000000
0x1303f138,0x3f800000,0x3f800000,0x00000000
0x1303f14c,0x3f800000,0x3f800000,0x00000000
0x1303f150,0x3f800000,0x3f800000,0x00000000
0x1303f178,0x3f800000,0x3f800000,0x00000000
0x1303f188,0x418c0000,0x418c0000,0x00000000
0x1303f18c,0x3f800000,0x3f800000,0x00000000
0x1303f190,0x3f800000,0x3f800000,0x00000000
0x1303f1b8,0x3f800000,0x3f800000,0x00000000
0x1303f1cc,0x3f800000,0x3f800000,0x00000000
0x1303f1d0,0x3f800000,0x3f800000,0x00000000
0x1303f1f0,0x5374616e,0x5374616e,0x00000000
0x1303f1f4,0x64617264,0x64617264,0x00000000
0x1303f1f8,0x204f7074,0x204f7074,0x00000000
0x1303f1fc,0x696f6e20,0x696f6e20,0x00000000
0x1303f20c,0x3f800000,0x3f800000,0x00000000
0x1303f210,0x3f800000,0x3f800000,0x00000000
0x1303f238,0x3f800000,0x3f800000,0x00000000
0x1303f248,0x418c0000,0x418c0000,0x00000000
0x1303f24c,0x3f800000,0x3f800000,0x00000000
0x1303f250,0x3f800000,0x3f800000,0x00000000
0x1303f290,0x3f800000,0x3f800000,0x00000000
0x1303f294,0x3f800000,0x3f800000,0x00000000
0x1303f298,0x3f800000,0x3f800000,0x00000000
0x1303f29c,0x3f666666,0x3f666666,0x00000000
0x1303f2b4,0x9303f2c8,0x9303f2c8,0x00000000
0x1303f2c8,0x666f6e74,0x666f6e74,0x00000000
0x1303f2cc,0x732f4761,0x732f4761,0x00000000
0x1303f2d0,0x7a7a5265,0x7a7a5265,0x00000000
0x1303f2d4,0x67756c61,0x67756c61,0x00000000
0x1303f2d8,0x725f3335,0x725f3335,0x00000000
0x1303f2dc,0x2e666e74,0x2e666e74,0x00000000
0x1303f330,0x807aa6e0,0x807aa6e0,0x00000000
0x1303f33c,0x807aacb8,0x807aacb8,0x00000000
0x1303f378,0x65736865,0x65736865,0x00000000
0x1303f38c,0x900d7970,0x900d7970,0x00000000
0x1303f394,0x807aacb8,0x807aacb8,0x00000000
0x1303f398,0x807aa778,0x807aa778,0x00000000
0x1303f39c,0x807aacb8,0x807aacb8,0x00000000
0x1303f3f8,0x3f800000,0x3f800000,0x00000000
0x1303f3fc,0x3f800000,0x3f800000,0x00000000
0x1303f408,0x3f800000,0x3f800000,0x00000000
0x1303f410,0x3f800000,0x3f800000,0x00000000
0x1303f414,0x3f800000,0x3f800000,0x00000000
0x1303f42c,0xc07ccccd,0xc07ccccd,0x00000000
0x1303f430,0x3ed9999a,0x3ed9999a,0x00000000
0x1303f434,0x409ab14d,0x409ab14d,0x00000000
0x1303f438,0x3f800000,0x3f800000,0x00000000
0x1303f43c,0x407ccccd,0x407ccccd,0x00000000
0x1303f44c,0xc07ccccd,0xc07ccccd,0x00000000
0x1303f450,0xbed9999a,0xbed9999a,0x00000000
0x1303f454,0x409ab14d,0x409ab14d,0x00000000
0x1303f654,0x6f6e6c69,0x6f6e6c69,0x00000000
0x1303f658,0x6e652f6f,0x6e652f6f,0x00000000
0x1303f65c,0x6e6c696e,0x6e6c696e,0x00000000
0x1303f670,0x2f6f6e6c,0x2f6f6e6c,0x00000000
0x1303f674,0x696e655f,0x696e655f,0x00000000
0x1303f678,0x636f6e6e,0x636f6e6e,0x00000000
0x1303f7bc,0x93040fc0,0x93040fc0,0x00000000
0x1303fb9c,0x3f800000,0x3f800000,0x00000000
0x1303fcfc,0x3f800000,0x3f800000,0x00000000
0x1303fd3c,0x3f800000,0x3f800000,0x00000000
0x1303fdfc,0x3e851eb8,0x3e851eb8,0x00000000
0x1303fe1c,0x3f800000,0x3f800000,0x00000000
0x13041dac,0x2f736372,0x2f736372,0x00000000
0x13042588,0x65637469,0x65637469,0x00000000
0x13042590,0x6c757262,0x6c757262,0x00000000
0x130425cc,0x930425e0,0x930425e0,0x00000000
0x130425dc,0x804f6088,0x804f6088,0x00000000
0x130425ec,0x6374696f,0x6374696f,0x00000000
0x130425f0,0x6e5f426c,0x6e5f426c,0x00000000
0x130425f4,0x7572625f,0x7572625f,0x00000000
0x130425fc,0x6c617230,0x6c617230,0x00000000
0x13042638,0x804f6088,0x804f6088,0x00000000
0x13042644,0x6f6e5f63,0x6f6e5f63,0x00000000
0x13042648,0x6f6e7472,0x6f6e7472,0x00000000
0x13042650,0x61726b65,0x61726b65,0x00000000
0x13042654,0x72000000,0x72000000,0x00000000
0x1304267c,0x9304fca0,0x9304fca0,0x00000000
0x13042680,0x9304c820,0x9304c820,0x00000000
0x13042684,0x93042698,0x93042698,0x00000000
0x130426f4,0x68656c70,0x68656c70,0x00000000
0x130426f8,0x65726261,0x65726261,0x00000000
0x130426fc,0x72737461,0x72737461,0x00000000
0x13042790,0x930501e0,0x930501e0,0x00000000
0x13042804,0x804f6088,0x804f6088,0x00000000
0x1304284c,0x930503a0,0x930503a0,0x00000000
0x1304286c,0x3f800000,0x3f800000,0x00000000
0x1304287c,0x93042870,0x93042870,0x00000000
0x13042888,0x93042770,0x93042770,0x00000000
0x130428ac,0x930428c0,0x930428c0,0x00000000
0x130428bc,0x804f6088,0x804f6088,0x00000000
0x13042974,0x804f6088,0x804f6088,0x00000000
0x130429b0,0x46524500,0x46524500,0x00000000
0x130429ec,0x93042a00,0x93042a00,0x00000000
0x130429fc,0x804f60d8,0x804f60d8,0x00000000
0x13042a14,0x5c317063,0x5c317063,0x00000000
0x13042a18,0x7573746f,0x7573746f,0x00000000
0x13042a1c,0x93042a30,0x93042a30,0x00000000
0x13042a30,0x00696d73,0x00696d73,0x00000000
0x13042a34,0x2e475232,0x2e475232,0x00000000
0x13042a78,0x93042a8c,0x93042a8c,0x00000000
0x13042a88,0x804f6088,0x804f6088,0x00000000
0x13042b4c,0xc1c1809f,0xc1c1809f,0x00000000
0x13042bc8,0xffffffff,0xffffffff,0x00000000
0x13042c5c,0xffffffff,0xffffffff,0x00000000
0x13042cb4,0x00ffffff,0x00ffffff,0x00000000
0x13042cb8,0xffffffff,0xffffffff,0x00000000
0x13042cbc,0xffffffff,0xffffffff,0x00000000
0x13042cf0,0xffffffff,0xffffffff,0x00000000
0x13042d2c,0xffffffff,0xffffffff,0x00000000
0x13042d30,0xffffffff,0xffffffff,0x00000000
0x13042d34,0xffffffff,0xffffffff,0x00000000
0x13042d38,0xffffffff,0xffffffff,0x00000000
0x13042d3c,0xffffffff,0xffffffff,0x00000000
0x13042d48,0xffffffff,0xffffffff,0x00000000
0x13042d4c,0xffffffff,0xffffffff,0x00000000
0x13042d50,0xffffffff,0xffffffff,0x00000000
0x13042d54,0xffffffff,0xffffffff,0x00000000
0x13042d6c,0x00ffffff,0x00ffffff,0x00000000
0x13042d74,0xffffffff,0xffffffff,0x00000000
0x13042d78,0xffffffff,0xffffffff,0x00000000
0x13042d7c,0xffffffff,0xffffffff,0x00000000
0x13042d8c,0xffffffff,0xffffffff,0x00000000
0x13042d90,0xffffffff,0xffffffff,0x00000000
0x13042d94,0xffffffff,0xffffffff,0x00000000
0x13042d9c,0xffffffff,0xffffffff,0x00000000
0x13042db0,0xffffffff,0xffffffff,0x00000000
0x13042db4,0x93042dc8,0x93042dc8,0x00000000
0x13042df0,0x3dcccccd,0x3dcccccd,0x00000000
0x13042df4,0x3f800000,0x3f800000,0x00000000
0x13042df8,0x3f800000,0x3f800000,0x00000000
0x13042dfc,0x3f800000,0x3f800000,0x00000000
0x13042e0c,0xbf800000,0xbf800000,0x00000000
0x13042e10,0x93042e24,0x93042e24,0x00000000
0x13042e20,0x804f6088,0x804f6088,0x00000000
0x13042e24,0x00042e38,0x00042e38,0x00000000
0x13042e48,0x52525252,0x52525252,0x00000000
0x13042e4c,0x52525252,0x52525252,0x00000000
0x13042e54,0x52525252,0x52525252,0x00000000
0x13042e58,0x52525252,0x52525252,0x00000000
0x13042e5c,0x52525252,0x52525252,0x00000000
0x13042e6c,0x93042e80,0x93042e80,0x00000000
0x13042e88,0x99992323,0x99992323,0x00000000
0x13042e8c,0x23232323,0x23232323,0x00000000
0x13042e90,0x99992323,0x99992323,0x00000000
0x13042e94,0x99232323,0x99232323,0x00000000
0x13042e98,0x239923e5,0x239923e5,0x00000000
0x13042e9c,0x99992323,0x99992323,0x00000000
0x13042ea8,0x99999923,0x99999923,0x00000000
0x13042eac,0x99999923,0x99999923,0x00000000
0x13042eb0,0x99999999,0x99999999,0x00000000
0x13042eb4,0x99999999,0x99999999,0x00000000
0x13042eb8,0x99999999,0x99999999,0x00000000
0x13042ebc,0x99999999,0x99999999,0x00000000
0x13042eec,0xbb999999,0xbb999999,0x00000000
0x13042ef4,0x99bbbb99,0x99bbbb99,0x00000000
0x13042ef8,0xbb239999,0xbb239999,0x00000000
0x13042efc,0xbbbbbb99,0xbbbbbb99,0x00000000
0x13042f14,0xbbbb2323,0xbbbb2323,0x00000000
0x13042f18,0xbbbb9999,0xbbbb9999,0x00000000
0x13042f1c,0xbbbbe599,0xbbbbe599,0x00000000
0x13042f34,0x804f6088,0x804f6088,0x00000000
0x13042f6c,0x93042f60,0x93042f60,0x00000000
0x13042f74,0x930715a0,0x930715a0,0x00000000
0x13042f78,0x93042dc0,0x93042dc0,0x00000000
0x13042f90,0x804f6088,0x804f6088,0x00000000
0x13042f98,0x3f800000,0x3f800000,0x00000000
0x13042f9c,0x3f4ccccd,0x3f4ccccd,0x00000000
0x13042fac,0xbf800000,0xbf800000,0x00000000
0x13042fb0,0xbf800000,0xbf800000,0x00000000
0x13042fb4,0xbf800000,0xbf800000,0x00000000
0x13042fb8,0xbf800000,0xbf800000,0x00000000
0x13042fd4,0x804f60d8,0x804f60d8,0x00000000
0x13042fd8,0x0005050b,0x0005050b,0x00000000
0x13042fdc,0x93042ff0,0x93042ff0,0x00000000
0x13042fec,0x804f6088,0x804f6088,0x00000000
0x1304300c,0x98c7320b,0x98c7320b,0x00000000
0x13043014,0x0b05050b,0x0b05050b,0x00000000
0x13043018,0x0b050101,0x0b050101,0x00000000
0x1304301c,0x0a1b8fc7,0x0a1b8fc7,0x00000000
0x13043028,0x0504040b,0x0504040b,0x00000000
0x1304304c,0x00c7320b,0x00c7320b,0x00000000
0x1304305c,0x1932c798,0x1932c798,0x00000000
0x13043088,0x989898c7,0x989898c7,0x00000000
0x1304308c,0x321b0b0a,0x321b0b0a,0x00000000
0x13043090,0xc78f190a,0xc78f190a,0x00000000
0x130430d4,0xc7c7c7c7,0xc7c7c7c7,0x00000000
0x13043110,0x807b4900,0x807b4900,0x00000000
0x13043114,0x930715a0,0x930715a0,0x00000000
0x13043118,0x93042f60,0x93042f60,0x00000000
0x1304318c,0xc7cbcbc0,0xc7cbcbc0,0x00000000
0x13043194,0xc7cbc734,0xc7cbc734,0x00000000
0x13043198,0x8fcb3232,0x8fcb3232,0x00000000
0x1304319c,0xcbcbcb36,0xcbcbcb36,0x00000000
0x130431b8,0x804f6088,0x804f6088,0x00000000
0x130431bc,0x002a2a2a,0x002a2a2a,0x00000000
0x130431c8,0x2a2a2ae8,0x2a2a2ae8,0x00000000
0x130431d0,0x2a2ae82a,0x2a2ae82a,0x00000000
0x130431d4,0xbaeb2a2a,0xbaeb2a2a,0x00000000
0x130431d8,0x2ae8e82a,0x2ae8e82a,0x00000000
0x130431fc,0x2a2a2a2a,0x2a2a2a2a,0x00000000
0x13043214,0x804f6088,0x804f6088,0x00000000
0x13043218,0x002a2a2a,0x002a2a2a,0x00000000
0x13043228,0x2ae82aeb,0x2ae82aeb,0x00000000
0x1304324c,0xebebebeb,0xebebebeb,0x00000000
0x13043254,0xebebebeb,0xebebebeb,0x00000000
0x13043258,0x2a2a2a2a,0x2a2a2a2a,0x00000000
0x1304325c,0x2aebeb2a,0x2aebeb2a,0x00000000
0x130432d4,0x3f800000,0x3f800000,0x00000000
0x130432d8,0x3f800000,0x3f800000,0x00000000
0x13043330,0xe8e8ebeb,0xe8e8ebeb,0x00000000
0x13043334,0xebebebcc,0xebebebcc,0x00000000
0x1304338c,0xebebebeb,0xebebebeb,0x00000000
0x13043390,0xebebebeb,0xebebebeb,0x00000000
0x130433ec,0x992a8d2a,0x992a8d2a,0x00000000
0x1304344c,0x93043440,0x93043440,0x00000000
0x13043454,0x930715a0,0x930715a0,0x00000000
0x13043458,0x930432a0,0x930432a0,0x00000000
0x13043470,0x3dcccccd,0x3dcccccd,0x00000000
0x13043480,0x3f4ccccd,0x3f4ccccd,0x00000000
0x130434c8,0xcbcbcba7,0xcbcbcba7,0x00000000
0x130434cc,0xa7a7a5a5,0xa7a7a5a5,0x00000000
0x130434d0,0x1b1b1b19,0x1b1b1b19,0x00000000
0x130434d4,0x191b1b1b,0x191b1b1b,0x00000000
0x130434d8,0x1b1b1b1b,0x1b1b1b1b,0x00000000
0x130434dc,0x1b1b1b19,0x1b1b1b19,0x00000000
0x130434f4,0x804f6088,0x804f6088,0x00000000
0x130434fc,0x19191919,0x19191919,0x00000000
0x13043514,0x6c6c6c6c,0x6c6c6c6c,0x00000000
0x13043518,0x1919ab6c,0x1919ab6c,0x00000000
0x1304351c,0xd26c6c6c,0xd26c6c6c,0x00000000
0x13043530,0x6c6c6c6c,0x6c6c6c6c,0x00000000
0x13043534,0x6c190001,0x6c190001,0x00000000
0x1304353c,0x6c1d0000,0x6c1d0000,0x00000000
0x13043550,0x804f6088,0x804f6088,0x00000000
0x13043560,0x01010103,0x01010103,0x00000000
0x13043564,0x02010303,0x02010303,0x00000000
0x13043568,0x01000100,0x01000100,0x00000000
0x1304356c,0x01000204,0x01000204,0x00000000
0x13043578,0x01000101,0x01000101,0x00000000
0x13043588,0x04040704,0x04040704,0x00000000
0x13043590,0x03040403,0x03040403,0x00000000
0x13043594,0x05070a04,0x05070a04,0x00000000
0x13043598,0x01020303,0x01020303,0x00000000
0x1304359c,0x930435b0,0x930435b0,0x00000000
0x130435ac,0x804f6088,0x804f6088,0x00000000
0x130435b0,0x000102a0,0x000102a0,0x00000000
0x130435ec,0x930435e0,0x930435e0,0x00000000
0x130435f4,0x930715a0,0x930715a0,0x00000000
0x130435f8,0x9304360c,0x9304360c,0x00000000
0x13043610,0x3dcccccd,0x3dcccccd,0x00000000
0x13043614,0x3f800000,0x3f800000,0x00000000
0x1304362c,0xbf800000,0xbf800000,0x00000000
0x13043630,0xbf800000,0xbf800000,0x00000000
0x13043634,0xbf800000,0xbf800000,0x00000000
0x13043638,0xbf800000,0xbf800000,0x00000000
0x13043654,0x93043668,0x93043668,0x00000000
0x13043664,0x804f6088,0x804f6088,0x00000000
0x13043668,0x00010100,0x00010100,0x00000000
0x1304366c,0x0001001d,0x0001001d,0x00000000
0x13043694,0xebebebeb,0xebebebeb,0x00000000
0x13043698,0x6c776ad1,0x6c776ad1,0x00000000
0x1304369c,0xccebebeb,0xccebebeb,0x00000000
0x130436cc,0xebebebeb,0xebebebeb,0x00000000
0x130436d0,0xebebebeb,0xebebebeb,0x00000000
0x130436d4,0xebebebeb,0xebebebeb,0x00000000
0x130436dc,0xebebebeb,0xebebebeb,0x00000000
0x1304372c,0x2b2b2b2b,0x2b2b2b2b,0x00000000
0x13043730,0x2b2b2b2b,0x2b2b2b2b,0x00000000
0x13043864,0x070a0b0a,0x070a0b0a,0x00000000
0x13043b18,0xbf800000,0xbf800000,0x00000000
0x13043b74,0x29a8a8a8,0x29a8a8a8,0x00000000
0x13043b78,0x2b2b29a8,0x2b2b29a8,0x00000000
0x13043bec,0x52525252,0x52525252,0x00000000
0x13043bf4,0x52525252,0x52525252,0x00000000
0x13043bf8,0x52525252,0x52525252,0x00000000
0x13043bfc,0x52525252,0x52525252,0x00000000
0x13043c10,0x52525252,0x52525252,0x00000000
0x13043c30,0x52525252,0x52525252,0x00000000
0x13043c6c,0x93043c60,0x93043c60,0x00000000
0x13043c70,0x93043c84,0x93043c84,0x00000000
0x13043c90,0x3dcccccd,0x3dcccccd,0x00000000
0x13043c94,0x3f800000,0x3f800000,0x00000000
0x13043c9c,0x3f800000,0x3f800000,0x00000000
0x13043cac,0xbf800000,0xbf800000,0x00000000
0x13043cb4,0xbf800000,0xbf800000,0x00000000
0x13043cb8,0xbf800000,0xbf800000,0x00000000
0x13043ccc,0x93043ce0,0x93043ce0,0x00000000
0x13043cf0,0x52525252,0x52525252,0x00000000
0x13043cf4,0x52525252,0x52525252,0x00000000
0x13043cf8,0x52525252,0x52525252,0x00000000
0x13043d08,0x52525252,0x52525252,0x00000000
0x13043d0c,0x52525252,0x52525252,0x00000000
0x13043d18,0x52525252,0x52525252,0x00000000
0x13043d38,0x804f6088,0x804f6088,0x00000000
0x13043d3c,0x00525252,0x00525252,0x00000000
0x13043d48,0x52525252,0x52525252,0x00000000
0x13043d50,0x52525252,0x52525252,0x00000000
0x13043d58,0x52525252,0x52525252,0x00000000
0x13043d5c,0x52525252,0x52525252,0x00000000
0x13043d94,0x804f6088,0x804f6088,0x00000000
0x13043d98,0x00525252,0x00525252,0x00000000
0x13043d9c,0x52525252,0x52525252,0x00000000
0x13044d44,0x52525252,0x52525252,0x00000000
0x13044f48,0x0b0a0a0b,0x0b0a0a0b,0x00000000
0x13045cc8,0x93045cdc,0x93045cdc,0x00000000
0x13045d80,0x93045d94,0x93045d94,0x00000000
0x13045f90,0x3f666666,0x3f666666,0x00000000
0x13046734,0x93046748,0x93046748,0x00000000
0x130469f0,0x3f800000,0x3f800000,0x00000000
0x13046e18,0x804f6088,0x804f6088,0x00000000
0x13046ed0,0x804f6088,0x804f6088,0x00000000
0x130470a8,0x41a80000,0x41a80000,0x00000000
0x13047154,0x804f6088,0x804f6088,0x00000000
0x13047158,0x00800000,0x00800000,0x00000000
0x130471d8,0x3f666666,0x3f666666,0x00000000
0x130471e8,0x41a11d0a,0x41a11d0a,0x00000000
0x130471ec,0x3f800000,0x3f800000,0x00000000
0x130471f0,0x3f5977aa,0x3f5977aa,0x00000000
0x130471f4,0x3cf3031d,0x3cf3031d,0x00000000
0x130471fc,0x93047210,0x93047210,0x00000000
0x130472c4,0x804f6088,0x804f6088,0x00000000
0x130472e8,0x41a80000,0x41a80000,0x00000000
0x130472ec,0x3f800000,0x3f800000,0x00000000
0x13047310,0x93047324,0x93047324,0x00000000
0x1304732c,0x3f800000,0x3f800000,0x00000000
0x13047330,0x3f800000,0x3f800000,0x00000000
0x13047358,0x3f800000,0x3f800000,0x00000000
0x1304736c,0x93047380,0x93047380,0x00000000
0x13047398,0x3f800000,0x3f800000,0x00000000
0x13047418,0x3f800000,0x3f800000,0x00000000
0x13047458,0x3f800000,0x3f800000,0x00000000
0x13047470,0x3f800000,0x3f800000,0x00000000
0x130474ac,0x3f800000,0x3f800000,0x00000000
0x130474dc,0x930474f0,0x930474f0,0x00000000
0x130474ec,0x804f6088,0x804f6088,0x00000000
0x13047528,0x41a40b13,0x41a40b13,0x00000000
0x1304752c,0x3f800000,0x3f800000,0x00000000
0x13047530,0x3f5977aa,0x3f5977aa,0x00000000
0x13047538,0x9304754c,0x9304754c,0x00000000
0x13047568,0x41a33a18,0x41a33a18,0x00000000
0x13047594,0x930475a8,0x930475a8,0x00000000
0x130475b0,0x3f4ccccc,0x3f4ccccc,0x00000000
0x130475f0,0x93047604,0x93047604,0x00000000
0x13047600,0x804f6088,0x804f6088,0x00000000
0x1304762c,0x3f800000,0x3f800000,0x00000000
0x13047668,0x41a7da3d,0x41a7da3d,0x00000000
0x13047670,0x3f599999,0x3f599999,0x00000000
0x13047988,0x9304799c,0x9304799c,0x00000000
0x130479f4,0x804f6088,0x804f6088,0x00000000
0x13047a50,0x804f6088,0x804f6088,0x00000000
0x13047a9c,0x93047ab0,0x93047ab0,0x00000000
0x13047af8,0x93047b0c,0x93047b0c,0x00000000
0x13047b08,0x804f6088,0x804f6088,0x00000000
0x13047b54,0x93047b68,0x93047b68,0x00000000
0x130498a4,0x5c496e74,0x5c496e74,0x00000000
0x130499a8,0x74696f6e,0x74696f6e,0x00000000
0x130499b4,0x6c732e74,0x6c732e74,0x00000000
0x130499b8,0x78740000,0x78740000,0x00000000
0x130499f0,0x804f6088,0x804f6088,0x00000000
0x13049a30,0x696e7472,0x696e7472,0x00000000
0x13049a34,0x6f737562,0x6f737562,0x00000000
0x13049a6c,0x92fb2d40,0x92fb2d40,0x00000000
0x13049a78,0x807aac48,0x807aac48,0x00000000
0x13049a90,0x4172745c,0x4172745c,0x00000000
0x13049b38,0x68656c70,0x68656c70,0x00000000
0x13049b3c,0x62617269,0x62617269,0x00000000
0x13049b44,0x00656e75,0x00656e75,0x00000000
0x13049b4c,0x74007769,0x74007769,0x00000000
0x13049b50,0x93049b64,0x93049b64,0x00000000
0x13049b74,0x92fb2d40,0x92fb2d40,0x00000000
0x13049b7c,0x807aad64,0x807aad64,0x00000000
0x13049b80,0x807aac48,0x807aac48,0x00000000
0x13049b84,0x807aac10,0x807aac10,0x00000000
0x13049ba8,0x65656e73,0x65656e73,0x00000000
0x13049bbc,0x804f6088,0x804f6088,0x00000000
0x13049c08,0x93049c1c,0x93049c1c,0x00000000
0x13049c18,0x804f6088,0x804f6088,0x00000000
0x13049c48,0x7574726f,0x7574726f,0x00000000
0x13049c4c,0x00656e75,0x00656e75,0x00000000
0x13049c50,0x00646765,0x00646765,0x00000000
0x13049c58,0x64676574,0x64676574,0x00000000
0x13049c74,0x804f6088,0x804f6088,0x00000000
0x13049c84,0x807aad64,0x807aad64,0x00000000
0x13049c88,0x807aac48,0x807aac48,0x00000000
0x13049c8c,0x807aac10,0x807aac10,0x00000000
0x1304b550,0x9304b580,0x9304b580,0x00000000
0x1304b8b4,0x2f636f6e,0x2f636f6e,0x00000000
0x1304bae0,0xb595110e,0xb595110e,0x00000000
0x1304bae8,0x502828eb,0x502828eb,0x00000000
0x1304bb30,0x807b4900,0x807b4900,0x00000000
0x1304bb5c,0x804f60d8,0x804f60d8,0x00000000
0x1304bd98,0x9304bdc8,0x9304bdc8,0x00000000
0x1304be2c,0x2f736372,0x2f736372,0x00000000
0x1304be34,0x2f636f6e,0x2f636f6e,0x00000000
0x1304e2a4,0x40c7cd51,0x40c7cd51,0x00000000
0x1304e324,0x40bae85f,0x40bae85f,0x00000000
0x1304e418,0x3f800000,0x3f800000,0x00000000
0x13052b44,0x6f720042,0x6f720042,0x00000000
0x13052de4,0x7269616e,0x7269616e,0x00000000
0x13052f24,0x6f64656c,0x6f64656c,0x00000000
0x130552d8,0xa2e84ccc,0xa2e84ccc,0x00000000
0x13055358,0x5555fabe,0x5555fabe,0x00000000
0x1305d028,0x00496e64,0x00496e64,0x00000000
0x1305d04c,0x65727465,0x65727465,0x00000000
0x1305e1a8,0x9305e2a0,0x9305e2a0,0x00000000
0x1305e264,0x9305f613,0x9305f613,0x00000000
0x1305e3c8,0x9305e4c0,0x9305e4c0,0x00000000
0x1305e4c8,0x9305dca0,0x9305dca0,0x00000000
0x1305e608,0x9305e640,0x9305e640,0x00000000
0x1305e6e4,0x9305f82c,0x9305f82c,0x00000000
0x1305e708,0x9305e9e0,0x9305e9e0,0x00000000
0x1305e904,0x9305f7f7,0x9305f7f7,0x00000000
0x1305fe44,0x9306195b,0x9306195b,0x00000000
0x1305ff24,0x930619a9,0x930619a9,0x00000000
0x13060084,0x93061a37,0x93061a37,0x00000000
0x13060a48,0x930604e0,0x930604e0,0x00000000
0x13060ba8,0x93060380,0x93060380,0x00000000
0x13060bc4,0x93061d63,0x93061d63,0x00000000
0x130616a8,0x3f800000,0x3f800000,0x00000000
0x130616cc,0x3f800000,0x3f800000,0x00000000
0x13061bb4,0x6f676965,0x6f676965,0x00000000
0x13061bec,0x69636573,0x69636573,0x00000000
0x13061bf4,0x6e743136,0x6e743136,0x00000000
0x13061c10,0x78546f54,0x78546f54,0x00000000
0x13061c18,0x676c654d,0x676c654d,0x00000000
0x13061c38,0x72547269,0x72547269,0x00000000
0x13061c5c,0x6e6e6f74,0x6e6e6f74,0x00000000
0x13061c90,0x74617469,0x74617469,0x00000000
0x13061c94,0x6f6e0054,0x6f6e0054,0x00000000
0x13061cc8,0x70685461,0x70685461,0x00000000
0x13061cd4,0x616c6172,0x616c6172,0x00000000
0x13061cd8,0x4e616d65,0x4e616d65,0x00000000
0x13061cdc,0x00566572,0x00566572,0x00000000
0x13061cec,0x49734465,0x49734465,0x00000000
0x13061cf0,0x6c746173,0x6c746173,0x00000000
0x13061cf8,0x6d617279,0x6d617279,0x00000000
0x13061cfc,0x546f706f,0x546f706f,0x00000000
0x13061d00,0x6c6f6779,0x6c6f6779,0x00000000
0x13061d04,0x004d6174,0x004d6174,0x00000000
0x13061d0c,0x6c42696e,0x6c42696e,0x00000000
0x13061d10,0x64696e67,0x64696e67,0x00000000
0x13061d14,0x73004d61,0x73004d61,0x00000000
0x13061d18,0x74657269,0x74657269,0x00000000
0x13061d2c,0x426f6e65,0x426f6e65,0x00000000
0x13061d30,0x4e616d65,0x4e616d65,0x00000000
0x13061d38,0x4d696e00,0x4d696e00,0x00000000
0x13061d3c,0x4f42424d,0x4f42424d,0x00000000
0x13061d50,0x6573004d,0x6573004d,0x00000000
0x13061d54,0x6f64656c,0x6f64656c,0x00000000
0x13061d58,0x7300536b,0x7300536b,0x00000000
0x13061d70,0x656e7400,0x656e7400,0x00000000
0x13061d74,0x4d657368,0x4d657368,0x00000000
0x13061d7c,0x696e6773,0x696e6773,0x00000000
0x13061d8c,0x726f7570,0x726f7570,0x00000000
0x13061d90,0x73005665,0x73005665,0x00000000
0x13061d94,0x63746f72,0x63746f72,0x00000000
0x13061dac,0x6e73696f,0x6e73696f,0x00000000
0x13061db0,0x6e005661,0x6e005661,0x00000000
0x13061db4,0x6c756543,0x6c756543,0x00000000
0x13061dc8,0x72616e73,0x72616e73,0x00000000
0x13061dd8,0x6c616773,0x6c616773,0x00000000
0x13061ddc,0x004f7269,0x004f7269,0x00000000
0x13061dfc,0x5363616c,0x5363616c,0x00000000
0x13061e0c,0x5472616e,0x5472616e,0x00000000
0x13061f0c,0x05000000,0x05000000,0x00000000
0x13061f18,0x3d107bfc,0x3d107bfc,0x00000000
0x13061f1c,0x3f7fd737,0x3f7fd737,0x00000000
0x13061f30,0xb34b22d8,0xb34b22d8,0x00000000
0x13061f38,0x02000009,0x02000009,0x00000000
0x13061f3c,0x74696d65,0x74696d65,0x00000000
0x13061f4c,0x04000000,0x04000000,0x00000000
0x13061f58,0xc093c29e,0xc093c29e,0x00000000
0x13062cc4,0x93064159,0x93064159,0x00000000
0x13065084,0x93066641,0x93066641,0x00000000
0x13068e7c,0x74546f6f,0x74546f6f,0x00000000
0x13068fd0,0x00506978,0x00506978,0x00000000
0x1306b998,0x50617265,0x50617265,0x00000000
0x1306bbe8,0x6e677300,0x6e677300,0x00000000
0x1306bbfc,0x4f42424d,0x4f42424d,0x00000000
0x1306bef0,0xb2d358fc,0xb2d358fc,0x00000000
0x1306c04c,0x9306c040,0x9306c040,0x00000000
0x1306c298,0x3f800000,0x3f800000,0x00000000
0x1306c29c,0x3f800000,0x3f800000,0x00000000
0x1306ca4c,0x9308d8a0,0x9308d8a0,0x00000000
0x1306ca5c,0x3f800000,0x3f800000,0x00000000
0x1306d6fc,0xedededed,0xedededed,0x00000000
0x1306d708,0xedededed,0xedededed,0x00000000
0x1306d718,0xedededed,0xedededed,0x00000000
0x1306d71c,0xedededed,0xedededed,0x00000000
0x1306d724,0xedededed,0xedededed,0x00000000
0x1306d73c,0xedededed,0xedededed,0x00000000
0x1306d854,0x90a2a290,0x90a2a290,0x00000000
0x1306d858,0xa2a2a2a2,0xa2a2a2a2,0x00000000
0x1306d85c,0xa2a2a290,0xa2a2a290,0x00000000
0x1306d87c,0x90a2a2a2,0x90a2a2a2,0x00000000
0x1306d894,0xa2907d7d,0xa2907d7d,0x00000000
0x1306d898,0x90909090,0x90909090,0x00000000
0x1306d8a4,0x7d909090,0x7d909090,0x00000000
0x1306d8cc,0x90907d90,0x90907d90,0x00000000
0x1306d8d4,0x90909090,0x90909090,0x00000000
0x1306d8d8,0x909090a2,0x909090a2,0x00000000
0x1306d8ec,0x77a27a7a,0x77a27a7a,0x00000000
0x1306d8f0,0xa2909090,0xa2909090,0x00000000
0x1306d8f4,0x77a2a2a2,0x77a2a2a2,0x00000000
0x1306d910,0x7a1a0100,0x7a1a0100,0x00000000
0x1306da88,0x0001080d,0x0001080d,0x00000000
0x1306da8c,0x13141518,0x13141518,0x00000000
0x1306da94,0x912421c1,0x912421c1,0x00000000
0x1306da98,0x98f5c9e1,0x98f5c9e1,0x00000000
0x1306da9c,0x2cc02cc5,0x2cc02cc5,0x00000000
0x1306daf8,0xf97aed8d,0xf97aed8d,0x00000000
0x1306dafc,0x09030000,0x09030000,0x00000000
0x1306db18,0x00050300,0x00050300,0x00000000
0x1306dcd4,0x020c151a,0x020c151a,0x00000000
0x1306dcdc,0x1a901edb,0x1a901edb,0x00000000
0x1306dce8,0x09101314,0x09101314,0x00000000
0x1306dcec,0x158d8d1a,0x158d8d1a,0x00000000
0x1306dcf0,0x90cc9124,0x90cc9124,0x00000000
0x1306dcf8,0xc98ac5c5,0xc98ac5c5,0x00000000
0x1306dcfc,0x2c25252c,0x2c25252c,0x00000000
0x1306dd0c,0x90a2fcfc,0x90a2fcfc,0x00000000
0x1306dd10,0xcb23c525,0xcb23c525,0x00000000
0x1306dd14,0x25c5c5c5,0x25c5c5c5,0x00000000
0x1306dd18,0x8ae18839,0x8ae18839,0x00000000
0x1306dd28,0x7d1a1814,0x7d1a1814,0x00000000
0x1306dd2c,0x0d080100,0x0d080100,0x00000000
0x1306dd30,0xcbc1897f,0xcbc1897f,0x00000000
0x1306dd38,0x399939e1,0x399939e1,0x00000000
0x1306dd3c,0xe1c585a2,0xe1c585a2,0x00000000
0x1306dd50,0x05000000,0x05000000,0x00000000
0x1306dd58,0xed150400,0xed150400,0x00000000
0x1306df14,0xedededed,0xedededed,0x00000000
0x1306df18,0xedededed,0xedededed,0x00000000
0x1306df8c,0xfcfcfca2,0xfcfcfca2,0x00000000
0x1306df90,0xa2907d7d,0xa2907d7d,0x00000000
0x1306df98,0xa2907da2,0xa2907da2,0x00000000
0x1306dfcc,0xa2a2a2a2,0xa2a2a2a2,0x00000000
0x1306dfd0,0xa29090a2,0xa29090a2,0x00000000
0x1306dff4,0xa2a2a290,0xa2a2a290,0x00000000
0x1306e00c,0xa2a2a2a2,0xa2a2a2a2,0x00000000
0x1306e270,0x14ede531,0x14ede531,0x00000000
0x1306e274,0xd925c02c,0xd925c02c,0x00000000
0x1306e27c,0xc02cd7d7,0xc02cd7d7,0x00000000
0x1306e280,0x398a23c5,0x398a23c5,0x00000000
0x1306e288,0xc02c2ce1,0xc02c2ce1,0x00000000
0x1306e90c,0x777a7aa2,0x777a7aa2,0x00000000
0x1306f08c,0x7d7d7d7d,0x7d7d7d7d,0x00000000
0x1306f090,0x90a29090,0x90a29090,0x00000000
0x1306f094,0x7d7d7d7d,0x7d7d7d7d,0x00000000
0x1306f098,0xa2a2a290,0xa2a2a290,0x00000000
0x1306f0a8,0x7d909090,0x7d909090,0x00000000
0x1306f0ac,0x909090a2,0x909090a2,0x00000000
0x1306f0b0,0x90907d90,0x90907d90,0x00000000
0x1306f0b8,0x90909090,0x90909090,0x00000000
0x1306f0bc,0x90a29090,0x90a29090,0x00000000
0x1306f0cc,0x907d7d7d,0x907d7d7d,0x00000000
0x1306f0d0,0x90a29090,0x90a29090,0x00000000
0x1306f0d4,0x907d7d7d,0x907d7d7d,0x00000000
0x1306f0d8,0x90909090,0x90909090,0x00000000
0x1306f0ec,0x907dfcfc,0x907dfcfc,0x00000000
0x1306f0f0,0x7d7d9090,0x7d7d9090,0x00000000
0x1306f0f4,0x909090a2,0x909090a2,0x00000000
0x1306f0fc,0x907d90a2,0x907d90a2,0x00000000
0x1306f100,0x7a7a7a89,0x7a7a7a89,0x00000000
0x1306f110,0x7789fc77,0x7789fc77,0x00000000
0x1306f114,0xfca27d14,0xfca27d14,0x00000000
0x1306f288,0x64707463,0x64707463,0x00000000
0x1306f28c,0x53afb939,0x53afb939,0x00000000
0x1306f294,0xe239fbb9,0xe239fbb9,0x00000000
0x1306f298,0x93b4fbfb,0x93b4fbfb,0x00000000
0x1306f29c,0xe4e43e3e,0xe4e43e3e,0x00000000
0x1306f2a8,0x393bb4b4,0x393bb4b4,0x00000000
0x1306f2ac,0xb4b43b3b,0xb4b43b3b,0x00000000
0x1306f2b0,0x3be4e4b9,0x3be4e4b9,0x00000000
0x1306f2b8,0xe4d991fc,0xe4d991fc,0x00000000
0x1306f2bc,0xedededed,0xedededed,0x00000000
0x1306f2cc,0x8c3038d9,0x8c3038d9,0x00000000
0x1306f2d0,0x7dededed,0x7dededed,0x00000000
0x1306f2d4,0xedededed,0xedededed,0x00000000
0x1306f2d8,0xedededed,0xedededed,0x00000000
0x1306f2ec,0xe2c2e125,0xe2c2e125,0x00000000
0x1306f2f8,0xedededed,0xedededed,0x00000000
0x1306f30c,0xe1c5e199,0xe1c5e199,0x00000000
0x1306f310,0x99a8212c,0x99a8212c,0x00000000
0x1306f314,0x8ae1e1e1,0x8ae1e1e1,0x00000000
0x1306f33c,0x90fcfced,0x90fcfced,0x00000000
0x1306f354,0xed180100,0xed180100,0x00000000
0x1306f374,0x01000000,0x01000000,0x00000000
0x1306f4e4,0x5f93e499,0x5f93e499,0x00000000
0x1306f540,0xb9b9c521,0xb9b9c521,0x00000000
0x1306f550,0x0d138ded,0x0d138ded,0x00000000
0x1306f560,0xe1e12c77,0xe1e12c77,0x00000000
0x1306f718,0x7d7d7d7d,0x7d7d7d7d,0x00000000
0x1306f73c,0x7d7d7d7d,0x7d7d7d7d,0x00000000
0x1306f750,0x7d7d7d7d,0x7d7d7d7d,0x00000000
0x1306f784,0xa2a2a290,0xa2a2a290,0x00000000
0x1306f78c,0x9090a2a2,0x9090a2a2,0x00000000
0x1306f798,0x90a286a2,0x90a286a2,0x00000000
0x1306f7a0,0x907da2a2,0x907da2a2,0x00000000
0x1306f7a4,0xa2a2a2a2,0xa2a2a2a2,0x00000000
0x1306f7ac,0xa2a2a2a2,0xa2a2a2a2,0x00000000
0x1306f7b0,0xa290a2a2,0xa290a2a2,0x00000000
0x1306f7b4,0xa290a290,0xa290a290,0x00000000
0x1306f7bc,0xa2a2a2a2,0xa2a2a2a2,0x00000000
0x1306f7c0,0xa29090a2,0xa29090a2,0x00000000
0x1306f7c4,0xa2a2a290,0xa2a2a290,0x00000000
0x1306f7cc,0x9090a2a2,0x9090a2a2,0x00000000
0x1306f7e4,0xa2a2a290,0xa2a2a290,0x00000000
0x1306f7ec,0xa2a2a2a2,0xa2a2a2a2,0x00000000
0x1306f7f0,0xa2a2a2a2,0xa2a2a2a2,0x00000000
0x1306f7f4,0xa290a2a2,0xa290a2a2,0x00000000
0x1306f808,0xa2909090,0xa2909090,0x00000000
0x1306f81c,0xa29090a2,0xa29090a2,0x00000000
0x1306f824,0xa2a29090,0xa2a29090,0x00000000
0x1306f83c,0x90a2a2a2,0x90a2a2a2,0x00000000
0x1306f840,0xa2a27d90,0xa2a27d90,0x00000000
0x1306f848,0xa2a2a2a2,0xa2a2a2a2,0x00000000
0x1306fa48,0x7976a96e,0x7976a96e,0x00000000
0x1306fa58,0x56747474,0x56747474,0x00000000
0x130704c0,0x889ef276,0x889ef276,0x00000000
0x130704c4,0xed0d0000,0xed0d0000,0x00000000
0x130704cc,0x08000000,0x08000000,0x00000000
0x130704d8,0xed150100,0xed150100,0x00000000
0x13070910,0x7dfced18,0x7dfced18,0x00000000
0x13070918,0x7da2ed05,0x7da2ed05,0x00000000
0x13070a28,0x1ae54d74,0x1ae54d74,0x00000000
0x130710cc,0x9090a2a2,0x9090a2a2,0x00000000
0x1307120c,0x10ed9db8,0x10ed9db8,0x00000000
0x1307146c,0xb14f4ff6,0xb14f4ff6,0x00000000
0x1307147c,0x80ebebeb,0x80ebebeb,0x00000000
0x130716fc,0x867d7d86,0x867d7d86,0x00000000
0x1307188c,0x081479ed,0x081479ed,0x00000000
0x130718ac,0x90a2a290,0x90a2a290,0x00000000
0x130718cc,0xa27d90a2,0xa27d90a2,0x00000000
0x130718ec,0x7dfcfced,0x7dfcfced,0x00000000
0x13071a48,0xa1ededed,0xa1ededed,0x00000000
0x13071a4c,0xedededed,0xedededed,0x00000000
0x13071a5c,0xedededed,0xedededed,0x00000000
0x13071a6c,0xedededed,0xedededed,0x00000000
0x13071acc,0xedededed,0xedededed,0x00000000
0x13071ad0,0xedededed,0xedededed,0x00000000
0x13071ad4,0xedededed,0xedededed,0x00000000
0x13071ad8,0xedededed,0xedededed,0x00000000
0x13071aec,0xedededed,0xedededed,0x00000000
0x13071af0,0xedededed,0xedededed,0x00000000
0x13071af4,0xedededed,0xedededed,0x00000000
0x13071afc,0xedededed,0xedededed,0x00000000
0x13071b0c,0xedededed,0xedededed,0x00000000
0x13071b10,0xedededed,0xedededed,0x00000000
0x13071b14,0xedededed,0xedededed,0x00000000
0x13071b24,0xf260d0cb,0xf260d0cb,0x00000000
0x13071b2c,0xb9745788,0xb9745788,0x00000000
0x13071b30,0xeded1e3e,0xeded1e3e,0x00000000
0x13071b34,0x3b646c99,0x3b646c99,0x00000000
0x13071b48,0x847da289,0x847da289,0x00000000
0x13071b58,0x2c7a7da2,0x2c7a7da2,0x00000000
0x13071b5c,0x77a2a279,0x77a2a279,0x00000000
0x13071c88,0x2d2d2dbc,0x2d2d2dbc,0x00000000
0x13071c8c,0xff790c00,0xff790c00,0x00000000
0x13071c94,0xed090000,0xed090000,0x00000000
0x13071c98,0x2dbc8fed,0x2dbc8fed,0x00000000
0x13071c9c,0x09000000,0x09000000,0x00000000
0x13071ec8,0x1b7d7d7d,0x1b7d7d7d,0x00000000
0x13071ecc,0x7d867d86,0x7d867d86,0x00000000
0x13071ed4,0x867d7d7d,0x867d7d7d,0x00000000
0x13071ed8,0xa47d7d86,0xa47d7d86,0x00000000
0x13071edc,0x867d7d86,0x867d7d86,0x00000000
0x13072204,0x3df62929,0x3df62929,0x00000000
0x13072444,0x0ded9d3d,0x0ded9d3d,0x00000000
0x130726c4,0x8686867d,0x8686867d,0x00000000
0x130728c4,0x000418ed,0x000418ed,0x00000000
0x13072c44,0x87cafaf6,0x87cafaf6,0x00000000
0x1307e6fc,0x7d7d7d7d,0x7d7d7d7d,0x00000000
0x1307e70c,0x7d7d7d7d,0x7d7d7d7d,0x00000000
0x1307e710,0x7d7d7d7d,0x7d7d7d7d,0x00000000
0x1307e714,0x7d7d7d7d,0x7d7d7d7d,0x00000000
0x1307e718,0x7d7d7d7d,0x7d7d7d7d,0x00000000
0x1307e71c,0x7d7d7d7d,0x7d7d7d7d,0x00000000
0x1307e72c,0x7d7d7d7d,0x7d7d7d7d,0x00000000
0x1307e730,0x7d7d7d7d,0x7d7d7d7d,0x00000000
0x1307e734,0x7d7d7d7d,0x7d7d7d7d,0x00000000
0x1307e738,0x7d7d7d7d,0x7d7d7d7d,0x00000000
0x1307e73c,0x7d7d7d7d,0x7d7d7d7d,0x00000000
0x1307e748,0x7d7d7d7d,0x7d7d7d7d,0x00000000
0x1307e74c,0x7d7d7d7d,0x7d7d7d7d,0x00000000
0x1307e750,0x7d7d7d7d,0x7d7d7d7d,0x00000000
0x1307e754,0x7d7d7ded,0x7d7d7ded,0x00000000
0x1307e758,0x7d7d7d7d,0x7d7d7d7d,0x00000000
0x1307e75c,0x7d7d8d10,0x7d7d8d10,0x00000000
0x1307e76c,0x7ded0400,0x7ded0400,0x00000000
0x1307e770,0xed7d7d7d,0xed7d7d7d,0x00000000
0x1307e774,0x7ded0400,0x7ded0400,0x00000000
0x1307e778,0x181aeded,0x181aeded,0x00000000
0x1307e77c,0xeded0400,0xeded0400,0x00000000
0x1307e9ec,0xed7d86ed,0xed7d86ed,0x00000000
0x1307e9f4,0x0c79ed86,0x0c79ed86,0x00000000
0x1307e9fc,0x000418ed,0x000418ed,0x00000000
0x1307ea0c,0xe9e9ce97,0xe9e9ce97,0x00000000
0x1307ea10,0x7deded7d,0x7deded7d,0x00000000
0x1307ea14,0xcfcdd52b,0xcfcdd52b,0x00000000
0x1307ea18,0x7dfc8686,0x7dfc8686,0x00000000
0x1307ea1c,0x7d7d7d7f,0x7d7d7d7f,0x00000000
0x1307ea28,0x97979797,0x97979797,0x00000000
0x1307ea2c,0x97979728,0x97979728,0x00000000
0x1307ea30,0xceee2a2a,0xceee2a2a,0x00000000
0x1307ea34,0x97979797,0x97979797,0x00000000
0x1307ea38,0xd496a720,0xd496a720,0x00000000
0x1307ea3c,0x8b228b20,0x8b228b20,0x00000000
0x1307ea48,0x97979797,0x97979797,0x00000000
0x1307ea4c,0x972aee2b,0x972aee2b,0x00000000
0x1307ea50,0x972a2a2b,0x972a2a2b,0x00000000
0x1307ea54,0xd5f8a7d4,0xd5f8a7d4,0x00000000
0x1307ea58,0x20baf4d4,0x20baf4d4,0x00000000
0x1307ea5c,0x7f868686,0x7f868686,0x00000000
0x1307ea6c,0x867deded,0x867deded,0x00000000
0x1307ea70,0x8686fcfc,0x8686fcfc,0x00000000
0x1307ea74,0xed8d0c05,0xed8d0c05,0x00000000
0x1307ea78,0xfcfcfc7d,0xfcfcfc7d,0x00000000
0x1307ea7c,0x1a040000,0x1a040000,0x00000000
0x1307ea88,0xed7d86ed,0xed7d86ed,0x00000000
0x1307ea8c,0x04000000,0x04000000,0x00000000
0x1307ea90,0x0d1aeded,0x0d1aeded,0x00000000
0x1307ea94,0x0d000000,0x0d000000,0x00000000
0x1307ea98,0x000579ed,0x000579ed,0x00000000
0x1307ea9c,0xed12050d,0xed12050d,0x00000000
0x1307eaa8,0x01180200,0x01180200,0x00000000
0x1307eab0,0x09790200,0x09790200,0x00000000
0x1307eab8,0x15090000,0x15090000,0x00000000
0x1307ec48,0x0418eded,0x0418eded,0x00000000
0x1307ec4c,0x0c000000,0x0c000000,0x00000000
0x1307ec50,0x00011218,0x00011218,0x00000000
0x1307edd4,0x000318ed,0x000318ed,0x00000000
0x1307eddc,0x051aed7f,0x051aed7f,0x00000000
0x1307edec,0xcfcfcf89,0xcfcfcf89,0x00000000
0x1307edf0,0x89cf8989,0x89cf8989,0x00000000
0x1307edf4,0xcfcf8989,0xcfcf8989,0x00000000
0x1307edf8,0x898989cf,0x898989cf,0x00000000
0x1307edfc,0x897a8989,0x897a8989,0x00000000
0x1307ee0c,0xcf89fc7a,0xcf89fc7a,0x00000000
0x1307ee10,0x897acf89,0x897acf89,0x00000000
0x1307ee14,0x89897a89,0x89897a89,0x00000000
0x1307ee18,0xcf89cfcf,0xcf89cfcf,0x00000000
0x1307ee1c,0x8989cf89,0x8989cf89,0x00000000
0x1307ee2c,0x89edfcc6,0x89edfcc6,0x00000000
0x1307ee30,0x898989cf,0x898989cf,0x00000000
0x1307ee34,0xcffcede6,0xcffcede6,0x00000000
0x1307ee38,0x897a89cf,0x897a89cf,0x00000000
0x1307ee3c,0xcf89ed77,0xcf89ed77,0x00000000
0x1307ee4c,0xfbe2b43b,0xfbe2b43b,0x00000000
0x1307ee50,0xe23b3be4,0xe23b3be4,0x00000000
0x1307ee54,0xb9b9b43b,0xb9b9b43b,0x00000000
0x1307ee58,0xc2b93b3b,0xc2b93b3b,0x00000000
0x1307ee5c,0x3ee3933e,0x3ee3933e,0x00000000
0x1307ee6c,0xed0d0000,0xed0d0000,0x00000000
0x1307ee70,0x3e735886,0x3e735886,0x00000000
0x1307ee74,0xfc1a0200,0xfc1a0200,0x00000000
0x1307ee78,0x3e6374a3,0x3e6374a3,0x00000000
0x1307ee7c,0xfced1400,0xfced1400,0x00000000
0x1307eee8,0xed7d7d7d,0xed7d7d7d,0x00000000
0x1307eeec,0x7d7d7d7d,0x7d7d7d7d,0x00000000
0x1307eef0,0xed7d7d7d,0xed7d7d7d,0x00000000
0x1307eef4,0x7d7d7d7d,0x7d7d7d7d,0x00000000
0x1307eef8,0xed7d7d7d,0xed7d7d7d,0x00000000
0x1307eefc,0x7d7d7d7d,0x7d7d7d7d,0x00000000
0x1307ef08,0x7d7d7d86,0x7d7d7d86,0x00000000
0x1307ef0c,0x7d7d7d7d,0x7d7d7d7d,0x00000000
0x1307ef10,0x7d7d7d7d,0x7d7d7d7d,0x00000000
0x1307ef14,0x7d7d7d7d,0x7d7d7d7d,0x00000000
0x1307ef18,0x7d7d7d7d,0x7d7d7d7d,0x00000000
0x1307ef1c,0x7d7d8686,0x7d7d8686,0x00000000
0x1307ef28,0x7d7d7d7d,0x7d7d7d7d,0x00000000
0x1307ef2c,0x7d7d7d7d,0x7d7d7d7d,0x00000000
0x1307ef30,0x7d7d7d7d,0x7d7d7d7d,0x00000000
0x1307ef34,0x7d7d7d7d,0x7d7d7d7d,0x00000000
0x1307ef38,0x7d7d7d7d,0x7d7d7d7d,0x00000000
0x1307ef3c,0x7d7d7d7d,0x7d7d7d7d,0x00000000
0x1307ef48,0x7d7d7d7d,0x7d7d7d7d,0x00000000
0x1307ef4c,0x7ded0d00,0x7ded0d00,0x00000000
0x1307ef50,0x7d7d7d7d,0x7d7d7d7d,0x00000000
0x1307ef54,0x7ded0800,0x7ded0800,0x00000000
0x1307ef58,0x7d7d7d7d,0x7d7d7d7d,0x00000000
0x1307ef5c,0x7ded0400,0x7ded0400,0x00000000
0x1307f20c,0xfcfcfcfc,0xfcfcfcfc,0x00000000
0x1307f210,0x000314ed,0x000314ed,0x00000000
0x1307f214,0xed7d7d7d,0xed7d7d7d,0x00000000
0x1307f21c,0x13131414,0x13131414,0x00000000
0x1307f22c,0xfcfcfc86,0xfcfcfc86,0x00000000
0x1307f230,0x7d7d7d7d,0x7d7d7d7d,0x00000000
0x1307f234,0x7d7d7d7d,0x7d7d7d7d,0x00000000
0x1307f238,0x15151518,0x15151518,0x00000000
0x1307f23c,0x188d8d1a,0x188d8d1a,0x00000000
0x1307f24c,0xfcfcfcfc,0xfcfcfcfc,0x00000000
0x1307f250,0x7d868686,0x7d868686,0x00000000
0x1307f254,0x868686fc,0x868686fc,0x00000000
0x1307f258,0x1a1a1a79,0x1a1a1a79,0x00000000
0x1307f25c,0x79ededed,0x79ededed,0x00000000
0x1307f26c,0x0c000000,0x0c000000,0x00000000
0x1307f270,0xfcfcfced,0xfcfcfced,0x00000000
0x1307f274,0x14000000,0x14000000,0x00000000
0x1307f278,0xedededed,0xedededed,0x00000000
0x1307f27c,0xed0d0000,0xed0d0000,0x00000000
0x1307f298,0x01050000,0x01050000,0x00000000
0x1307f2b0,0x05000000,0x05000000,0x00000000
0x1307f2b8,0x79100400,0x79100400,0x00000000
0x1307f5cc,0x7d7f7f89,0x7d7f7f89,0x00000000
0x1307f5d0,0x0515ed7d,0x0515ed7d,0x00000000
0x1307f5d4,0x89898989,0x89898989,0x00000000
0x1307f5d8,0x79edfccf,0x79edfccf,0x00000000
0x1307f5dc,0x89cf8989,0x89cf8989,0x00000000
0x1307f5ec,0x89898989,0x89898989,0x00000000
0x1307f5f0,0x8989cf89,0x8989cf89,0x00000000
0x1307f5f4,0x898989cf,0x898989cf,0x00000000
0x1307f5f8,0x8989cfcf,0x8989cfcf,0x00000000
0x1307f5fc,0x89898989,0x89898989,0x00000000
0x1307f60c,0x89898989,0x89898989,0x00000000
0x1307f610,0x89897a7a,0x89897a7a,0x00000000
0x1307f614,0x89cfcfcf,0x89cfcfcf,0x00000000
0x1307f618,0x897f8985,0x897f8985,0x00000000
0x1307f61c,0x85cf7a7d,0x85cf7a7d,0x00000000
0x1307f628,0xcf897a7a,0xcf897a7a,0x00000000
0x1307f630,0xcf8989cf,0xcf8989cf,0x00000000
0x1307f634,0xc19d388c,0xc19d388c,0x00000000
0x1307f638,0x7d7d7da2,0x7d7d7da2,0x00000000
0x1307f63c,0xfc777ded,0xfc777ded,0x00000000
0x1307f648,0x3bb9fedd,0x3bb9fedd,0x00000000
0x1307f650,0x27e87d89,0x27e87d89,0x00000000
0x1307f654,0x2125cf77,0x2125cf77,0x00000000
0x1307f658,0xedf9e1c2,0xedf9e1c2,0x00000000
0x1307f65c,0xb9b9e2ec,0xb9b9e2ec,0x00000000
0x1307f66c,0x89cfa28d,0x89cfa28d,0x00000000
0x1307f670,0x7dededed,0x7dededed,0x00000000
0x1307f674,0xeded90ed,0xeded90ed,0x00000000
0x1307f678,0x6146a3b5,0x6146a3b5,0x00000000
0x1307f67c,0xedededed,0xedededed,0x00000000
0x1307f688,0x03000000,0x03000000,0x00000000
0x1307f690,0x0d000000,0x0d000000,0x00000000
0x1307f698,0x8d010000,0x8d010000,0x00000000
0x1307f6d4,0x0008ed7d,0x0008ed7d,0x00000000
0x1307f6dc,0x0014ed7d,0x0014ed7d,0x00000000
0x1307f6e8,0x7d7d7d7d,0x7d7d7d7d,0x00000000
0x1307f6ec,0x7d7d7d7d,0x7d7d7d7d,0x00000000
0x1307f6f0,0x7d7d7d7d,0x7d7d7d7d,0x00000000
0x1307f6f4,0x7d7d7d7d,0x7d7d7d7d,0x00000000
0x1307f6f8,0x7d7d7d7d,0x7d7d7d7d,0x00000000
0x1307f6fc,0x7d7d7d7d,0x7d7d7d7d,0x00000000
0x1307f70c,0x7d7d7d7d,0x7d7d7d7d,0x00000000
0x1307f710,0x7d7d7d7d,0x7d7d7d7d,0x00000000
0x1307f714,0x7d7d7d7d,0x7d7d7d7d,0x00000000
0x1307f718,0x7d7d7d7d,0x7d7d7d7d,0x00000000
0x1307f71c,0x7d7d7d7d,0x7d7d7d7d,0x00000000
0x1307f720,0x7d7d7d7d,0x7d7d7d7d,0x00000000
0x1307f724,0x7d7d7d7d,0x7d7d7d7d,0x00000000
0x1307f728,0x7d7d7d7d,0x7d7d7d7d,0x00000000
0x1307f72c,0x7d7d7d7d,0x7d7d7d7d,0x00000000
0x1307f730,0x7d7d7d7d,0x7d7d7d7d,0x00000000
0x1307f734,0x7d7d7d82,0x7d7d7d82,0x00000000
0x1307f738,0x7d7d7d7d,0x7d7d7d7d,0x00000000
0x1307f73c,0x7deda516,0x7deda516,0x00000000
0x1307f74c,0xed8d0000,0xed8d0000,0x00000000
0x1307f750,0x7d7d7d7d,0x7d7d7d7d,0x00000000
0x1307f754,0xed150000,0xed150000,0x00000000
0x1307f758,0xed7d7d7d,0xed7d7d7d,0x00000000
0x1307f75c,0xed130000,0xed130000,0x00000000
0x1307fdb4,0x05797d89,0x05797d89,0x00000000
0x1307fdcc,0x89898989,0x89898989,0x00000000
0x1307fdd0,0x7f898989,0x7f898989,0x00000000
0x1307fdd4,0x898989cf,0x898989cf,0x00000000
0x1307fdd8,0x7f7f7f89,0x7f7f7f89,0x00000000
0x1307fddc,0x89898989,0x89898989,0x00000000
0x1307fde8,0x89898989,0x89898989,0x00000000
0x1307fdec,0x7f898989,0x7f898989,0x00000000
0x1307fdf0,0x8989897f,0x8989897f,0x00000000
0x1307fdf4,0x7f7a89cf,0x7f7a89cf,0x00000000
0x1307fe08,0xcf857ded,0xcf857ded,0x00000000
0x1307fe10,0x7aeded90,0x7aeded90,0x00000000
0x1307fe14,0x7f89897a,0x7f89897a,0x00000000
0x1307fe18,0xededfc89,0xededfc89,0x00000000
0x1307fe28,0xcf897a89,0xcf897a89,0x00000000
0x1307fe2c,0x898989a2,0x898989a2,0x00000000
0x1307fe30,0x89897a7a,0x89897a7a,0x00000000
0x1307fe34,0x898989fc,0x898989fc,0x00000000
0x1307fe38,0x897a8989,0x897a8989,0x00000000
0x1307fe3c,0x7a89897f,0x7a89897f,0x00000000
0x13083e58,0x74747474,0x74747474,0x00000000
0x13083e6c,0x6423d2cb,0x6423d2cb,0x00000000
0x1308462c,0x86d17274,0x86d17274,0x00000000
0x130846dc,0x7d7d7d7d,0x7d7d7d7d,0x00000000
0x130846ec,0x7d7ded05,0x7d7ded05,0x00000000
0x130846f0,0x7d7d7d7d,0x7d7d7d7d,0x00000000
0x130846f4,0x7ded1800,0x7ded1800,0x00000000
0x130846f8,0x7d7d7d7d,0x7d7d7d7d,0x00000000
0x130846fc,0x7ded0d00,0x7ded0d00,0x00000000
0x1308472c,0x7d7d7ded,0x7d7d7ded,0x00000000
0x13084730,0x03797d7d,0x03797d7d,0x00000000
0x13084734,0x7d7d7ded,0x7d7d7ded,0x00000000
0x13084738,0x05ed7d7d,0x05ed7d7d,0x00000000
0x1308473c,0x7deded1a,0x7deded1a,0x00000000
0x13084750,0x04000000,0x04000000,0x00000000
0x13084758,0x02000000,0x02000000,0x00000000
0x13084d54,0x00011a7d,0x00011a7d,0x00000000
0x13084d5c,0x000ced86,0x000ced86,0x00000000
0x13084d6c,0x86867d86,0x86867d86,0x00000000
0x13084d70,0x86868686,0x86868686,0x00000000
0x13084d74,0x86868686,0x86868686,0x00000000
0x13084d78,0x86868686,0x86868686,0x00000000
0x13084d7c,0x8686867d,0x8686867d,0x00000000
0x13084d88,0x868686ed,0x868686ed,0x00000000
0x13084d8c,0xedededed,0xedededed,0x00000000
0x13084d90,0x86867f1c,0x86867f1c,0x00000000
0x13084d94,0x7dededed,0x7dededed,0x00000000
0x13084d98,0x86861c7b,0x86861c7b,0x00000000
0x13084d9c,0x7f7d867d,0x7f7d867d,0x00000000
0x13084dac,0xededed7d,0xededed7d,0x00000000
0x13084db0,0xedededed,0xedededed,0x00000000
0x13084db4,0xed7d86fc,0xed7d86fc,0x00000000
0x13084db8,0x7dfc7f7f,0x7dfc7f7f,0x00000000
0x13084dbc,0xfc8686fc,0xfc8686fc,0x00000000
0x13084dcc,0xfcfcfcfc,0xfcfcfcfc,0x00000000
0x13084dd0,0xfc86fcfc,0xfc86fcfc,0x00000000
0x13084dd4,0xfc86fc86,0xfc86fc86,0x00000000
0x13084dd8,0x8686fc86,0x8686fc86,0x00000000
0x13084ddc,0x86fcfc86,0x86fcfc86,0x00000000
0x13084dec,0xfcfcfcfc,0xfcfcfcfc,0x00000000
0x13084df0,0x86fc7ffc,0x86fc7ffc,0x00000000
0x13084df4,0xfcfcfcfc,0xfcfcfcfc,0x00000000
0x13084df8,0xfc7ffcfc,0xfc7ffcfc,0x00000000
0x13084dfc,0xfc86fcfc,0xfc86fcfc,0x00000000
0x13084e0c,0xfcfcfcfc,0xfcfcfcfc,0x00000000
0x13084e10,0xfcfcfcfc,0xfcfcfcfc,0x00000000
0x13084e14,0xfcfcfcfc,0xfcfcfcfc,0x00000000
0x13084e18,0xfcfcfcfc,0xfcfcfcfc,0x00000000
0x13084e1c,0xfcfcfcfc,0xfcfcfcfc,0x00000000
0x13084e2c,0xff677274,0xff677274,0x00000000
0x13084e30,0x867d8686,0x867d8686,0x00000000
0x13084e34,0x44627274,0x44627274,0x00000000
0x13084e38,0xfc8686ff,0xfc8686ff,0x00000000
0x13084e3c,0x5eec7474,0x5eec7474,0x00000000
0x13084e4c,0x74747474,0x74747474,0x00000000
0x13084e50,0x74644d73,0x74644d73,0x00000000
0x13084e54,0x74747474,0x74747474,0x00000000
0x13084e58,0x74e7c874,0x74e7c874,0x00000000
0x13084e5c,0x74747474,0x74747474,0x00000000
0x13084e68,0x7456d7cb,0x7456d7cb,0x00000000
0x13084e6c,0xc1897905,0xc1897905,0x00000000
0x13084e70,0x6bbccbcb,0x6bbccbcb,0x00000000
0x13084e74,0x21861400,0x21861400,0x00000000
0x13084e78,0x4fd7d223,0x4fd7d223,0x00000000
0x13084e7c,0x21ed0800,0x21ed0800,0x00000000
0x13084ecc,0x7d7d7d7d,0x7d7d7d7d,0x00000000
0x13084ed0,0xa47d7d7d,0xa47d7d7d,0x00000000
0x13084ed4,0x7d7d7d7d,0x7d7d7d7d,0x00000000
0x13084ed8,0xa47d7d7d,0xa47d7d7d,0x00000000
0x13084edc,0x7d7d7d7d,0x7d7d7d7d,0x00000000
0x13084ee8,0x7d7d7d7d,0x7d7d7d7d,0x00000000
0x13084eec,0xed140000,0xed140000,0x00000000
0x13084ef0,0x7d7d7d7d,0x7d7d7d7d,0x00000000
0x13084ef4,0xed080000,0xed080000,0x00000000
0x13084ef8,0x7d7d7ded,0x7d7d7ded,0x00000000
0x13084efc,0x8d000000,0x8d000000,0x00000000
0x13084f2c,0x7d7ded15,0x7d7ded15,0x00000000
0x13084f30,0x1aed7d7d,0x1aed7d7d,0x00000000
0x13084f34,0x7d7ded13,0x7d7ded13,0x00000000
0x13084f38,0xed7d867d,0xed7d867d,0x00000000
0x13084f3c,0x7d7ded0c,0x7d7ded0c,0x00000000
0x1308554c,0x14ed8686,0x14ed8686,0x00000000
0x13085554,0x08797d86,0x08797d86,0x00000000
0x1308555c,0x00157d86,0x00157d86,0x00000000
0x13085568,0x86868686,0x86868686,0x00000000
0x13085570,0x86868686,0x86868686,0x00000000
0x13085574,0x86868686,0x86868686,0x00000000
0x13085578,0x867d8686,0x867d8686,0x00000000
0x1308557c,0x86868686,0x86868686,0x00000000
0x13085588,0x86fc7b1c,0x86fc7b1c,0x00000000
0x13085590,0x867f7b1c,0x867f7b1c,0x00000000
0x13085594,0x86fc8686,0x86fc8686,0x00000000
0x13085598,0x867f7b7f,0x867f7b7f,0x00000000
0x1308559c,0x7d86867d,0x7d86867d,0x00000000
0x130855b0,0x7d7f7b1c,0x7d7f7b1c,0x00000000
0x130855b4,0x86868686,0x86868686,0x00000000
0x130855b8,0x7d7f7b7f,0x7d7f7b7f,0x00000000
0x130855bc,0x86868686,0x86868686,0x00000000
0x130855c0,0x86fcfc86,0x86fcfc86,0x00000000
0x130855c4,0x86868686,0x86868686,0x00000000
0x130855c8,0x86fcfc86,0x86fcfc86,0x00000000
0x130855cc,0x86867f7f,0x86867f7f,0x00000000
0x130855d0,0x86868686,0x86868686,0x00000000
0x130855d4,0x867f7b1c,0x867f7b1c,0x00000000
0x130855d8,0x8686867d,0x8686867d,0x00000000
0x130855dc,0xfc1c1c7f,0xfc1c1c7f,0x00000000
0x130855e8,0x1cfcfcfc,0x1cfcfcfc,0x00000000
0x130855ec,0x867ffcfc,0x867ffcfc,0x00000000
0x130855f0,0xfc86fc86,0xfc86fc86,0x00000000
0x130855f4,0x7f7f86fc,0x7f7f86fc,0x00000000
0x130855f8,0x868686fc,0x868686fc,0x00000000
0x130855fc,0x1cfc8686,0x1cfc8686,0x00000000
0x13085608,0xfcfcfc86,0xfcfcfc86,0x00000000
0x13085610,0xfcfc8686,0xfcfc8686,0x00000000
0x13085614,0xfcfcfcfc,0xfcfcfcfc,0x00000000
0x13085618,0x868686fc,0x868686fc,0x00000000
0x1308561c,0x86fcfcfc,0x86fcfcfc,0x00000000
0x13085628,0xfc7d1fec,0xfc7d1fec,0x00000000
0x13085630,0xfc864ae7,0xfc864ae7,0x00000000
0x13085634,0xc8685e56,0xc8685e56,0x00000000
0x13085638,0x7d1f4f3d,0x7d1f4f3d,0x00000000
0x1308563c,0x4ff656eb,0x4ff656eb,0x00000000
0x1308564c,0x7474744d,0x7474744d,0x00000000
0x13085650,0xeb707474,0xeb707474,0x00000000
0x13085654,0x74745f9e,0x74745f9e,0x00000000
0x13085658,0x4d747474,0x4d747474,0x00000000
0x1308565c,0x7470dac0,0x7470dac0,0x00000000
0x1308566c,0x7d100000,0x7d100000,0x00000000
0x13085670,0xba89c1cf,0xba89c1cf,0x00000000
0x13085674,0x79040000,0x79040000,0x00000000
0x13085678,0xcbc1cb7d,0xcbc1cb7d,0x00000000
0x1308567c,0x12000000,0x12000000,0x00000000
0x130856c8,0xa47d7d7d,0xa47d7d7d,0x00000000
0x130856cc,0x7d7d7d7d,0x7d7d7d7d,0x00000000
0x130856d0,0xa47d7d7d,0xa47d7d7d,0x00000000
0x130856d4,0x7d7d7d7d,0x7d7d7d7d,0x00000000
0x130856d8,0xa47d7d7d,0xa47d7d7d,0x00000000
0x130856dc,0x7d7d7d7d,0x7d7d7d7d,0x00000000
0x130856f8,0x7d7ded08,0x7d7ded08,0x00000000
0x1308572c,0x7ded8d01,0x7ded8d01,0x00000000
0x13085730,0x7d7d7d7d,0x7d7d7d7d,0x00000000
0x13085734,0x7ded1400,0x7ded1400,0x00000000
0x13085738,0x7d7d7d7d,0x7d7d7d7d,0x00000000
0x1308573c,0x7ded0900,0x7ded0900,0x00000000
0x13085d44,0x018d7d86,0x018d7d86,0x00000000
0x13085dc4,0x1c1c1c86,0x1c1c1c86,0x00000000
0x13085de4,0x7f868686,0x7f868686,0x00000000
0x13085e04,0x8686fc86,0x8686fc86,0x00000000
0x13086544,0x09ed8686,0x09ed8686,0x00000000
0x13086564,0x86868686,0x86868686,0x00000000
0x13086584,0xfc7f8686,0xfc7f8686,0x00000000
0x130865a4,0x86868686,0x86868686,0x00000000
0x130865c4,0x86868686,0x86868686,0x00000000
0x130865e4,0x86868686,0x86868686,0x00000000
0x13086604,0x86867dcf,0x86867dcf,0x00000000
0x13086624,0x3dbcd8da,0x3dbcd8da,0x00000000
0x13086644,0xcb1dc1d2,0xcb1dc1d2,0x00000000
0x130866cc,0x7d7d7ded,0x7d7d7ded,0x00000000
0x130866d8,0xa47d7d7d,0xa47d7d7d,0x00000000
0x130866dc,0x7d7d7ded,0x7d7d7ded,0x00000000
0x130866e8,0x1a010000,0x1a010000,0x00000000
0x130866f0,0x10000000,0x10000000,0x00000000
0x130866f8,0x04000000,0x04000000,0x00000000
0x13086710,0x0009eded,0x0009eded,0x00000000
0x1308cfa4,0xff79ff9a,0xff79ff9a,0x00000000
0x1308f864,0x5b5b5b5b,0x5b5b5b5b,0x00000000
0x1308fcbc,0x5b5b5b5b,0x5b5b5b5b,0x00000000
0x1308fd08,0x5b5b5b5b,0x5b5b5b5b,0x00000000
0x1308fd0c,0x5b5b5b5b,0x5b5b5b5b,0x00000000
0x1308fd10,0x5b5b5b5b,0x5b5b5b5b,0x00000000
0x1308fd18,0x5b5b5b5b,0x5b5b5b5b,0x00000000
0x1308fd1c,0x5b5b5b5b,0x5b5b5b5b,0x00000000
0x1308fd3c,0x5b5b5b5b,0x5b5b5b5b,0x00000000
0x1308fd4c,0x5b5b5b5b,0x5b5b5b5b,0x00000000
0x1308fd50,0x5b5b5b5b,0x5b5b5b5b,0x00000000
0x1308fd54,0x5b5b5b5b,0x5b5b5b5b,0x00000000
0x1308fd58,0x5b5b5b5b,0x5b5b5b5b,0x00000000
0x1308fd5c,0x5b5b5b5b,0x5b5b5b5b,0x00000000
0x1308fd6c,0x5b5b5b5b,0x5b5b5b5b,0x00000000
0x1308fd70,0x5b5b5b5b,0x5b5b5b5b,0x00000000
0x1308fd74,0x5b5b5b5b,0x5b5b5b5b,0x00000000
0x1308fd78,0x5b5b5b5b,0x5b5b5b5b,0x00000000
0x1308fd7c,0x5b5b5b5b,0x5b5b5b5b,0x00000000
0x1308fd8c,0x5b5b5b5b,0x5b5b5b5b,0x00000000
0x1308fd94,0x5b5b5b5b,0x5b5b5b5b,0x00000000
0x1308fd98,0x5b5b5b5b,0x5b5b5b5b,0x00000000
0x1308fd9c,0x5b5b5b5b,0x5b5b5b5b,0x00000000
0x1308fdcc,0x5b5b5b5b,0x5b5b5b5b,0x00000000
0x1308fdd4,0x5b5b5b5b,0x5b5b5b5b,0x00000000
0x1308fdd8,0x5b5b5b5b,0x5b5b5b5b,0x00000000
0x1308fddc,0x5b5b5b5b,0x5b5b5b5b,0x00000000
0x1308fdf4,0x5b5b5b5b,0x5b5b5b5b,0x00000000
0x1308fdf8,0x5b5b5b5b,0x5b5b5b5b,0x00000000
0x1308fdfc,0x5b5b5b5b,0x5b5b5b5b,0x00000000
0x1308fe0c,0x5b5b5b5b,0x5b5b5b5b,0x00000000
0x1308fe10,0x5b5b5b5b,0x5b5b5b5b,0x00000000
0x1308fe14,0x5b5b5b5b,0x5b5b5b5b,0x00000000
0x1308fe18,0x5b5b5b5b,0x5b5b5b5b,0x00000000
0x1308fe1c,0x5b5b5b5b,0x5b5b5b5b,0x00000000
0x1308fe58,0x5b5b5b5b,0x5b5b5b5b,0x00000000
0x1308fe70,0x5b5b5b5b,0x5b5b5b5b,0x00000000
0x1308fe90,0x5b5b5b5b,0x5b5b5b5b,0x00000000
0x1308fe94,0x5b5b5b5b,0x5b5b5b5b,0x00000000
0x1308fe98,0x5b5b5b5b,0x5b5b5b5b,0x00000000
0x1308fe9c,0x5b5b5b5b,0x5b5b5b5b,0x00000000
0x1308febc,0x5b5b5b5b,0x5b5b5b5b,0x00000000
0x1308fed4,0x5b5b5b5b,0x5b5b5b5b,0x00000000
0x1308fed8,0x5b5b5b5b,0x5b5b5b5b,0x00000000
0x1308fedc,0x5b5b5b5b,0x5b5b5b5b,0x00000000
0x1308fee0,0x5b5b5b5b,0x5b5b5b5b,0x00000000
0x1308fee4,0x5b5b5b5b,0x5b5b5b5b,0x00000000
0x1308ff08,0x5b5b5b5b,0x5b5b5b5b,0x00000000
0x1308ff0c,0x5b5b5b5b,0x5b5b5b5b,0x00000000
0x1308ff14,0x5b5b5b5b,0x5b5b5b5b,0x00000000
0x1308ff18,0x5b5b5b5b,0x5b5b5b5b,0x00000000
0x1308ff1c,0x5b5b5b5b,0x5b5b5b5b,0x00000000
0x1308ff2c,0x5b5b5b5b,0x5b5b5b5b,0x00000000
0x1308ff30,0x5b5b5b5b,0x5b5b5b5b,0x00000000
0x1308ff34,0x5b5b5b5b,0x5b5b5b5b,0x00000000
0x1308ff38,0x5b5b5b5b,0x5b5b5b5b,0x00000000
0x1308ff3c,0x5b5b5b5b,0x5b5b5b5b,0x00000000
0x1308ff4c,0x5b5b5b5b,0x5b5b5b5b,0x00000000
0x1308ff50,0x5b5b5b5b,0x5b5b5b5b,0x00000000
0x1308ff54,0x5b5b5b5b,0x5b5b5b5b,0x00000000
0x1308ff58,0x5b5b5b5b,0x5b5b5b5b,0x00000000
0x1308ff5c,0x5b5b5b5b,0x5b5b5b5b,0x00000000
0x1308ff68,0x5b5b5b5b,0x5b5b5b5b,0x00000000
0x1308ff6c,0x5b5b5b5b,0x5b5b5b5b,0x00000000
0x1308ff70,0x5b5b5b5b,0x5b5b5b5b,0x00000000
0x1308ff74,0x5b5b5b5b,0x5b5b5b5b,0x00000000
0x1308ff78,0x5b5b5b5b,0x5b5b5b5b,0x00000000
0x1308ff7c,0x5b5b5b5b,0x5b5b5b5b,0x00000000
0x1308ff8c,0x5b5b5b5b,0x5b5b5b5b,0x00000000
0x1308ff90,0x5b5b5b5b,0x5b5b5b5b,0x00000000
0x1308ff94,0x5b5b5b5b,0x5b5b5b5b,0x00000000
0x1308ff98,0x5b5b5b5b,0x5b5b5b5b,0x00000000
0x1308ff9c,0x5b5b5b5b,0x5b5b5b5b,0x00000000
0x1308ffb0,0x5b5b5b5b,0x5b5b5b5b,0x00000000
0x1308ffb4,0x5b5b5b5b,0x5b5b5b5b,0x00000000
0x1308ffb8,0x5b5b5b5b,0x5b5b5b5b,0x00000000
0x1308ffbc,0x5b5b5b5b,0x5b5b5b5b,0x00000000
0x1308ffd0,0x5b5b5b5b,0x5b5b5b5b,0x00000000
0x1308ffd4,0x5b5b5b5b,0x5b5b5b5b,0x00000000
0x1308ffd8,0x5b5b5b5b,0x5b5b5b5b,0x00000000
0x1308ffdc,0x5b5b5b5b,0x5b5b5b5b,0x00000000
0x1308fff0,0x5b5b5b5b,0x5b5b5b5b,0x00000000
0x1308fff4,0x5b5b5b5b,0x5b5b5b5b,0x00000000
0x1308fff8,0x5b5b5b5b,0x5b5b5b5b,0x00000000
0x1308fffc,0x5b5b5b5b,0x5b5b5b5b,0x00000000
0x13090010,0x5b5b5b5b,0x5b5b5b5b,0x00000000
0x13090014,0x5b5b5b5b,0x5b5b5b5b,0x00000000
0x13090018,0x5b5b5b5b,0x5b5b5b5b,0x00000000
0x1309001c,0x5b5b5b5b,0x5b5b5b5b,0x00000000
0x1309002c,0x5b5b5b5b,0x5b5b5b5b,0x00000000
0x13090030,0x5b5b5b5b,0x5b5b5b5b,0x00000000
0x13090034,0x5b5b5b5b,0x5b5b5b5b,0x00000000
0x13090038,0x5b5b5b5b,0x5b5b5b5b,0x00000000
0x1309003c,0x5b5b5b5b,0x5b5b5b5b,0x00000000
0x1309004c,0x5b5b5b5b,0x5b5b5b5b,0x00000000
0x13090050,0x5b5b5b5b,0x5b5b5b5b,0x00000000
0x13090054,0x5b5b5b5b,0x5b5b5b5b,0x00000000
0x13090058,0x5b5b5b5b,0x5b5b5b5b,0x00000000
0x1309005c,0x5b5b5b5b,0x5b5b5b5b,0x00000000
0x1309006c,0x5b5b5b5b,0x5b5b5b5b,0x00000000
0x13090070,0x5b5b5b5b,0x5b5b5b5b,0x00000000
0x13090074,0x5b5b5b5b,0x5b5b5b5b,0x00000000
0x13090078,0x5b5b5b5b,0x5b5b5b5b,0x00000000
0x1309007c,0x5b5b5b5b,0x5b5b5b5b,0x00000000
0x1309008c,0x5b5b5b5b,0x5b5b5b5b,0x00000000
0x13090090,0x5b5b5b5b,0x5b5b5b5b,0x00000000
0x13090094,0x5b5b5b5b,0x5b5b5b5b,0x00000000
0x13090098,0x5b5b5b5b,0x5b5b5b5b,0x00000000
0x1309009c,0x5b5b5b5b,0x5b5b5b5b,0x00000000
0x130900a8,0x5b5b5b5b,0x5b5b5b5b,0x00000000
0x130900ac,0x5b5b5b5b,0x5b5b5b5b,0x00000000
0x130900b0,0x5b5b5b5b,0x5b5b5b5b,0x00000000
0x130900b4,0x5b5b5b5b,0x5b5b5b5b,0x00000000
0x130900b8,0x5b5b5b5b,0x5b5b5b5b,0x00000000
0x130900bc,0x5b5b5b5b,0x5b5b5b5b,0x00000000
0x130900c8,0x5b5b5b5b,0x5b5b5b5b,0x00000000
0x130900cc,0x5b5b5b5b,0x5b5b5b5b,0x00000000
0x130900d0,0x5b5b5b5b,0x5b5b5b5b,0x00000000
0x130900d4,0x5b5b5b5b,0x5b5b5b5b,0x00000000
0x130900d8,0x5b5b5b5b,0x5b5b5b5b,0x00000000
0x130900dc,0x5b5b5b5b,0x5b5b5b5b,0x00000000
0x130900e8,0x5b5b5b5b,0x5b5b5b5b,0x00000000
0x130900ec,0x5b5b5b5b,0x5b5b5b5b,0x00000000
0x130900f0,0x5b5b5b5b,0x5b5b5b5b,0x00000000
0x130900f4,0x5b5b5b5b,0x5b5b5b5b,0x00000000
0x130900f8,0x5b5b5b5b,0x5b5b5b5b,0x00000000
0x130900fc,0x5b5b5b5b,0x5b5b5b5b,0x00000000
0x13090108,0x5b5b5b5b,0x5b5b5b5b,0x00000000
0x1309010c,0x5b5b5b5b,0x5b5b5b5b,0x00000000
0x13090110,0x5b5b5b5b,0x5b5b5b5b,0x00000000
0x13090114,0x5b5b5b5b,0x5b5b5b5b,0x00000000
0x13090118,0x5b5b5b5b,0x5b5b5b5b,0x00000000
0x1309011c,0x5b5b5b5b,0x5b5b5b5b,0x00000000
0x13090128,0x5b5b5b5b,0x5b5b5b5b,0x00000000
0x1309012c,0x5b5b5b5b,0x5b5b5b5b,0x00000000
0x13090130,0x5b5b5b5b,0x5b5b5b5b,0x00000000
0x13090134,0x5b5b5b5b,0x5b5b5b5b,0x00000000
0x13090138,0x5b5b5b5b,0x5b5b5b5b,0x00000000
0x1309013c,0x5b5b5b5b,0x5b5b5b5b,0x00000000
0x13090148,0x5b5b5b5b,0x5b5b5b5b,0x00000000
0x1309014c,0x5b5b5b5b,0x5b5b5b5b,0x00000000
0x13090150,0x5b5b5b5b,0x5b5b5b5b,0x00000000
0x13090154,0x5b5b5b5b,0x5b5b5b5b,0x00000000
0x13090158,0x5b5b5b5b,0x5b5b5b5b,0x00000000
0x1309015c,0x5b5b5b5b,0x5b5b5b5b,0x00000000
0x13090168,0x5b5b5b5b,0x5b5b5b5b,0x00000000
0x1309016c,0x5b5b5b5b,0x5b5b5b5b,0x00000000
0x13090170,0x5b5b5b5b,0x5b5b5b5b,0x00000000
0x13090174,0x5b5b5b5b,0x5b5b5b5b,0x00000000
0x13090178,0x5b5b5b5b,0x5b5b5b5b,0x00000000
0x1309017c,0x5b5b5b5b,0x5b5b5b5b,0x00000000
0x13090188,0x5b5b5b5b,0x5b5b5b5b,0x00000000
0x13090190,0x5b5b5b5b,0x5b5b5b5b,0x00000000
0x13090194,0x5b5b5b5b,0x5b5b5b5b,0x00000000
0x13090198,0x5b5b5b5b,0x5b5b5b5b,0x00000000
0x1309019c,0x5b5b5b5b,0x5b5b5b5b,0x00000000
0x130901a8,0x5b5b5b5b,0x5b5b5b5b,0x00000000
0x130901b0,0x5b5b5b5b,0x5b5b5b5b,0x00000000
0x130901b4,0x5b5b5b5b,0x5b5b5b5b,0x00000000
0x130901b8,0x5b5b5b5b,0x5b5b5b5b,0x00000000
0x130901bc,0x5b5b5b5b,0x5b5b5b5b,0x00000000
0x130901c8,0x5b5b5b5b,0x5b5b5b5b,0x00000000
0x130901d0,0x5b5b5b5b,0x5b5b5b5b,0x00000000
0x130901d4,0x5b5b5b5b,0x5b5b5b5b,0x00000000
0x130901d8,0x5b5b5b5b,0x5b5b5b5b,0x00000000
0x130901dc,0x5b5b5b5b,0x5b5b5b5b,0x00000000
0x130901e8,0x5b5b5b5b,0x5b5b5b5b,0x00000000
0x130901f0,0x5b5b5b5b,0x5b5b5b5b,0x00000000
0x130901f4,0x5b5b5b5b,0x5b5b5b5b,0x00000000
0x130901f8,0x5b5b5b5b,0x5b5b5b5b,0x00000000
0x130901fc,0x5b5b5b5b,0x5b5b5b5b,0x00000000
0x1309020c,0x5b5b5b5b,0x5b5b5b5b,0x00000000
0x13090210,0x5b5b5b5b,0x5b5b5b5b,0x00000000
0x13090214,0x5b5b5b5b,0x5b5b5b5b,0x00000000
0x13090218,0x5b5b5b5b,0x5b5b5b5b,0x00000000
0x1309021c,0x5b5b5b5b,0x5b5b5b5b,0x00000000
0x1309022c,0x5b5b5b5b,0x5b5b5b5b,0x00000000
0x13090230,0x5b5b5b5b,0x5b5b5b5b,0x00000000
0x13090234,0x5b5b5b5b,0x5b5b5b5b,0x00000000
0x13090238,0x5b5b5b5b,0x5b5b5b5b,0x00000000
0x1309023c,0x5b5b5b5b,0x5b5b5b5b,0x00000000
0x13090248,0x5b5b5b5b,0x5b5b5b5b,0x00000000
0x1309024c,0x5b5b5b5b,0x5b5b5b5b,0x00000000
0x13090250,0x5b5b5b5b,0x5b5b5b5b,0x00000000
0x13090254,0x5b5b5b5b,0x5b5b5b5b,0x00000000
0x13090258,0x5b5b5b5b,0x5b5b5b5b,0x00000000
0x1309025c,0x5b5b5b5b,0x5b5b5b5b,0x00000000
0x13090268,0x5b5b5b5b,0x5b5b5b5b,0x00000000
0x1309026c,0x5b5b5b5b,0x5b5b5b5b,0x00000000
0x13090270,0x5b5b5b5b,0x5b5b5b5b,0x00000000
0x13090274,0x5b5b5b5b,0x5b5b5b5b,0x00000000
0x13090278,0x5b5b5b5b,0x5b5b5b5b,0x00000000
0x1309027c,0x5b5b5b5b,0x5b5b5b5b,0x00000000
0x13090288,0x5b5b5b5b,0x5b5b5b5b,0x00000000
0x1309028c,0x5b5b5b5b,0x5b5b5b5b,0x00000000
0x13090290,0x5b5b5b5b,0x5b5b5b5b,0x00000000
0x13090294,0x5b5b5b5b,0x5b5b5b5b,0x00000000
0x13090298,0x5b5b5b5b,0x5b5b5b5b,0x00000000
0x1309029c,0x5b5b5b5b,0x5b5b5b5b,0x00000000
0x130902a8,0x5b5b5b5b,0x5b5b5b5b,0x00000000
0x130902b0,0x5b5b5b5b,0x5b5b5b5b,0x00000000
0x130902b4,0x5b5b5b5b,0x5b5b5b5b,0x00000000
0x130902b8,0x5b5b5b5b,0x5b5b5b5b,0x00000000
0x130902bc,0x5b5b5b5b,0x5b5b5b5b,0x00000000
0x130902c8,0x5b5b5b5b,0x5b5b5b5b,0x00000000
0x130902d0,0x5b5b5b5b,0x5b5b5b5b,0x00000000
0x130902d4,0x5b5b5b5b,0x5b5b5b5b,0x00000000
0x130902d8,0x5b5b5b5b,0x5b5b5b5b,0x00000000
0x130902dc,0x5b5b5b5b,0x5b5b5b5b,0x00000000
0x130902e8,0x5b5b5b5b,0x5b5b5b5b,0x00000000
0x130902ec,0x5b5b5b5b,0x5b5b5b5b,0x00000000
0x130902f0,0x5b5b5b5b,0x5b5b5b5b,0x00000000
0x130902f4,0x5b5b5b5b,0x5b5b5b5b,0x00000000
0x130902f8,0x5b5b5b5b,0x5b5b5b5b,0x00000000
0x130902fc,0x5b5b5b5b,0x5b5b5b5b,0x00000000
0x1309030c,0x5b5b5b5b,0x5b5b5b5b,0x00000000
0x13090310,0x5b5b5b5b,0x5b5b5b5b,0x00000000
0x13090314,0x5b5b5b5b,0x5b5b5b5b,0x00000000
0x13090318,0x5b5b5b5b,0x5b5b5b5b,0x00000000
0x1309031c,0x5b5b5b5b,0x5b5b5b5b,0x00000000
0x13090328,0x5b5b5b5b,0x5b5b5b5b,0x00000000
0x1309032c,0x5b5b5b5b,0x5b5b5b5b,0x00000000
0x13090330,0x5b5b5b5b,0x5b5b5b5b,0x00000000
0x13090334,0x5b5b5b5b,0x5b5b5b5b,0x00000000
0x13090338,0x5b5b5b5b,0x5b5b5b5b,0x00000000
0x1309033c,0x5b5b5b5b,0x5b5b5b5b,0x00000000
0x13090348,0x5b5b5b5b,0x5b5b5b5b,0x00000000
0x1309034c,0x5b5b5b5b,0x5b5b5b5b,0x00000000
0x13090350,0x5b5b5b5b,0x5b5b5b5b,0x00000000
0x13090354,0x5b5b5b5b,0x5b5b5b5b,0x00000000
0x13090358,0x5b5b5b5b,0x5b5b5b5b,0x00000000
0x1309035c,0x5b5b5b5b,0x5b5b5b5b,0x00000000
0x1309036c,0x5b5b5b5b,0x5b5b5b5b,0x00000000
0x13090370,0x5b5b5b5b,0x5b5b5b5b,0x00000000
0x13090374,0x5b5b5b5b,0x5b5b5b5b,0x00000000
0x13090378,0x5b5b5b5b,0x5b5b5b5b,0x00000000
0x1309037c,0x5b5b5b5b,0x5b5b5b5b,0x00000000
0x13090388,0x5b5b5b5b,0x5b5b5b5b,0x00000000
0x1309038c,0x5b5b5b5b,0x5b5b5b5b,0x00000000
0x13090390,0x5b5b5b5b,0x5b5b5b5b,0x00000000
0x13090394,0x5b5b5b5b,0x5b5b5b5b,0x00000000
0x13090398,0x5b5b5b5b,0x5b5b5b5b,0x00000000
0x1309039c,0x5b5b5b5b,0x5b5b5b5b,0x00000000
0x130903a8,0x5b5b5b5b,0x5b5b5b5b,0x00000000
0x130903ac,0x5b5b5b5b,0x5b5b5b5b,0x00000000
0x130903b0,0x5b5b5b5b,0x5b5b5b5b,0x00000000
0x130903b4,0x5b5b5b5b,0x5b5b5b5b,0x00000000
0x130903b8,0x5b5b5b5b,0x5b5b5b5b,0x00000000
0x130903bc,0x5b5b5b5b,0x5b5b5b5b,0x00000000
0x130903c8,0x5b5b5b5b,0x5b5b5b5b,0x00000000
0x130903cc,0x5b5b5b5b,0x5b5b5b5b,0x00000000
0x130903d0,0x5b5b5b5b,0x5b5b5b5b,0x00000000
0x130903d4,0x5b5b5b5b,0x5b5b5b5b,0x00000000
0x130903d8,0x5b5b5b5b,0x5b5b5b5b,0x00000000
0x130903dc,0x5b5b5b5b,0x5b5b5b5b,0x00000000
0x130903ec,0x5b5b5b5b,0x5b5b5b5b,0x00000000
0x130903f0,0x5b5b5b5b,0x5b5b5b5b,0x00000000
0x130903f4,0x5b5b5b5b,0x5b5b5b5b,0x00000000
0x130903f8,0x5b5b5b5b,0x5b5b5b5b,0x00000000
0x130903fc,0x5b5b5b5b,0x5b5b5b5b,0x00000000
0x1309040c,0x5b5b5b5b,0x5b5b5b5b,0x00000000
0x13090410,0x5b5b5b5b,0x5b5b5b5b,0x00000000
0x13090414,0x5b5b5b5b,0x5b5b5b5b,0x00000000
0x13090418,0x5b5b5b5b,0x5b5b5b5b,0x00000000
0x1309041c,0x5b5b5b5b,0x5b5b5b5b,0x00000000
0x1309042c,0x5b5b5b5b,0x5b5b5b5b,0x00000000
0x13090430,0x5b5b5b5b,0x5b5b5b5b,0x00000000
0x13090434,0x5b5b5b5b,0x5b5b5b5b,0x00000000
0x13090438,0x5b5b5b5b,0x5b5b5b5b,0x00000000
0x1309043c,0x5b5b5b5b,0x5b5b5b5b,0x00000000
0x13090448,0x5b5b5b5b,0x5b5b5b5b,0x00000000
0x1309044c,0x5b5b5b5b,0x5b5b5b5b,0x00000000
0x13090450,0x5b5b5b5b,0x5b5b5b5b,0x00000000
0x13090454,0x5b5b5b5b,0x5b5b5b5b,0x00000000
0x13090458,0x5b5b5b5b,0x5b5b5b5b,0x00000000
0x1309045c,0x5b5b5b5b,0x5b5b5b5b,0x00000000
0x13090468,0x5b5b5b5b,0x5b5b5b5b,0x00000000
0x1309046c,0x5b5b5b5b,0x5b5b5b5b,0x00000000
0x13090470,0x5b5b5b5b,0x5b5b5b5b,0x00000000
0x13090474,0x5b5b5b5b,0x5b5b5b5b,0x00000000
0x13090478,0x5b5b5b5b,0x5b5b5b5b,0x00000000
0x1309047c,0x5b5b5b5b,0x5b5b5b5b,0x00000000
0x13090488,0x5b5b5b5b,0x5b5b5b5b,0x00000000
0x13090490,0x5b5b5b5b,0x5b5b5b5b,0x00000000
0x13090494,0x5b5b5b5b,0x5b5b5b5b,0x00000000
0x13090498,0x5b5b5b5b,0x5b5b5b5b,0x00000000
0x1309049c,0x5b5b5b5b,0x5b5b5b5b,0x00000000
0x130904b0,0x5b5b5b5b,0x5b5b5b5b,0x00000000
0x130904b4,0x5b5b5b5b,0x5b5b5b5b,0x00000000
0x130904b8,0x5b5b5b5b,0x5b5b5b5b,0x00000000
0x130904bc,0x5b5b5b5b,0x5b5b5b5b,0x00000000
0x130904c0,0x5b5b5b5b,0x5b5b5b5b,0x00000000
0x130904c4,0x5b5b5b5b,0x5b5b5b5b,0x00000000
0x130904c8,0x5b5b5b5b,0x5b5b5b5b,0x00000000
0x130904cc,0x5b5b5b5b,0x5b5b5b5b,0x00000000
0x130904d0,0x5b5b5b5b,0x5b5b5b5b,0x00000000
0x130904d4,0x5b5b5b5b,0x5b5b5b5b,0x00000000
0x130904d8,0x5b5b5b5b,0x5b5b5b5b,0x00000000
0x130904dc,0x5b5b5b5b,0x5b5b5b5b,0x00000000
0x130904ec,0x5b5b5b5b,0x5b5b5b5b,0x00000000
0x130904f0,0x5b5b5b5b,0x5b5b5b5b,0x00000000
0x130904f4,0x5b5b5b5b,0x5b5b5b5b,0x00000000
0x130904f8,0x5b5b5b5b,0x5b5b5b5b,0x00000000
0x130904fc,0x5b5b5b5b,0x5b5b5b5b,0x00000000
0x1309050c,0x5b5b5b5b,0x5b5b5b5b,0x00000000
0x13090510,0x5b5b5b5b,0x5b5b5b5b,0x00000000
0x13090514,0x5b5b5b5b,0x5b5b5b5b,0x00000000
0x13090518,0x5b5b5b5b,0x5b5b5b5b,0x00000000
0x1309051c,0x5b5b5b5b,0x5b5b5b5b,0x00000000
0x13090528,0x5b5b5b5b,0x5b5b5b5b,0x00000000
0x1309052c,0x5b5b5b5b,0x5b5b5b5b,0x00000000
0x13090530,0x5b5b5b5b,0x5b5b5b5b,0x00000000
0x13090534,0x5b5b5b5b,0x5b5b5b5b,0x00000000
0x13090538,0x5b5b5b5b,0x5b5b5b5b,0x00000000
0x1309053c,0x5b5b5b5b,0x5b5b5b5b,0x00000000
0x1309054c,0x5b5b5b5b,0x5b5b5b5b,0x00000000
0x13090550,0x5b5b5b5b,0x5b5b5b5b,0x00000000
0x13090554,0x5b5b5b5b,0x5b5b5b5b,0x00000000
0x13090558,0x5b5b5b5b,0x5b5b5b5b,0x00000000
0x1309055c,0x5b5b5b5b,0x5b5b5b5b,0x00000000
0x13090568,0x5b5b5b5b,0x5b5b5b5b,0x00000000
0x1309056c,0x5b5b5b5b,0x5b5b5b5b,0x00000000
0x13090570,0x5b5b5b5b,0x5b5b5b5b,0x00000000
0x13090574,0x5b5b5b5b,0x5b5b5b5b,0x00000000
0x13090578,0x5b5b5b5b,0x5b5b5b5b,0x00000000
0x1309057c,0x5b5b5b5b,0x5b5b5b5b,0x00000000
0x13090588,0x5b5b5b5b,0x5b5b5b5b,0x00000000
0x1309058c,0x5b5b5b5b,0x5b5b5b5b,0x00000000
0x13090590,0x5b5b5b5b,0x5b5b5b5b,0x00000000
0x13090594,0x5b5b5b5b,0x5b5b5b5b,0x00000000
0x13090598,0x5b5b5b5b,0x5b5b5b5b,0x00000000
0x1309059c,0x5b5b5b5b,0x5b5b5b5b,0x00000000
0x130905a8,0x5b5b5b5b,0x5b5b5b5b,0x00000000
0x130905ac,0x5b5b5b5b,0x5b5b5b5b,0x00000000
0x130905b0,0x5b5b5b5b,0x5b5b5b5b,0x00000000
0x130905b4,0x5b5b5b5b,0x5b5b5b5b,0x00000000
0x130905b8,0x5b5b5b5b,0x5b5b5b5b,0x00000000
0x130905bc,0x5b5b5b5b,0x5b5b5b5b,0x00000000
0x130905c8,0x5b5b5b5b,0x5b5b5b5b,0x00000000
0x130905d0,0x5b5b5b5b,0x5b5b5b5b,0x00000000
0x130905d4,0x5b5b5b5b,0x5b5b5b5b,0x00000000
0x130905d8,0x5b5b5b5b,0x5b5b5b5b,0x00000000
0x130905dc,0x5b5b5b5b,0x5b5b5b5b,0x00000000
0x130905ec,0x5b5b5b5b,0x5b5b5b5b,0x00000000
0x130905f0,0x5b5b5b5b,0x5b5b5b5b,0x00000000
0x130905f4,0x5b5b5b5b,0x5b5b5b5b,0x00000000
0x130905f8,0x5b5b5b5b,0x5b5b5b5b,0x00000000
0x130905fc,0x5b5b5b5b,0x5b5b5b5b,0x00000000
0x1309060c,0x5b5b5b5b,0x5b5b5b5b,0x00000000
0x13090610,0x5b5b5b5b,0x5b5b5b5b,0x00000000
0x13090614,0x5b5b5b5b,0x5b5b5b5b,0x00000000
0x13090618,0x5b5b5b5b,0x5b5b5b5b,0x00000000
0x1309061c,0x5b5b5b5b,0x5b5b5b5b,0x00000000
0x13090628,0x5b5b5b5b,0x5b5b5b5b,0x00000000
0x1309062c,0x5b5b5b5b,0x5b5b5b5b,0x00000000
0x13090630,0x5b5b5b5b,0x5b5b5b5b,0x00000000
0x13090634,0x5b5b5b5b,0x5b5b5b5b,0x00000000
0x13090638,0x5b5b5b5b,0x5b5b5b5b,0x00000000
0x1309063c,0x5b5b5b5b,0x5b5b5b5b,0x00000000
0x13090648,0x5b5b5b5b,0x5b5b5b5b,0x00000000
0x1309064c,0x5b5b5b5b,0x5b5b5b5b,0x00000000
0x13090650,0x5b5b5b5b,0x5b5b5b5b,0x00000000
0x13090654,0x5b5b5b5b,0x5b5b5b5b,0x00000000
0x13090658,0x5b5b5b5b,0x5b5b5b5b,0x00000000
0x1309065c,0x5b5b5b5b,0x5b5b5b5b,0x00000000
0x1309066c,0x5b5b5b5b,0x5b5b5b5b,0x00000000
0x13090670,0x5b5b5b5b,0x5b5b5b5b,0x00000000
0x13090674,0x5b5b5b5b,0x5b5b5b5b,0x00000000
0x13090678,0x5b5b5b5b,0x5b5b5b5b,0x00000000
0x1309067c,0x5b5b5b5b,0x5b5b5b5b,0x00000000
0x1309068c,0x5b5b5b5b,0x5b5b5b5b,0x00000000
0x13090690,0x5b5b5b5b,0x5b5b5b5b,0x00000000
0x13090694,0x5b5b5b5b,0x5b5b5b5b,0x00000000
0x13090698,0x5b5b5b5b,0x5b5b5b5b,0x00000000
0x1309069c,0x5b5b5b5b,0x5b5b5b5b,0x00000000
0x130906a0,0x5b5b5b5b,0x5b5b5b5b,0x00000000
0x130906a4,0x5b5b5b5b,0x5b5b5b5b,0x00000000
0x130906a8,0x5b5b5b5b,0x5b5b5b5b,0x00000000
0x130906ac,0x5b5b5b5b,0x5b5b5b5b,0x00000000
0x130906b0,0x5b5b5b5b,0x5b5b5b5b,0x00000000
0x130906b4,0x5b5b5b5b,0x5b5b5b5b,0x00000000
0x130906b8,0x5b5b5b5b,0x5b5b5b5b,0x00000000
0x130906bc,0x5b5b5b5b,0x5b5b5b5b,0x00000000
0x130906c8,0x5b5b5b5b,0x5b5b5b5b,0x00000000
0x130906cc,0x5b5b5b5b,0x5b5b5b5b,0x00000000
0x130906d0,0x5b5b5b5b,0x5b5b5b5b,0x00000000
0x130906d4,0x5b5b5b5b,0x5b5b5b5b,0x00000000
0x130906d8,0x5b5b5b5b,0x5b5b5b5b,0x00000000
0x130906dc,0x5b5b5b5b,0x5b5b5b5b,0x00000000
0x130906ec,0x5b5b5b5b,0x5b5b5b5b,0x00000000
0x130906f0,0x5b5b5b5b,0x5b5b5b5b,0x00000000
0x130906f4,0x5b5b5b5b,0x5b5b5b5b,0x00000000
0x130906f8,0x5b5b5b5b,0x5b5b5b5b,0x00000000
0x130906fc,0x5b5b5b5b,0x5b5b5b5b,0x00000000
0x13090708,0x5b5b5b5b,0x5b5b5b5b,0x00000000
0x1309070c,0x5b5b5b5b,0x5b5b5b5b,0x00000000
0x13090710,0x5b5b5b5b,0x5b5b5b5b,0x00000000
0x13090714,0x5b5b5b5b,0x5b5b5b5b,0x00000000
0x13090718,0x5b5b5b5b,0x5b5b5b5b,0x00000000
0x1309071c,0x5b5b5b5b,0x5b5b5b5b,0x00000000
0x13090728,0x5b5b5b5b,0x5b5b5b5b,0x00000000
0x1309072c,0x5b5b5b5b,0x5b5b5b5b,0x00000000
0x13090730,0x5b5b5b5b,0x5b5b5b5b,0x00000000
0x13090734,0x5b5b5b5b,0x5b5b5b5b,0x00000000
0x13090738,0x5b5b5b5b,0x5b5b5b5b,0x00000000
0x1309073c,0x5b5b5b5b,0x5b5b5b5b,0x00000000
0x13090748,0x5b5b5b5b,0x5b5b5b5b,0x00000000
0x1309074c,0x5b5b5b5b,0x5b5b5b5b,0x00000000
0x13090750,0x5b5b5b5b,0x5b5b5b5b,0x00000000
0x13090754,0x5b5b5b5b,0x5b5b5b5b,0x00000000
0x13090758,0x5b5b5b5b,0x5b5b5b5b,0x00000000
0x1309075c,0x5b5b5b5b,0x5b5b5b5b,0x00000000
0x1309076c,0x5b5b5b5b,0x5b5b5b5b,0x00000000
0x13090770,0x5b5b5b5b,0x5b5b5b5b,0x00000000
0x13090774,0x5b5b5b5b,0x5b5b5b5b,0x00000000
0x13090778,0x5b5b5b5b,0x5b5b5b5b,0x00000000
0x1309077c,0x5b5b5b5b,0x5b5b5b5b,0x00000000
0x13090788,0x5b5b5b5b,0x5b5b5b5b,0x00000000
0x1309078c,0x5b5b5b5b,0x5b5b5b5b,0x00000000
0x13090790,0x5b5b5b5b,0x5b5b5b5b,0x00000000
0x13090794,0x5b5b5b5b,0x5b5b5b5b,0x00000000
0x13090798,0x5b5b5b5b,0x5b5b5b5b,0x00000000
0x1309079c,0x5b5b5b5b,0x5b5b5b5b,0x00000000
0x130907a8,0x5b5b5b5b,0x5b5b5b5b,0x00000000
0x130907b0,0x5b5b5b5b,0x5b5b5b5b,0x00000000
0x130907b4,0x5b5b5b5b,0x5b5b5b5b,0x00000000
0x130907b8,0x5b5b5b5b,0x5b5b5b5b,0x00000000
0x130907bc,0x5b5b5b5b,0x5b5b5b5b,0x00000000
0x130907c8,0x5b5b5b5b,0x5b5b5b5b,0x00000000
0x130907cc,0x5b5b5b5b,0x5b5b5b5b,0x00000000
0x130907d0,0x5b5b5b5b,0x5b5b5b5b,0x00000000
0x130907d4,0x5b5b5b5b,0x5b5b5b5b,0x00000000
0x130907d8,0x5b5b5b5b,0x5b5b5b5b,0x00000000
0x130907dc,0x5b5b5b5b,0x5b5b5b5b,0x00000000
0x130907ec,0x5b5b5b5b,0x5b5b5b5b,0x00000000
0x130907f0,0x5b5b5b5b,0x5b5b5b5b,0x00000000
0x130907f4,0x5b5b5b5b,0x5b5b5b5b,0x00000000
0x130907f8,0x5b5b5b5b,0x5b5b5b5b,0x00000000
0x130907fc,0x5b5b5b5b,0x5b5b5b5b,0x00000000
0x1309080c,0x5b5b5b5b,0x5b5b5b5b,0x00000000
0x13090810,0x5b5b5b5b,0x5b5b5b5b,0x00000000
0x13090814,0x5b5b5b5b,0x5b5b5b5b,0x00000000
0x13090818,0x5b5b5b5b,0x5b5b5b5b,0x00000000
0x1309081c,0x5b5b5b5b,0x5b5b5b5b,0x00000000
0x1309082c,0x5b5b5b5b,0x5b5b5b5b,0x00000000
0x13090830,0x5b5b5b5b,0x5b5b5b5b,0x00000000
0x13090834,0x5b5b5b5b,0x5b5b5b5b,0x00000000
0x13090838,0x5b5b5b5b,0x5b5b5b5b,0x00000000
0x1309083c,0x5b5b5b5b,0x5b5b5b5b,0x00000000
0x1309084c,0x5b5b5b5b,0x5b5b5b5b,0x00000000
0x13090850,0x5b5b5b5b,0x5b5b5b5b,0x00000000
0x13090854,0x5b5b5b5b,0x5b5b5b5b,0x00000000
0x13090858,0x5b5b5b5b,0x5b5b5b5b,0x00000000
0x1309085c,0x5b5b5b5b,0x5b5b5b5b,0x00000000
0x1309086c,0x5b5b5b5b,0x5b5b5b5b,0x00000000
0x13090870,0x5b5b5b5b,0x5b5b5b5b,0x00000000
0x13090874,0x5b5b5b5b,0x5b5b5b5b,0x00000000
0x13090878,0x5b5b5b5b,0x5b5b5b5b,0x00000000
0x1309087c,0x5b5b5b5b,0x5b5b5b5b,0x00000000
0x1309088c,0x5b5b5b5b,0x5b5b5b5b,0x00000000
0x13090890,0x5b5b5b5b,0x5b5b5b5b,0x00000000
0x13090894,0x5b5b5b5b,0x5b5b5b5b,0x00000000
0x13090898,0x5b5b5b5b,0x5b5b5b5b,0x00000000
0x1309089c,0x5b5b5b5b,0x5b5b5b5b,0x00000000
0x130908ac,0x5b5b5b5b,0x5b5b5b5b,0x00000000
0x130908b0,0x5b5b5b5b,0x5b5b5b5b,0x00000000
0x130908b4,0x5b5b5b5b,0x5b5b5b5b,0x00000000
0x130908b8,0x5b5b5b5b,0x5b5b5b5b,0x00000000
0x130908bc,0x5b5b5b5b,0x5b5b5b5b,0x00000000
0x130908cc,0x5b5b5b5b,0x5b5b5b5b,0x00000000
0x130908d0,0x5b5b5b5b,0x5b5b5b5b,0x00000000
0x130908d4,0x5b5b5b5b,0x5b5b5b5b,0x00000000
0x130908d8,0x5b5b5b5b,0x5b5b5b5b,0x00000000
0x130908dc,0x5b5b5b5b,0x5b5b5b5b,0x00000000
0x130908ec,0x5b5b5b5b,0x5b5b5b5b,0x00000000
0x130908f0,0x5b5b5b5b,0x5b5b5b5b,0x00000000
0x130908f4,0x5b5b5b5b,0x5b5b5b5b,0x00000000
0x130908f8,0x5b5b5b5b,0x5b5b5b5b,0x00000000
0x130908fc,0x5b5b5b5b,0x5b5b5b5b,0x00000000
0x13090908,0x5b5b5b5b,0x5b5b5b5b,0x00000000
0x1309090c,0x5b5b5b5b,0x5b5b5b5b,0x00000000
0x13090910,0x5b5b5b5b,0x5b5b5b5b,0x00000000
0x13090914,0x5b5b5b5b,0x5b5b5b5b,0x00000000
0x13090918,0x5b5b5b5b,0x5b5b5b5b,0x00000000
0x1309091c,0x5b5b5b5b,0x5b5b5b5b,0x00000000
0x13090928,0x5b5b5b5b,0x5b5b5b5b,0x00000000
0x1309092c,0x5b5b5b5b,0x5b5b5b5b,0x00000000
0x13090930,0x5b5b5b5b,0x5b5b5b5b,0x00000000
0x13090934,0x5b5b5b5b,0x5b5b5b5b,0x00000000
0x13090938,0x5b5b5b5b,0x5b5b5b5b,0x00000000
0x1309093c,0x5b5b5b5b,0x5b5b5b5b,0x00000000
0x1309094c,0x5b5b5b5b,0x5b5b5b5b,0x00000000
0x13090950,0x5b5b5b5b,0x5b5b5b5b,0x00000000
0x13090954,0x5b5b5b5b,0x5b5b5b5b,0x00000000
0x13090958,0x5b5b5b5b,0x5b5b5b5b,0x00000000
0x1309095c,0x5b5b5b5b,0x5b5b5b5b,0x00000000
0x13090968,0x5b5b5b5b,0x5b5b5b5b,0x00000000
0x1309096c,0x5b5b5b5b,0x5b5b5b5b,0x00000000
0x13090970,0x5b5b5b5b,0x5b5b5b5b,0x00000000
0x13090974,0x5b5b5b5b,0x5b5b5b5b,0x00000000
0x13090978,0x5b5b5b5b,0x5b5b5b5b,0x00000000
0x1309097c,0x5b5b5b5b,0x5b5b5b5b,0x00000000
0x13090988,0x5b5b5b5b,0x5b5b5b5b,0x00000000
0x1309098c,0x5b5b5b5b,0x5b5b5b5b,0x00000000
0x13090990,0x5b5b5b5b,0x5b5b5b5b,0x00000000
0x13090994,0x5b5b5b5b,0x5b5b5b5b,0x00000000
0x13090998,0x5b5b5b5b,0x5b5b5b5b,0x00000000
0x1309099c,0x5b5b5b5b,0x5b5b5b5b,0x00000000
0x130909a8,0x5b5b5b5b,0x5b5b5b5b,0x00000000
0x130909ac,0x5b5b5b5b,0x5b5b5b5b,0x00000000
0x130909b0,0x5b5b5b5b,0x5b5b5b5b,0x00000000
0x130909b4,0x5b5b5b5b,0x5b5b5b5b,0x00000000
0x130909b8,0x5b5b5b5b,0x5b5b5b5b,0x00000000
0x130909bc,0x5b5b5b5b,0x5b5b5b5b,0x00000000
0x130909cc,0x5b5b5b5b,0x5b5b5b5b,0x00000000
0x130909d0,0x5b5b5b5b,0x5b5b5b5b,0x00000000
0x130909d4,0x5b5b5b5b,0x5b5b5b5b,0x00000000
0x130909d8,0x5b5b5b5b,0x5b5b5b5b,0x00000000
0x130909dc,0x5b5b5b5b,0x5b5b5b5b,0x00000000
0x130909ec,0x5b5b5b5b,0x5b5b5b5b,0x00000000
0x130909f0,0x5b5b5b5b,0x5b5b5b5b,0x00000000
0x130909f4,0x5b5b5b5b,0x5b5b5b5b,0x00000000
0x130909f8,0x5b5b5b5b,0x5b5b5b5b,0x00000000
0x130909fc,0x5b5b5b5b,0x5b5b5b5b,0x00000000
0x13090a0c,0x5b5b5b5b,0x5b5b5b5b,0x00000000
0x13090a10,0x5b5b5b5b,0x5b5b5b5b,0x00000000
0x13090a14,0x5b5b5b5b,0x5b5b5b5b,0x00000000
0x13090a18,0x5b5b5b5b,0x5b5b5b5b,0x00000000
0x13090a1c,0x5b5b5b5b,0x5b5b5b5b,0x00000000
0x13090a2c,0x5b5b5b5b,0x5b5b5b5b,0x00000000
0x13090a30,0x5b5b5b5b,0x5b5b5b5b,0x00000000
0x13090a34,0x5b5b5b5b,0x5b5b5b5b,0x00000000
0x13090a38,0x5b5b5b5b,0x5b5b5b5b,0x00000000
0x13090a3c,0x5b5b5b5b,0x5b5b5b5b,0x00000000
0x13090a4c,0x5b5b5b5b,0x5b5b5b5b,0x00000000
0x13090a50,0x5b5b5b5b,0x5b5b5b5b,0x00000000
0x13090a54,0x5b5b5b5b,0x5b5b5b5b,0x00000000
0x13090a58,0x5b5b5b5b,0x5b5b5b5b,0x00000000
0x13090a5c,0x5b5b5b5b,0x5b5b5b5b,0x00000000
0x13090a6c,0x5b5b5b5b,0x5b5b5b5b,0x00000000
0x13090a70,0x5b5b5b5b,0x5b5b5b5b,0x00000000
0x13090a74,0x5b5b5b5b,0x5b5b5b5b,0x00000000
0x13090a78,0x5b5b5b5b,0x5b5b5b5b,0x00000000
0x13090a7c,0x5b5b5b5b,0x5b5b5b5b,0x00000000
0x13090a8c,0x5b5b5b5b,0x5b5b5b5b,0x00000000
0x13090a90,0x5b5b5b5b,0x5b5b5b5b,0x00000000
0x13090a94,0x5b5b5b5b,0x5b5b5b5b,0x00000000
0x13090a98,0x5b5b5b5b,0x5b5b5b5b,0x00000000
0x13090a9c,0x5b5b5b5b,0x5b5b5b5b,0x00000000
0x13090aac,0x5b5b5b5b,0x5b5b5b5b,0x00000000
0x13090ab0,0x5b5b5b5b,0x5b5b5b5b,0x00000000
0x13090ab4,0x5b5b5b5b,0x5b5b5b5b,0x00000000
0x13090ab8,0x5b5b5b5b,0x5b5b5b5b,0x00000000
0x13090abc,0x5b5b5b5b,0x5b5b5b5b,0x00000000
0x13090acc,0x5b5b5b5b,0x5b5b5b5b,0x00000000
0x13090ad0,0x5b5b5b5b,0x5b5b5b5b,0x00000000
0x13090ad4,0x5b5b5b5b,0x5b5b5b5b,0x00000000
0x13090ad8,0x5b5b5b5b,0x5b5b5b5b,0x00000000
0x13090adc,0x5b5b5b5b,0x5b5b5b5b,0x00000000
0x13090aec,0x5b5b5b5b,0x5b5b5b5b,0x00000000
0x13090af0,0x5b5b5b5b,0x5b5b5b5b,0x00000000
0x13090af4,0x5b5b5b5b,0x5b5b5b5b,0x00000000
0x13090af8,0x5b5b5b5b,0x5b5b5b5b,0x00000000
0x13090afc,0x5b5b5b5b,0x5b5b5b5b,0x00000000
0x13090b0c,0x5b5b5b5b,0x5b5b5b5b,0x00000000
0x13090b10,0x5b5b5b5b,0x5b5b5b5b,0x00000000
0x13090b14,0x5b5b5b5b,0x5b5b5b5b,0x00000000
0x13090b18,0x5b5b5b5b,0x5b5b5b5b,0x00000000
0x13090b1c,0x5b5b5b5b,0x5b5b5b5b,0x00000000
0x13090b2c,0x5b5b5b5b,0x5b5b5b5b,0x00000000
0x13090b30,0x5b5b5b5b,0x5b5b5b5b,0x00000000
0x13090b34,0x5b5b5b5b,0x5b5b5b5b,0x00000000
0x13090b38,0x5b5b5b5b,0x5b5b5b5b,0x00000000
0x13090b3c,0x5b5b5b5b,0x5b5b5b5b,0x00000000
0x13090b48,0x5b5b5b5b,0x5b5b5b5b,0x00000000
0x13090b4c,0x5b5b5b5b,0x5b5b5b5b,0x00000000
0x13090b50,0x5b5b5b5b,0x5b5b5b5b,0x00000000
0x13090b54,0x5b5b5b5b,0x5b5b5b5b,0x00000000
0x13090b58,0x5b5b5b5b,0x5b5b5b5b,0x00000000
0x13090b5c,0x5b5b5b5b,0x5b5b5b5b,0x00000000
0x13090b60,0x5b5b5b5b,0x5b5b5b5b,0x00000000
0x13090b64,0x5b5b5b5b,0x5b5b5b5b,0x00000000
0x13090b68,0x5b5b5b5b,0x5b5b5b5b,0x00000000
0x13090b6c,0x5b5b5b5b,0x5b5b5b5b,0x00000000
0x13090b70,0x5b5b5b5b,0x5b5b5b5b,0x00000000
0x13090b74,0x5b5b5b5b,0x5b5b5b5b,0x00000000
0x13090b78,0x5b5b5b5b,0x5b5b5b5b,0x00000000
0x13090b7c,0x5b5b5b5b,0x5b5b5b5b,0x00000000
0x13090b88,0x5b5b5b5b,0x5b5b5b5b,0x00000000
0x13090b8c,0x5b5b5b5b,0x5b5b5b5b,0x00000000
0x13090b90,0x5b5b5b5b,0x5b5b5b5b,0x00000000
0x13090b94,0x5b5b5b5b,0x5b5b5b5b,0x00000000
0x13090b98,0x5b5b5b5b,0x5b5b5b5b,0x00000000
0x13090b9c,0x5b5b5b5b,0x5b5b5b5b,0x00000000
0x13090bac,0x5b5b5b5b,0x5b5b5b5b,0x00000000
0x13090bb0,0x5b5b5b5b,0x5b5b5b5b,0x00000000
0x13090bb4,0x5b5b5b5b,0x5b5b5b5b,0x00000000
0x13090bb8,0x5b5b5b5b,0x5b5b5b5b,0x00000000
0x13090bbc,0x5b5b5b5b,0x5b5b5b5b,0x00000000
0x13090bc8,0x5b5b5b5b,0x5b5b5b5b,0x00000000
0x13090bcc,0x5b5b5b5b,0x5b5b5b5b,0x00000000
0x13090bd0,0x5b5b5b5b,0x5b5b5b5b,0x00000000
0x13090bd4,0x5b5b5b5b,0x5b5b5b5b,0x00000000
0x13090bd8,0x5b5b5b5b,0x5b5b5b5b,0x00000000
0x13090bdc,0x5b5b5b5b,0x5b5b5b5b,0x00000000
0x13090be8,0x5b5b5b5b,0x5b5b5b5b,0x00000000
0x13090bec,0x5b5b5b5b,0x5b5b5b5b,0x00000000
0x13090bf0,0x5b5b5b5b,0x5b5b5b5b,0x00000000
0x13090bf4,0x5b5b5b5b,0x5b5b5b5b,0x00000000
0x13090bf8,0x5b5b5b5b,0x5b5b5b5b,0x00000000
0x13090bfc,0x5b5b5b5b,0x5b5b5b5b,0x00000000
0x13090c0c,0x5b5b5b5b,0x5b5b5b5b,0x00000000
0x13090c10,0x5b5b5b5b,0x5b5b5b5b,0x00000000
0x13090c14,0x5b5b5b5b,0x5b5b5b5b,0x00000000
0x13090c18,0x5b5b5b5b,0x5b5b5b5b,0x00000000
0x13090c1c,0x5b5b5b5b,0x5b5b5b5b,0x00000000
0x13090c2c,0x5b5b5b5b,0x5b5b5b5b,0x00000000
0x13090c30,0x5b5b5b5b,0x5b5b5b5b,0x00000000
0x13090c34,0x5b5b5b5b,0x5b5b5b5b,0x00000000
0x13090c38,0x5b5b5b5b,0x5b5b5b5b,0x00000000
0x13090c3c,0x5b5b5b5b,0x5b5b5b5b,0x00000000
0x13090c48,0x5b5b5b5b,0x5b5b5b5b,0x00000000
0x13090c4c,0x5b5b5b5b,0x5b5b5b5b,0x00000000
0x13090c50,0x5b5b5b5b,0x5b5b5b5b,0x00000000
0x13090c54,0x5b5b5b5b,0x5b5b5b5b,0x00000000
0x13090c58,0x5b5b5b5b,0x5b5b5b5b,0x00000000
0x13090c5c,0x5b5b5b5b,0x5b5b5b5b,0x00000000
0x13090c68,0x5b5b5b5b,0x5b5b5b5b,0x00000000
0x13090c70,0x5b5b5b5b,0x5b5b5b5b,0x00000000
0x13090c74,0x5b5b5b5b,0x5b5b5b5b,0x00000000
0x13090c78,0x5b5b5b5b,0x5b5b5b5b,0x00000000
0x13090c7c,0x5b5b5b5b,0x5b5b5b5b,0x00000000
0x13090c90,0x5b5b5b5b,0x5b5b5b5b,0x00000000
0x13090c94,0x5b5b5b5b,0x5b5b5b5b,0x00000000
0x13090c98,0x5b5b5b5b,0x5b5b5b5b,0x00000000
0x13090c9c,0x5b5b5b5b,0x5b5b5b5b,0x00000000
0x13090cac,0x5b5b5b5b,0x5b5b5b5b,0x00000000
0x13090cb0,0x5b5b5b5b,0x5b5b5b5b,0x00000000
0x13090cb4,0x5b5b5b5b,0x5b5b5b5b,0x00000000
0x13090cb8,0x5b5b5b5b,0x5b5b5b5b,0x00000000
0x13090cbc,0x5b5b5b5b,0x5b5b5b5b,0x00000000
0x13090ccc,0x5b5b5b5b,0x5b5b5b5b,0x00000000
0x13090cd0,0x5b5b5b5b,0x5b5b5b5b,0x00000000
0x13090cd4,0x5b5b5b5b,0x5b5b5b5b,0x00000000
0x13090cd8,0x5b5b5b5b,0x5b5b5b5b,0x00000000
0x13090cdc,0x5b5b5b5b,0x5b5b5b5b,0x00000000
0x13090cec,0x5b5b5b5b,0x5b5b5b5b,0x00000000
0x13090cf0,0x5b5b5b5b,0x5b5b5b5b,0x00000000
0x13090cf4,0x5b5b5b5b,0x5b5b5b5b,0x00000000
0x13090cf8,0x5b5b5b5b,0x5b5b5b5b,0x00000000
0x13090cfc,0x5b5b5b5b,0x5b5b5b5b,0x00000000
0x13090d0c,0x5b5b5b5b,0x5b5b5b5b,0x00000000
0x13090d10,0x5b5b5b5b,0x5b5b5b5b,0x00000000
0x13090d14,0x5b5b5b5b,0x5b5b5b5b,0x00000000
0x13090d18,0x5b5b5b5b,0x5b5b5b5b,0x00000000
0x13090d1c,0x5b5b5b5b,0x5b5b5b5b,0x00000000
0x13090d28,0x5b5b5b5b,0x5b5b5b5b,0x00000000
0x13090d2c,0x5b5b5b5b,0x5b5b5b5b,0x00000000
0x13090d30,0x5b5b5b5b,0x5b5b5b5b,0x00000000
0x13090d34,0x5b5b5b5b,0x5b5b5b5b,0x00000000
0x13090d38,0x5b5b5b5b,0x5b5b5b5b,0x00000000
0x13090d3c,0x5b5b5b5b,0x5b5b5b5b,0x00000000
0x13090d4c,0x5b5b5b5b,0x5b5b5b5b,0x00000000
0x13090d50,0x5b5b5b5b,0x5b5b5b5b,0x00000000
0x13090d54,0x5b5b5b5b,0x5b5b5b5b,0x00000000
0x13090d58,0x5b5b5b5b,0x5b5b5b5b,0x00000000
0x13090d5c,0x5b5b5b5b,0x5b5b5b5b,0x00000000
0x13090d68,0x5b5b5b5b,0x5b5b5b5b,0x00000000
0x13090d6c,0x5b5b5b5b,0x5b5b5b5b,0x00000000
0x13090d70,0x5b5b5b5b,0x5b5b5b5b,0x00000000
0x13090d74,0x5b5b5b5b,0x5b5b5b5b,0x00000000
0x13090d78,0x5b5b5b5b,0x5b5b5b5b,0x00000000
0x13090d7c,0x5b5b5b5b,0x5b5b5b5b,0x00000000
0x13090d8c,0x5b5b5b5b,0x5b5b5b5b,0x00000000
0x13090d90,0x5b5b5b5b,0x5b5b5b5b,0x00000000
0x13090d94,0x5b5b5b5b,0x5b5b5b5b,0x00000000
0x13090d98,0x5b5b5b5b,0x5b5b5b5b,0x00000000
0x13090d9c,0x5b5b5b5b,0x5b5b5b5b,0x00000000
0x13090da8,0x5b5b5b5b,0x5b5b5b5b,0x00000000
0x13090dac,0x5b5b5b5b,0x5b5b5b5b,0x00000000
0x13090db0,0x5b5b5b5b,0x5b5b5b5b,0x00000000
0x13090db4,0x5b5b5b5b,0x5b5b5b5b,0x00000000
0x13090db8,0x5b5b5b5b,0x5b5b5b5b,0x00000000
0x13090dbc,0x5b5b5b5b,0x5b5b5b5b,0x00000000
0x13090dc8,0x5b5b5b5b,0x5b5b5b5b,0x00000000
0x13090dcc,0x5b5b5b5b,0x5b5b5b5b,0x00000000
0x13090dd0,0x5b5b5b5b,0x5b5b5b5b,0x00000000
0x13090dd4,0x5b5b5b5b,0x5b5b5b5b,0x00000000
0x13090dd8,0x5b5b5b5b,0x5b5b5b5b,0x00000000
0x13090ddc,0x5b5b5b5b,0x5b5b5b5b,0x00000000
0x13090dec,0x5b5b5b5b,0x5b5b5b5b,0x00000000
0x13090df0,0x5b5b5b5b,0x5b5b5b5b,0x00000000
0x13090df4,0x5b5b5b5b,0x5b5b5b5b,0x00000000
0x13090df8,0x5b5b5b5b,0x5b5b5b5b,0x00000000
0x13090dfc,0x5b5b5b5b,0x5b5b5b5b,0x00000000
0x13090e0c,0x5b5b5b5b,0x5b5b5b5b,0x00000000
0x13090e10,0x5b5b5b5b,0x5b5b5b5b,0x00000000
0x13090e14,0x5b5b5b5b,0x5b5b5b5b,0x00000000
0x13090e18,0x5b5b5b5b,0x5b5b5b5b,0x00000000
0x13090e1c,0x5b5b5b5b,0x5b5b5b5b,0x00000000
0x13090e2c,0x5b5b5b5b,0x5b5b5b5b,0x00000000
0x13090e30,0x5b5b5b5b,0x5b5b5b5b,0x00000000
0x13090e34,0x5b5b5b5b,0x5b5b5b5b,0x00000000
0x13090e38,0x5b5b5b5b,0x5b5b5b5b,0x00000000
0x13090e3c,0x5b5b5b5b,0x5b5b5b5b,0x00000000
0x13090e50,0x5b5b5b5b,0x5b5b5b5b,0x00000000
0x13090e54,0x5b5b5b5b,0x5b5b5b5b,0x00000000
0x13090e58,0x5b5b5b5b,0x5b5b5b5b,0x00000000
0x13090e5c,0x5b5b5b5b,0x5b5b5b5b,0x00000000
0x13090e68,0x5b5b5b5b,0x5b5b5b5b,0x00000000
0x13090e70,0x5b5b5b5b,0x5b5b5b5b,0x00000000
0x13090e74,0x5b5b5b5b,0x5b5b5b5b,0x00000000
0x13090e78,0x5b5b5b5b,0x5b5b5b5b,0x00000000
0x13090e7c,0x5b5b5b5b,0x5b5b5b5b,0x00000000
0x13090e8c,0x5b5b5b5b,0x5b5b5b5b,0x00000000
0x13090e90,0x5b5b5b5b,0x5b5b5b5b,0x00000000
0x13090e94,0x5b5b5b5b,0x5b5b5b5b,0x00000000
0x13090e98,0x5b5b5b5b,0x5b5b5b5b,0x00000000
0x13090e9c,0x5b5b5b5b,0x5b5b5b5b,0x00000000
0x13090ea8,0x5b5b5b5b,0x5b5b5b5b,0x00000000
0x13090eb0,0x5b5b5b5b,0x5b5b5b5b,0x00000000
0x13090eb4,0x5b5b5b5b,0x5b5b5b5b,0x00000000
0x13090eb8,0x5b5b5b5b,0x5b5b5b5b,0x00000000
0x13090ebc,0x5b5b5b5b,0x5b5b5b5b,0x00000000
0x13090ecc,0x5b5b5b5b,0x5b5b5b5b,0x00000000
0x13090ed0,0x5b5b5b5b,0x5b5b5b5b,0x00000000
0x13090ed4,0x5b5b5b5b,0x5b5b5b5b,0x00000000
0x13090ed8,0x5b5b5b5b,0x5b5b5b5b,0x00000000
0x13090edc,0x5b5b5b5b,0x5b5b5b5b,0x00000000
0x13090eec,0x5b5b5b5b,0x5b5b5b5b,0x00000000
0x13090ef0,0x5b5b5b5b,0x5b5b5b5b,0x00000000
0x13090ef4,0x5b5b5b5b,0x5b5b5b5b,0x00000000
0x13090ef8,0x5b5b5b5b,0x5b5b5b5b,0x00000000
0x13090efc,0x5b5b5b5b,0x5b5b5b5b,0x00000000
0x13090f08,0x5b5b5b5b,0x5b5b5b5b,0x00000000
0x13090f0c,0x5b5b5b5b,0x5b5b5b5b,0x00000000
0x13090f10,0x5b5b5b5b,0x5b5b5b5b,0x00000000
0x13090f14,0x5b5b5b5b,0x5b5b5b5b,0x00000000
0x13090f18,0x5b5b5b5b,0x5b5b5b5b,0x00000000
0x13090f1c,0x5b5b5b5b,0x5b5b5b5b,0x00000000
0x13090f2c,0x5b5b5b5b,0x5b5b5b5b,0x00000000
0x13090f30,0x5b5b5b5b,0x5b5b5b5b,0x00000000
0x13090f34,0x5b5b5b5b,0x5b5b5b5b,0x00000000
0x13090f38,0x5b5b5b5b,0x5b5b5b5b,0x00000000
0x13090f3c,0x5b5b5b5b,0x5b5b5b5b,0x00000000
0x13090f48,0x5b5b5b5b,0x5b5b5b5b,0x00000000
0x13090f4c,0x5b5b5b5b,0x5b5b5b5b,0x00000000
0x13090f50,0x5b5b5b5b,0x5b5b5b5b,0x00000000
0x13090f54,0x5b5b5b5b,0x5b5b5b5b,0x00000000
0x13090f58,0x5b5b5b5b,0x5b5b5b5b,0x00000000
0x13090f5c,0x5b5b5b5b,0x5b5b5b5b,0x00000000
0x13090f6c,0x5b5b5b5b,0x5b5b5b5b,0x00000000
0x13090f70,0x5b5b5b5b,0x5b5b5b5b,0x00000000
0x13090f74,0x5b5b5b5b,0x5b5b5b5b,0x00000000
0x13090f78,0x5b5b5b5b,0x5b5b5b5b,0x00000000
0x13090f7c,0x5b5b5b5b,0x5b5b5b5b,0x00000000
0x13090f88,0x5b5b5b5b,0x5b5b5b5b,0x00000000
0x13090f8c,0x5b5b5b5b,0x5b5b5b5b,0x00000000
0x13090f90,0x5b5b5b5b,0x5b5b5b5b,0x00000000
0x13090f94,0x5b5b5b5b,0x5b5b5b5b,0x00000000
0x13090f98,0x5b5b5b5b,0x5b5b5b5b,0x00000000
0x13090f9c,0x5b5b5b5b,0x5b5b5b5b,0x00000000
0x13090fac,0x5b5b5b5b,0x5b5b5b5b,0x00000000
0x13090fb0,0x5b5b5b5b,0x5b5b5b5b,0x00000000
0x13090fb4,0x5b5b5b5b,0x5b5b5b5b,0x00000000
0x13090fb8,0x5b5b5b5b,0x5b5b5b5b,0x00000000
0x13090fbc,0x5b5b5b5b,0x5b5b5b5b,0x00000000
0x13090fcc,0x5b5b5b5b,0x5b5b5b5b,0x00000000
0x13090fd0,0x5b5b5b5b,0x5b5b5b5b,0x00000000
0x13090fd4,0x5b5b5b5b,0x5b5b5b5b,0x00000000
0x13090fd8,0x5b5b5b5b,0x5b5b5b5b,0x00000000
0x13090fdc,0x5b5b5b5b,0x5b5b5b5b,0x00000000
0x13090fec,0x5b5b5b5b,0x5b5b5b5b,0x00000000
0x13090ff0,0x5b5b5b5b,0x5b5b5b5b,0x00000000
0x13090ff4,0x5b5b5b5b,0x5b5b5b5b,0x00000000
0x13090ff8,0x5b5b5b5b,0x5b5b5b5b,0x00000000
0x13090ffc,0x5b5b5b5b,0x5b5b5b5b,0x00000000
0x1309100c,0x5b5b5b5b,0x5b5b5b5b,0x00000000
0x13091010,0x5b5b5b5b,0x5b5b5b5b,0x00000000
0x13091014,0x5b5b5b5b,0x5b5b5b5b,0x00000000
0x13091018,0x5b5b5b5b,0x5b5b5b5b,0x00000000
0x1309101c,0x5b5b5b5b,0x5b5b5b5b,0x00000000
0x1309102c,0x5b5b5b5b,0x5b5b5b5b,0x00000000
0x13091030,0x5b5b5b5b,0x5b5b5b5b,0x00000000
0x13091034,0x5b5b5b5b,0x5b5b5b5b,0x00000000
0x13091038,0x5b5b5b5b,0x5b5b5b5b,0x00000000
0x1309103c,0x5b5b5b5b,0x5b5b5b5b,0x00000000
0x13091048,0x5b5b5b5b,0x5b5b5b5b,0x00000000
0x1309104c,0x5b5b5b5b,0x5b5b5b5b,0x00000000
0x13091050,0x5b5b5b5b,0x5b5b5b5b,0x00000000
0x13091054,0x5b5b5b5b,0x5b5b5b5b,0x00000000
0x13091058,0x5b5b5b5b,0x5b5b5b5b,0x00000000
0x1309105c,0x5b5b5b5b,0x5b5b5b5b,0x00000000
0x1309106c,0x5b5b5b5b,0x5b5b5b5b,0x00000000
0x13091070,0x5b5b5b5b,0x5b5b5b5b,0x00000000
0x13091074,0x5b5b5b5b,0x5b5b5b5b,0x00000000
0x13091078,0x5b5b5b5b,0x5b5b5b5b,0x00000000
0x1309107c,0x5b5b5b5b,0x5b5b5b5b,0x00000000
0x13091090,0x5b5b5b5b,0x5b5b5b5b,0x00000000
0x13091094,0x5b5b5b5b,0x5b5b5b5b,0x00000000
0x13091098,0x5b5b5b5b,0x5b5b5b5b,0x00000000
0x1309109c,0x5b5b5b5b,0x5b5b5b5b,0x00000000
0x130910ac,0x5b5b5b5b,0x5b5b5b5b,0x00000000
0x130910b0,0x5b5b5b5b,0x5b5b5b5b,0x00000000
0x130910b4,0x5b5b5b5b,0x5b5b5b5b,0x00000000
0x130910b8,0x5b5b5b5b,0x5b5b5b5b,0x00000000
0x130910bc,0x5b5b5b5b,0x5b5b5b5b,0x00000000
0x130910cc,0x5b5b5b5b,0x5b5b5b5b,0x00000000
0x130910d0,0x5b5b5b5b,0x5b5b5b5b,0x00000000
0x130910d4,0x5b5b5b5b,0x5b5b5b5b,0x00000000
0x130910d8,0x5b5b5b5b,0x5b5b5b5b,0x00000000
0x130910dc,0x5b5b5b5b,0x5b5b5b5b,0x00000000
0x130910e8,0x5b5b5b5b,0x5b5b5b5b,0x00000000
0x130910ec,0x5b5b5b5b,0x5b5b5b5b,0x00000000
0x130910f0,0x5b5b5b5b,0x5b5b5b5b,0x00000000
0x130910f4,0x5b5b5b5b,0x5b5b5b5b,0x00000000
0x130910f8,0x5b5b5b5b,0x5b5b5b5b,0x00000000
0x130910fc,0x5b5b5b5b,0x5b5b5b5b,0x00000000
0x13091100,0x5b5b5b5b,0x5b5b5b5b,0x00000000
0x13091104,0x5b5b5b5b,0x5b5b5b5b,0x00000000
0x13091108,0x5b5b5b5b,0x5b5b5b5b,0x00000000
0x1309110c,0x5b5b5b5b,0x5b5b5b5b,0x00000000
0x13091110,0x5b5b5b5b,0x5b5b5b5b,0x00000000
0x13091114,0x5b5b5b5b,0x5b5b5b5b,0x00000000
0x13091118,0x5b5b5b5b,0x5b5b5b5b,0x00000000
0x1309111c,0x5b5b5b5b,0x5b5b5b5b,0x00000000
0x13091128,0x5b5b5b5b,0x5b5b5b5b,0x00000000
0x1309112c,0x5b5b5b5b,0x5b5b5b5b,0x00000000
0x13091130,0x5b5b5b5b,0x5b5b5b5b,0x00000000
0x13091134,0x5b5b5b5b,0x5b5b5b5b,0x00000000
0x13091138,0x5b5b5b5b,0x5b5b5b5b,0x00000000
0x1309113c,0x5b5b5b5b,0x5b5b5b5b,0x00000000
0x1309114c,0x5b5b5b5b,0x5b5b5b5b,0x00000000
0x13091150,0x5b5b5b5b,0x5b5b5b5b,0x00000000
0x13091154,0x5b5b5b5b,0x5b5b5b5b,0x00000000
0x13091158,0x5b5b5b5b,0x5b5b5b5b,0x00000000
0x1309115c,0x5b5b5b5b,0x5b5b5b5b,0x00000000
0x13091168,0x5b5b5b5b,0x5b5b5b5b,0x00000000
0x1309116c,0x5b5b5b5b,0x5b5b5b5b,0x00000000
0x13091170,0x5b5b5b5b,0x5b5b5b5b,0x00000000
0x13091174,0x5b5b5b5b,0x5b5b5b5b,0x00000000
0x13091178,0x5b5b5b5b,0x5b5b5b5b,0x00000000
0x1309117c,0x5b5b5b5b,0x5b5b5b5b,0x00000000
0x1309118c,0x5b5b5b5b,0x5b5b5b5b,0x00000000
0x13091190,0x5b5b5b5b,0x5b5b5b5b,0x00000000
0x13091194,0x5b5b5b5b,0x5b5b5b5b,0x00000000
0x13091198,0x5b5b5b5b,0x5b5b5b5b,0x00000000
0x1309119c,0x5b5b5b5b,0x5b5b5b5b,0x00000000
0x130911a8,0x5b5b5b5b,0x5b5b5b5b,0x00000000
0x130911ac,0x5b5b5b5b,0x5b5b5b5b,0x00000000
0x130911b0,0x5b5b5b5b,0x5b5b5b5b,0x00000000
0x130911b4,0x5b5b5b5b,0x5b5b5b5b,0x00000000
0x130911b8,0x5b5b5b5b,0x5b5b5b5b,0x00000000
0x130911bc,0x5b5b5b5b,0x5b5b5b5b,0x00000000
0x130911c8,0x5b5b5b5b,0x5b5b5b5b,0x00000000
0x130911cc,0x5b5b5b5b,0x5b5b5b5b,0x00000000
0x130911d0,0x5b5b5b5b,0x5b5b5b5b,0x00000000
0x130911d4,0x5b5b5b5b,0x5b5b5b5b,0x00000000
0x130911d8,0x5b5b5b5b,0x5b5b5b5b,0x00000000
0x130911dc,0x5b5b5b5b,0x5b5b5b5b,0x00000000
0x130911e8,0x5b5b5b5b,0x5b5b5b5b,0x00000000
0x130911ec,0x5b5b5b5b,0x5b5b5b5b,0x00000000
0x130911f0,0x5b5b5b5b,0x5b5b5b5b,0x00000000
0x130911f4,0x5b5b5b5b,0x5b5b5b5b,0x00000000
0x130911f8,0x5b5b5b5b,0x5b5b5b5b,0x00000000
0x130911fc,0x5b5b5b5b,0x5b5b5b5b,0x00000000
0x13091208,0x5b5b5b5b,0x5b5b5b5b,0x00000000
0x1309120c,0x5b5b5b5b,0x5b5b5b5b,0x00000000
0x13091210,0x5b5b5b5b,0x5b5b5b5b,0x00000000
0x13091214,0x5b5b5b5b,0x5b5b5b5b,0x00000000
0x13091218,0x5b5b5b5b,0x5b5b5b5b,0x00000000
0x1309121c,0x5b5b5b5b,0x5b5b5b5b,0x00000000
0x13091228,0x5b5b5b5b,0x5b5b5b5b,0x00000000
0x1309122c,0x5b5b5b5b,0x5b5b5b5b,0x00000000
0x13091230,0x5b5b5b5b,0x5b5b5b5b,0x00000000
0x13091234,0x5b5b5b5b,0x5b5b5b5b,0x00000000
0x13091238,0x5b5b5b5b,0x5b5b5b5b,0x00000000
0x1309123c,0x5b5b5b5b,0x5b5b5b5b,0x00000000
0x13091250,0x5b5b5b5b,0x5b5b5b5b,0x00000000
0x13091254,0x5b5b5b5b,0x5b5b5b5b,0x00000000
0x13091258,0x5b5b5b5b,0x5b5b5b5b,0x00000000
0x1309125c,0x5b5b5b5b,0x5b5b5b5b,0x00000000
0x13091270,0x5b5b5b5b,0x5b5b5b5b,0x00000000
0x13091274,0x5b5b5b5b,0x5b5b5b5b,0x00000000
0x13091278,0x5b5b5b5b,0x5b5b5b5b,0x00000000
0x1309127c,0x5b5b5b5b,0x5b5b5b5b,0x00000000
0x13091290,0x5b5b5b5b,0x5b5b5b5b,0x00000000
0x13091294,0x5b5b5b5b,0x5b5b5b5b,0x00000000
0x13091298,0x5b5b5b5b,0x5b5b5b5b,0x00000000
0x1309129c,0x5b5b5b5b,0x5b5b5b5b,0x00000000
0x130912a0,0x5b5b5b5b,0x5b5b5b5b,0x00000000
0x130912a4,0x5b5b5b5b,0x5b5b5b5b,0x00000000
0x130912a8,0x5b5b5b5b,0x5b5b5b5b,0x00000000
0x130912ac,0x5b5b5b5b,0x5b5b5b5b,0x00000000
0x130912b0,0x5b5b5b5b,0x5b5b5b5b,0x00000000
0x130912b4,0x5b5b5b5b,0x5b5b5b5b,0x00000000
0x130912b8,0x5b5b5b5b,0x5b5b5b5b,0x00000000
0x130912bc,0x5b5b5b5b,0x5b5b5b5b,0x00000000
0x130912c8,0x5b5b5b5b,0x5b5b5b5b,0x00000000
0x130912cc,0x5b5b5b5b,0x5b5b5b5b,0x00000000
0x130912d0,0x5b5b5b5b,0x5b5b5b5b,0x00000000
0x130912d4,0x5b5b5b5b,0x5b5b5b5b,0x00000000
0x130912d8,0x5b5b5b5b,0x5b5b5b5b,0x00000000
0x130912dc,0x5b5b5b5b,0x5b5b5b5b,0x00000000
0x130912e8,0x5b5b5b5b,0x5b5b5b5b,0x00000000
0x130912ec,0x5b5b5b5b,0x5b5b5b5b,0x00000000
0x130912f0,0x5b5b5b5b,0x5b5b5b5b,0x00000000
0x130912f4,0x5b5b5b5b,0x5b5b5b5b,0x00000000
0x130912f8,0x5b5b5b5b,0x5b5b5b5b,0x00000000
0x130912fc,0x5b5b5b5b,0x5b5b5b5b,0x00000000
0x13091308,0x5b5b5b5b,0x5b5b5b5b,0x00000000
0x1309130c,0x5b5b5b5b,0x5b5b5b5b,0x00000000
0x13091310,0x5b5b5b5b,0x5b5b5b5b,0x00000000
0x13091314,0x5b5b5b5b,0x5b5b5b5b,0x00000000
0x13091318,0x5b5b5b5b,0x5b5b5b5b,0x00000000
0x1309131c,0x5b5b5b5b,0x5b5b5b5b,0x00000000
0x1309132c,0x5b5b5b5b,0x5b5b5b5b,0x00000000
0x13091330,0x5b5b5b5b,0x5b5b5b5b,0x00000000
0x13091334,0x5b5b5b5b,0x5b5b5b5b,0x00000000
0x13091338,0x5b5b5b5b,0x5b5b5b5b,0x00000000
0x1309133c,0x5b5b5b5b,0x5b5b5b5b,0x00000000
0x1309134c,0x5b5b5b5b,0x5b5b5b5b,0x00000000
0x13091350,0x5b5b5b5b,0x5b5b5b5b,0x00000000
0x13091354,0x5b5b5b5b,0x5b5b5b5b,0x00000000
0x13091358,0x5b5b5b5b,0x5b5b5b5b,0x00000000
0x1309135c,0x5b5b5b5b,0x5b5b5b5b,0x00000000
0x13091368,0x5b5b5b5b,0x5b5b5b5b,0x00000000
0x1309136c,0x5b5b5b5b,0x5b5b5b5b,0x00000000
0x13091370,0x5b5b5b5b,0x5b5b5b5b,0x00000000
0x13091374,0x5b5b5b5b,0x5b5b5b5b,0x00000000
0x13091378,0x5b5b5b5b,0x5b5b5b5b,0x00000000
0x1309137c,0x5b5b5b5b,0x5b5b5b5b,0x00000000
0x13091388,0x5b5b5b5b,0x5b5b5b5b,0x00000000
0x1309138c,0x5b5b5b5b,0x5b5b5b5b,0x00000000
0x13091390,0x5b5b5b5b,0x5b5b5b5b,0x00000000
0x13091394,0x5b5b5b5b,0x5b5b5b5b,0x00000000
0x13091398,0x5b5b5b5b,0x5b5b5b5b,0x00000000
0x1309139c,0x5b5b5b5b,0x5b5b5b5b,0x00000000
0x130913a0,0x5b5b5b5b,0x5b5b5b5b,0x00000000
0x130913a4,0x5b5b5b5b,0x5b5b5b5b,0x00000000
0x130913a8,0x5b5b5b5b,0x5b5b5b5b,0x00000000
0x130913ac,0x5b5b5b5b,0x5b5b5b5b,0x00000000
0x130913b0,0x5b5b5b5b,0x5b5b5b5b,0x00000000
0x130913b4,0x5b5b5b5b,0x5b5b5b5b,0x00000000
0x130913b8,0x5b5b5b5b,0x5b5b5b5b,0x00000000
0x130913bc,0x5b5b5b5b,0x5b5b5b5b,0x00000000
0x130913d4,0x5b5b5b5b,0x5b5b5b5b,0x00000000
0x130913d8,0x5b5b5b5b,0x5b5b5b5b,0x00000000
0x130913dc,0x5b5b5b5b,0x5b5b5b5b,0x00000000
0x130913e8,0x5b5b5b5b,0x5b5b5b5b,0x00000000
0x130913f0,0x5b5b5b5b,0x5b5b5b5b,0x00000000
0x130913f4,0x5b5b5b5b,0x5b5b5b5b,0x00000000
0x1309140c,0x5b5b5b5b,0x5b5b5b5b,0x00000000
0x13091410,0x5b5b5b5b,0x5b5b5b5b,0x00000000
0x13091414,0x5b5b5b5b,0x5b5b5b5b,0x00000000
0x13091418,0x5b5b5b5b,0x5b5b5b5b,0x00000000
0x1309141c,0x5b5b5b5b,0x5b5b5b5b,0x00000000
0x13091428,0x5b5b5b5b,0x5b5b5b5b,0x00000000
0x13091430,0x5b5b5b5b,0x5b5b5b5b,0x00000000
0x13091434,0x5b5b5b5b,0x5b5b5b5b,0x00000000
0x13091448,0x5b5b5b5b,0x5b5b5b5b,0x00000000
0x13091450,0x5b5b5b5b,0x5b5b5b5b,0x00000000
0x13091454,0x5b5b5b5b,0x5b5b5b5b,0x00000000
0x13091458,0x5b5b5b5b,0x5b5b5b5b,0x00000000
0x13091468,0x5b5b5b5b,0x5b5b5b5b,0x00000000
0x13091470,0x5b5b5b5b,0x5b5b5b5b,0x00000000
0x13091474,0x5b5b5b5b,0x5b5b5b5b,0x00000000
0x13091478,0x5b5b5b5b,0x5b5b5b5b,0x00000000
0x1309147c,0x5b5b5b5b,0x5b5b5b5b,0x00000000
0x13091650,0x5b5b5b5b,0x5b5b5b5b,0x00000000
0x13091660,0x5b5b5b5b,0x5b5b5b5b,0x00000000
0x13091688,0x5b5b5b5b,0x5b5b5b5b,0x00000000
0x1309168c,0x5b5b5b5b,0x5b5b5b5b,0x00000000
0x13091690,0x5b5b5b5b,0x5b5b5b5b,0x00000000
0x13091694,0x5b5b5b5b,0x5b5b5b5b,0x00000000
0x13091698,0x5b5b5b5b,0x5b5b5b5b,0x00000000
0x1309169c,0x5b5b5b5b,0x5b5b5b5b,0x00000000
0x130916ac,0x5b5b5b5b,0x5b5b5b5b,0x00000000
0x130916b0,0x5b5b5b5b,0x5b5b5b5b,0x00000000
0x130916b4,0x5b5b5b5b,0x5b5b5b5b,0x00000000
0x130916c8,0x5b5b5b5b,0x5b5b5b5b,0x00000000
0x130916cc,0x5b5b5b5b,0x5b5b5b5b,0x00000000
0x130916d0,0x5b5b5b5b,0x5b5b5b5b,0x00000000
0x130916d4,0x5b5b5b5b,0x5b5b5b5b,0x00000000
0x130916e8,0x5b5b5b5b,0x5b5b5b5b,0x00000000
0x130916ec,0x5b5b5b5b,0x5b5b5b5b,0x00000000
0x130916f0,0x5b5b5b5b,0x5b5b5b5b,0x00000000
0x130916f4,0x5b5b5b5b,0x5b5b5b5b,0x00000000
0x130916f8,0x5b5b5b5b,0x5b5b5b5b,0x00000000
0x130916fc,0x5b5b5b5b,0x5b5b5b5b,0x00000000
0x13091708,0x5b5b5b5b,0x5b5b5b5b,0x00000000
0x1309170c,0x5b5b5b5b,0x5b5b5b5b,0x00000000
0x13091710,0x5b5b5b5b,0x5b5b5b5b,0x00000000
0x13091714,0x5b5b5b5b,0x5b5b5b5b,0x00000000
0x13091774,0x5b5b5b5b,0x5b5b5b5b,0x00000000
0x13091794,0x5b5b5b5b,0x5b5b5b5b,0x00000000
0x130917b4,0x5b5b5b5b,0x5b5b5b5b,0x00000000
0x130917d4,0x5b5b5b5b,0x5b5b5b5b,0x00000000
0x130917f4,0x5b5b5b5b,0x5b5b5b5b,0x00000000
0x13091814,0x5b5b5b5b,0x5b5b5b5b,0x00000000
0x13091834,0x5b5b5b5b,0x5b5b5b5b,0x00000000
0x13091854,0x5b5b5b5b,0x5b5b5b5b,0x00000000
0x13091874,0x5b5b5b5b,0x5b5b5b5b,0x00000000
0x13091894,0x5b5b5b5b,0x5b5b5b5b,0x00000000
0x130918b4,0x5b5b5b5b,0x5b5b5b5b,0x00000000
0x130918d4,0x5b5b5b5b,0x5b5b5b5b,0x00000000
0x130918f4,0x5b5b5b5b,0x5b5b5b5b,0x00000000
0x13091914,0x5b5b5b5b,0x5b5b5b5b,0x00000000
0x13091934,0x5b5b5b5b,0x5b5b5b5b,0x00000000
0x13091954,0x5b5b5b5b,0x5b5b5b5b,0x00000000
0x13091974,0x5b5b5b5b,0x5b5b5b5b,0x00000000
0x13091994,0x5b5b5b5b,0x5b5b5b5b,0x00000000
0x130919b4,0x5b5b5b5b,0x5b5b5b5b,0x00000000
0x130919d4,0x5b5b5b5b,0x5b5b5b5b,0x00000000
0x130919f4,0x5b5b5b5b,0x5b5b5b5b,0x00000000
0x13091a14,0x5b5b5b5b,0x5b5b5b5b,0x00000000
0x13091a34,0x5b5b5b5b,0x5b5b5b5b,0x00000000
0x13091a5c,0x5b5b5b5b,0x5b5b5b5b,0x00000000
0x13091a68,0x5b5b5b5b,0x5b5b5b5b,0x00000000
0x13091a6c,0x5b5b5b5b,0x5b5b5b5b,0x00000000
0x13091a78,0x5b5b5b5b,0x5b5b5b5b,0x00000000
0x13091a7c,0x5b5b5b5b,0x5b5b5b5b,0x00000000
0x13091a88,0x5b5b5b5b,0x5b5b5b5b,0x00000000
0x13091a8c,0x5b5b5b5b,0x5b5b5b5b,0x00000000
0x13091a98,0x5b5b5b5b,0x5b5b5b5b,0x00000000
0x13091a9c,0x5b5b5b5b,0x5b5b5b5b,0x00000000
0x13091aa8,0x5b5b5b5b,0x5b5b5b5b,0x00000000
0x13091aac,0x5b5b5b5b,0x5b5b5b5b,0x00000000
0x13091abc,0x5b5b5b5b,0x5b5b5b5b,0x00000000
0x13091ac0,0x5b5b5b5b,0x5b5b5b5b,0x00000000
0x13091ac8,0x5b5b5b5b,0x5b5b5b5b,0x00000000
0x13091ad0,0x5b5b5b5b,0x5b5b5b5b,0x00000000
0x13091ad4,0x5b5b5b5b,0x5b5b5b5b,0x00000000
0x13091ad8,0x5b5b5b5b,0x5b5b5b5b,0x00000000
0x13091adc,0x5b5b5b5b,0x5b5b5b5b,0x00000000
0x13091ae8,0x5b5b5b5b,0x5b5b5b5b,0x00000000
0x13091aec,0x5b5b5b5b,0x5b5b5b5b,0x00000000
0x13091afc,0x5b5b5b5b,0x5b5b5b5b,0x00000000
0x13091b24,0x5b5b5b5b,0x5b5b5b5b,0x00000000
0x13091b80,0x5b5b5b5b,0x5b5b5b5b,0x00000000
0x13091b90,0x5b5b5b5b,0x5b5b5b5b,0x00000000
0x13091ba0,0x5b5b5b5b,0x5b5b5b5b,0x00000000
0x13091bbc,0x5b5b5b5b,0x5b5b5b5b,0x00000000
0x13091bc8,0x5b5b5b5b,0x5b5b5b5b,0x00000000
0x13091bcc,0x5b5b5b5b,0x5b5b5b5b,0x00000000
0x13091bd8,0x5b5b5b5b,0x5b5b5b5b,0x00000000
0x13091bdc,0x5b5b5b5b,0x5b5b5b5b,0x00000000
0x13091be0,0x5b5b5b5b,0x5b5b5b5b,0x00000000
0x13091bec,0x5b5b5b5b,0x5b5b5b5b,0x00000000
0x13091bf0,0x5b5b5b5b,0x5b5b5b5b,0x00000000
0x13091bf4,0x5b5b5b5b,0x5b5b5b5b,0x00000000
0x13091bfc,0x5b5b5b5b,0x5b5b5b5b,0x00000000
0x13091c00,0x5b5b5b5b,0x5b5b5b5b,0x00000000
0x13091c04,0x5b5b5b5b,0x5b5b5b5b,0x00000000
0x13091c0c,0x5b5b5b5b,0x5b5b5b5b,0x00000000
0x13091c1c,0x5b5b5b5b,0x5b5b5b5b,0x00000000
0x13091c20,0x5b5b5b5b,0x5b5b5b5b,0x00000000
0x13091c24,0x5b5b5b5b,0x5b5b5b5b,0x00000000
0x13091c28,0x5b5b5b5b,0x5b5b5b5b,0x00000000
0x13091c2c,0x5b5b5b5b,0x5b5b5b5b,0x00000000
0x13091c40,0x5b5b5b5b,0x5b5b5b5b,0x00000000
0x13091c44,0x5b5b5b5b,0x5b5b5b5b,0x00000000
0x13091c48,0x5b5b5b5b,0x5b5b5b5b,0x00000000
0x13091c58,0x5b5b5b5b,0x5b5b5b5b,0x00000000
0x13091c60,0x5b5b5b5b,0x5b5b5b5b,0x00000000
0x13091c64,0x5b5b5b5b,0x5b5b5b5b,0x00000000
0x13091c6c,0x5b5b5b5b,0x5b5b5b5b,0x00000000
0x13091c70,0x5b5b5b5b,0x5b5b5b5b,0x00000000
0x13091c7c,0x5b5b5b5b,0x5b5b5b5b,0x00000000
0x13091c80,0x5b5b5b5b,0x5b5b5b5b,0x00000000
0x13091c84,0x5b5b5b5b,0x5b5b5b5b,0x00000000
0x13091c88,0x5b5b5b5b,0x5b5b5b5b,0x00000000
0x13091c8c,0x5b5b5b5b,0x5b5b5b5b,0x00000000
0x13091c9c,0x5b5b5b5b,0x5b5b5b5b,0x00000000
0x13091ca0,0x5b5b5b5b,0x5b5b5b5b,0x00000000
0x13091ca4,0x5b5b5b5b,0x5b5b5b5b,0x00000000
0x13091cb8,0x5b5b5b5b,0x5b5b5b5b,0x00000000
0x13091cc0,0x5b5b5b5b,0x5b5b5b5b,0x00000000
0x13091cc4,0x5b5b5b5b,0x5b5b5b5b,0x00000000
0x13091cc8,0x5b5b5b5b,0x5b5b5b5b,0x00000000
0x13091cd8,0x5b5b5b5b,0x5b5b5b5b,0x00000000
0x13091cdc,0x5b5b5b5b,0x5b5b5b5b,0x00000000
0x13091ce0,0x5b5b5b5b,0x5b5b5b5b,0x00000000
0x13091ce4,0x5b5b5b5b,0x5b5b5b5b,0x00000000
0x13091ce8,0x5b5b5b5b,0x5b5b5b5b,0x00000000
0x13091cec,0x5b5b5b5b,0x5b5b5b5b,0x00000000
0x13091d1c,0x5b5b5b5b,0x5b5b5b5b,0x00000000
0x13091d20,0x5b5b5b5b,0x5b5b5b5b,0x00000000
0x13091d24,0x5b5b5b5b,0x5b5b5b5b,0x00000000
0x13091d28,0x5b5b5b5b,0x5b5b5b5b,0x00000000
0x13091d2c,0x5b5b5b5b,0x5b5b5b5b,0x00000000
0x13091d38,0x5b5b5b5b,0x5b5b5b5b,0x00000000
0x13091d3c,0x5b5b5b5b,0x5b5b5b5b,0x00000000
0x13091d40,0x5b5b5b5b,0x5b5b5b5b,0x00000000
0x13091d44,0x5b5b5b5b,0x5b5b5b5b,0x00000000
0x13091d48,0x5b5b5b5b,0x5b5b5b5b,0x00000000
0x13091d4c,0x5b5b5b5b,0x5b5b5b5b,0x00000000
0x13091d58,0x5b5b5b5b,0x5b5b5b5b,0x00000000
0x13091d5c,0x5b5b5b5b,0x5b5b5b5b,0x00000000
0x13091d60,0x5b5b5b5b,0x5b5b5b5b,0x00000000
0x13091d64,0x5b5b5b5b,0x5b5b5b5b,0x00000000
0x13091d68,0x5b5b5b5b,0x5b5b5b5b,0x00000000
0x13091d6c,0x5b5b5b5b,0x5b5b5b5b,0x00000000
0x13091d7c,0x5b5b5b5b,0x5b5b5b5b,0x00000000
0x13091d80,0x5b5b5b5b,0x5b5b5b5b,0x00000000
0x13091d84,0x5b5b5b5b,0x5b5b5b5b,0x00000000
0x13091d88,0x5b5b5b5b,0x5b5b5b5b,0x00000000
0x13091d8c,0x5b5b5b5b,0x5b5b5b5b,0x00000000
0x13091d98,0x5b5b5b5b,0x5b5b5b5b,0x00000000
0x13091d9c,0x5b5b5b5b,0x5b5b5b5b,0x00000000
0x13091da0,0x5b5b5b5b,0x5b5b5b5b,0x00000000
0x13091da4,0x5b5b5b5b,0x5b5b5b5b,0x00000000
0x13091da8,0x5b5b5b5b,0x5b5b5b5b,0x00000000
0x13091dac,0x5b5b5b5b,0x5b5b5b5b,0x00000000
0x13091db8,0x5b5b5b5b,0x5b5b5b5b,0x00000000
0x13091dc0,0x5b5b5b5b,0x5b5b5b5b,0x00000000
0x13091dc4,0x5b5b5b5b,0x5b5b5b5b,0x00000000
0x13091dc8,0x5b5b5b5b,0x5b5b5b5b,0x00000000
0x13091dcc,0x5b5b5b5b,0x5b5b5b5b,0x00000000
0x13091dd8,0x5b5b5b5b,0x5b5b5b5b,0x00000000
0x13091ddc,0x5b5b5b5b,0x5b5b5b5b,0x00000000
0x13091de0,0x5b5b5b5b,0x5b5b5b5b,0x00000000
0x13091de4,0x5b5b5b5b,0x5b5b5b5b,0x00000000
0x13091de8,0x5b5b5b5b,0x5b5b5b5b,0x00000000
0x13091dec,0x5b5b5b5b,0x5b5b5b5b,0x00000000
0x13091df0,0x5b5b5b5b,0x5b5b5b5b,0x00000000
0x13093d8c,0x5b5b5b5b,0x5b5b5b5b,0x00000000
0x13093dec,0x5b5b5b5b,0x5b5b5b5b,0x00000000
0x13093e34,0x5b5b5b5b,0x5b5b5b5b,0x00000000
0x13093e7c,0x5b5b5b5b,0x5b5b5b5b,0x00000000
0x13093f70,0x5b5b5b5b,0x5b5b5b5b,0x00000000
0x13094114,0x5b5b5b5b,0x5b5b5b5b,0x00000000
0x13094248,0x5b5b5b5b,0x5b5b5b5b,0x00000000
0x13094294,0x5b5b5b5b,0x5b5b5b5b,0x00000000
0x130943b4,0x5b5b5b5b,0x5b5b5b5b,0x00000000
0x1309456c,0x5b5b5b5b,0x5b5b5b5b,0x00000000
0x1309457c,0x5b5b5b5b,0x5b5b5b5b,0x00000000
0x1309468c,0x5b5b5b5b,0x5b5b5b5b,0x00000000
0x130947d0,0x5b5b5b5b,0x5b5b5b5b,0x00000000
0x130948ec,0x5b5b5b5b,0x5b5b5b5b,0x00000000
0x13094b3c,0x5b5b5b5b,0x5b5b5b5b,0x00000000
0x13094e28,0x5b5b5b5b,0x5b5b5b5b,0x00000000
0x13094e3c,0x5b5b5b5b,0x5b5b5b5b,0x00000000
0x13094e5c,0x5b5b5b5b,0x5b5b5b5b,0x00000000
0x13094e8c,0x5b5b5b5b,0x5b5b5b5b,0x00000000
0x13094e90,0x5b5b5b5b,0x5b5b5b5b,0x00000000
0x13094e94,0x5b5b5b5b,0x5b5b5b5b,0x00000000
0x13094ea8,0x5b5b5b5b,0x5b5b5b5b,0x00000000
0x13094eac,0x5b5b5b5b,0x5b5b5b5b,0x00000000
0x13094eb0,0x5b5b5b5b,0x5b5b5b5b,0x00000000
0x13094eb4,0x5b5b5b5b,0x5b5b5b5b,0x00000000
0x13094ecc,0x5b5b5b5b,0x5b5b5b5b,0x00000000
0x13094ed0,0x5b5b5b5b,0x5b5b5b5b,0x00000000
0x13094ed4,0x5b5b5b5b,0x5b5b5b5b,0x00000000
0x13094ed8,0x5b5b5b5b,0x5b5b5b5b,0x00000000
0x13094edc,0x5b5b5b5b,0x5b5b5b5b,0x00000000
0x13094eec,0x5b5b5b5b,0x5b5b5b5b,0x00000000
0x13094ef0,0x5b5b5b5b,0x5b5b5b5b,0x00000000
0x13094ef4,0x5b5b5b5b,0x5b5b5b5b,0x00000000
0x13094ef8,0x5b5b5b5b,0x5b5b5b5b,0x00000000
0x130956f0,0x5b5b5b5b,0x5b5b5b5b,0x00000000
0x13095768,0x5b5b5b5b,0x5b5b5b5b,0x00000000
0x1309592c,0x5b5b5b5b,0x5b5b5b5b,0x00000000
0x13095934,0x5b5b5b5b,0x5b5b5b5b,0x00000000
0x13095938,0x5b5b5b5b,0x5b5b5b5b,0x00000000
0x1309593c,0x5b5b5b5b,0x5b5b5b5b,0x00000000
0x13095950,0x5b5b5b5b,0x5b5b5b5b,0x00000000
0x1309598c,0x5b5b5b5b,0x5b5b5b5b,0x00000000
0x13095990,0x5b5b5b5b,0x5b5b5b5b,0x00000000
0x13095994,0x5b5b5b5b,0x5b5b5b5b,0x00000000
0x13095998,0x5b5b5b5b,0x5b5b5b5b,0x00000000
0x1309599c,0x5b5b5b5b,0x5b5b5b5b,0x00000000
0x130959ac,0x5b5b5b5b,0x5b5b5b5b,0x00000000
0x130959b0,0x5b5b5b5b,0x5b5b5b5b,0x00000000
0x130959b4,0x5b5b5b5b,0x5b5b5b5b,0x00000000
0x130959b8,0x5b5b5b5b,0x5b5b5b5b,0x00000000
0x130959bc,0x5b5b5b5b,0x5b5b5b5b,0x00000000
0x130959cc,0x5b5b5b5b,0x5b5b5b5b,0x00000000
0x130959d0,0x5b5b5b5b,0x5b5b5b5b,0x00000000
0x130959d4,0x5b5b5b5b,0x5b5b5b5b,0x00000000
0x130959d8,0x5b5b5b5b,0x5b5b5b5b,0x00000000
0x130959dc,0x5b5b5b5b,0x5b5b5b5b,0x00000000
0x130959ec,0x5b5b5b5b,0x5b5b5b5b,0x00000000
0x130959f0,0x5b5b5b5b,0x5b5b5b5b,0x00000000
0x130959f4,0x5b5b5b5b,0x5b5b5b5b,0x00000000
0x130959f8,0x5b5b5b5b,0x5b5b5b5b,0x00000000
0x130959fc,0x5b5b5b5b,0x5b5b5b5b,0x00000000
0x13095a0c,0x5b5b5b5b,0x5b5b5b5b,0x00000000
0x13095a10,0x5b5b5b5b,0x5b5b5b5b,0x00000000
0x13095a14,0x5b5b5b5b,0x5b5b5b5b,0x00000000
0x13095a18,0x5b5b5b5b,0x5b5b5b5b,0x00000000
0x13095a1c,0x5b5b5b5b,0x5b5b5b5b,0x00000000
0x13095a20,0x5b5b5b5b,0x5b5b5b5b,0x00000000
0x13095a24,0x5b5b5b5b,0x5b5b5b5b,0x00000000
0x13095a28,0x5b5b5b5b,0x5b5b5b5b,0x00000000
0x13095a2c,0x5b5b5b5b,0x5b5b5b5b,0x00000000
0x13095a30,0x5b5b5b5b,0x5b5b5b5b,0x00000000
0x13095a34,0x5b5b5b5b,0x5b5b5b5b,0x00000000
0x13095a38,0x5b5b5b5b,0x5b5b5b5b,0x00000000
0x13095a3c,0x5b5b5b5b,0x5b5b5b5b,0x00000000
0x13095a48,0x5b5b5b5b,0x5b5b5b5b,0x00000000
0x13095a4c,0x5b5b5b5b,0x5b5b5b5b,0x00000000
0x13095a50,0x5b5b5b5b,0x5b5b5b5b,0x00000000
0x13095a54,0x5b5b5b5b,0x5b5b5b5b,0x00000000
0x13095a58,0x5b5b5b5b,0x5b5b5b5b,0x00000000
0x13095a5c,0x5b5b5b5b,0x5b5b5b5b,0x00000000
0x13095a6c,0x5b5b5b5b,0x5b5b5b5b,0x00000000
0x13095a74,0x5b5b5b5b,0x5b5b5b5b,0x00000000
0x13095a78,0x5b5b5b5b,0x5b5b5b5b,0x00000000
0x13095a7c,0x5b5b5b5b,0x5b5b5b5b,0x00000000
0x13095aa4,0x5b5b5b5b,0x5b5b5b5b,0x00000000
0x13095aa8,0x5b5b5b5b,0x5b5b5b5b,0x00000000
0x13095aac,0x5b5b5b5b,0x5b5b5b5b,0x00000000
0x13095ab4,0x5b5b5b5b,0x5b5b5b5b,0x00000000
0x13095ab8,0x5b5b5b5b,0x5b5b5b5b,0x00000000
0x13095abc,0x5b5b5b5b,0x5b5b5b5b,0x00000000
0x13095ad4,0x5b5b5b5b,0x5b5b5b5b,0x00000000
0x13095ad8,0x5b5b5b5b,0x5b5b5b5b,0x00000000
0x13095adc,0x5b5b5b5b,0x5b5b5b5b,0x00000000
0x13095ae8,0x5b5b5b5b,0x5b5b5b5b,0x00000000
0x13095aec,0x5b5b5b5b,0x5b5b5b5b,0x00000000
0x13095af0,0x5b5b5b5b,0x5b5b5b5b,0x00000000
0x13095af4,0x5b5b5b5b,0x5b5b5b5b,0x00000000
0x13095af8,0x5b5b5b5b,0x5b5b5b5b,0x00000000
0x13095afc,0x5b5b5b5b,0x5b5b5b5b,0x00000000
0x13095b08,0x5b5b5b5b,0x5b5b5b5b,0x00000000
0x13095b38,0x5b5b5b5b,0x5b5b5b5b,0x00000000
0x13095b50,0x5b5b5b5b,0x5b5b5b5b,0x00000000
0x13095b70,0x5b5b5b5b,0x5b5b5b5b,0x00000000
0x13095b74,0x5b5b5b5b,0x5b5b5b5b,0x00000000
0x13095b78,0x5b5b5b5b,0x5b5b5b5b,0x00000000
0x13095b7c,0x5b5b5b5b,0x5b5b5b5b,0x00000000
0x13095b9c,0x5b5b5b5b,0x5b5b5b5b,0x00000000
0x13095bb4,0x5b5b5b5b,0x5b5b5b5b,0x00000000
0x13095bb8,0x5b5b5b5b,0x5b5b5b5b,0x00000000
0x13095bbc,0x5b5b5b5b,0x5b5b5b5b,0x00000000
0x13095bec,0x5b5b5b5b,0x5b5b5b5b,0x00000000
0x13095bf4,0x5b5b5b5b,0x5b5b5b5b,0x00000000
0x13095bf8,0x5b5b5b5b,0x5b5b5b5b,0x00000000
0x13095bfc,0x5b5b5b5b,0x5b5b5b5b,0x00000000
0x13095c0c,0x5b5b5b5b,0x5b5b5b5b,0x00000000
0x13095c10,0x5b5b5b5b,0x5b5b5b5b,0x00000000
0x13095c14,0x5b5b5b5b,0x5b5b5b5b,0x00000000
0x13095c18,0x5b5b5b5b,0x5b5b5b5b,0x00000000
0x13095c1c,0x5b5b5b5b,0x5b5b5b5b,0x00000000
0x13095c2c,0x5b5b5b5b,0x5b5b5b5b,0x00000000
0x13095c30,0x5b5b5b5b,0x5b5b5b5b,0x00000000
0x13095c34,0x5b5b5b5b,0x5b5b5b5b,0x00000000
0x13095c38,0x5b5b5b5b,0x5b5b5b5b,0x00000000
0x13095c3c,0x5b5b5b5b,0x5b5b5b5b,0x00000000
0x13095c4c,0x5b5b5b5b,0x5b5b5b5b,0x00000000
0x13095c50,0x5b5b5b5b,0x5b5b5b5b,0x00000000
0x13095c54,0x5b5b5b5b,0x5b5b5b5b,0x00000000
0x13095c58,0x5b5b5b5b,0x5b5b5b5b,0x00000000
0x13095c5c,0x5b5b5b5b,0x5b5b5b5b,0x00000000
0x13095c6c,0x5b5b5b5b,0x5b5b5b5b,0x00000000
0x13095c70,0x5b5b5b5b,0x5b5b5b5b,0x00000000
0x13095c74,0x5b5b5b5b,0x5b5b5b5b,0x00000000
0x13095c78,0x5b5b5b5b,0x5b5b5b5b,0x00000000
0x13095c7c,0x5b5b5b5b,0x5b5b5b5b,0x00000000
0x13095c8c,0x5b5b5b5b,0x5b5b5b5b,0x00000000
0x13095c90,0x5b5b5b5b,0x5b5b5b5b,0x00000000
0x13095c94,0x5b5b5b5b,0x5b5b5b5b,0x00000000
0x13095c98,0x5b5b5b5b,0x5b5b5b5b,0x00000000
0x13095c9c,0x5b5b5b5b,0x5b5b5b5b,0x00000000
0x13095cac,0x5b5b5b5b,0x5b5b5b5b,0x00000000
0x13095cb0,0x5b5b5b5b,0x5b5b5b5b,0x00000000
0x13095cb4,0x5b5b5b5b,0x5b5b5b5b,0x00000000
0x13095cb8,0x5b5b5b5b,0x5b5b5b5b,0x00000000
0x13095cbc,0x5b5b5b5b,0x5b5b5b5b,0x00000000
0x13095ccc,0x5b5b5b5b,0x5b5b5b5b,0x00000000
0x13095cd0,0x5b5b5b5b,0x5b5b5b5b,0x00000000
0x13095cd4,0x5b5b5b5b,0x5b5b5b5b,0x00000000
0x13095cd8,0x5b5b5b5b,0x5b5b5b5b,0x00000000
0x13095cdc,0x5b5b5b5b,0x5b5b5b5b,0x00000000
0x13095cec,0x5b5b5b5b,0x5b5b5b5b,0x00000000
0x13095cf0,0x5b5b5b5b,0x5b5b5b5b,0x00000000
0x13095cf4,0x5b5b5b5b,0x5b5b5b5b,0x00000000
0x13095cf8,0x5b5b5b5b,0x5b5b5b5b,0x00000000
0x13095cfc,0x5b5b5b5b,0x5b5b5b5b,0x00000000
0x13095d0c,0x5b5b5b5b,0x5b5b5b5b,0x00000000
0x13095d10,0x5b5b5b5b,0x5b5b5b5b,0x00000000
0x13095d14,0x5b5b5b5b,0x5b5b5b5b,0x00000000
0x13095d18,0x5b5b5b5b,0x5b5b5b5b,0x00000000
0x13095d1c,0x5b5b5b5b,0x5b5b5b5b,0x00000000
0x13095d2c,0x5b5b5b5b,0x5b5b5b5b,0x00000000
0x13095d30,0x5b5b5b5b,0x5b5b5b5b,0x00000000
0x13095d34,0x5b5b5b5b,0x5b5b5b5b,0x00000000
0x13095d38,0x5b5b5b5b,0x5b5b5b5b,0x00000000
0x13095d3c,0x5b5b5b5b,0x5b5b5b5b,0x00000000
0x13095d4c,0x5b5b5b5b,0x5b5b5b5b,0x00000000
0x13095d50,0x5b5b5b5b,0x5b5b5b5b,0x00000000
0x13095d54,0x5b5b5b5b,0x5b5b5b5b,0x00000000
0x13095d58,0x5b5b5b5b,0x5b5b5b5b,0x00000000
0x13095d5c,0x5b5b5b5b,0x5b5b5b5b,0x00000000
0x13095d6c,0x5b5b5b5b,0x5b5b5b5b,0x00000000
0x13095d70,0x5b5b5b5b,0x5b5b5b5b,0x00000000
0x13095d74,0x5b5b5b5b,0x5b5b5b5b,0x00000000
0x13095d78,0x5b5b5b5b,0x5b5b5b5b,0x00000000
0x13095d7c,0x5b5b5b5b,0x5b5b5b5b,0x00000000
0x13095d88,0x5b5b5b5b,0x5b5b5b5b,0x00000000
0x13095d90,0x5b5b5b5b,0x5b5b5b5b,0x00000000
0x13095d94,0x5b5b5b5b,0x5b5b5b5b,0x00000000
0x13095d98,0x5b5b5b5b,0x5b5b5b5b,0x00000000
0x13095d9c,0x5b5b5b5b,0x5b5b5b5b,0x00000000
0x13095da8,0x5b5b5b5b,0x5b5b5b5b,0x00000000
0x13095db0,0x5b5b5b5b,0x5b5b5b5b,0x00000000
0x13095db4,0x5b5b5b5b,0x5b5b5b5b,0x00000000
0x13095db8,0x5b5b5b5b,0x5b5b5b5b,0x00000000
0x13095dbc,0x5b5b5b5b,0x5b5b5b5b,0x00000000
0x13095dcc,0x5b5b5b5b,0x5b5b5b5b,0x00000000
0x13095dd0,0x5b5b5b5b,0x5b5b5b5b,0x00000000
0x13095dd4,0x5b5b5b5b,0x5b5b5b5b,0x00000000
0x13095dd8,0x5b5b5b5b,0x5b5b5b5b,0x00000000
0x13095ddc,0x5b5b5b5b,0x5b5b5b5b,0x00000000
0x13095de8,0x5b5b5b5b,0x5b5b5b5b,0x00000000
0x13095dec,0x5b5b5b5b,0x5b5b5b5b,0x00000000
0x13095df0,0x5b5b5b5b,0x5b5b5b5b,0x00000000
0x13095df4,0x5b5b5b5b,0x5b5b5b5b,0x00000000
0x13095df8,0x5b5b5b5b,0x5b5b5b5b,0x00000000
0x13095dfc,0x5b5b5b5b,0x5b5b5b5b,0x00000000
0x13095e08,0x5b5b5b5b,0x5b5b5b5b,0x00000000
0x13095e0c,0x5b5b5b5b,0x5b5b5b5b,0x00000000
0x13095e10,0x5b5b5b5b,0x5b5b5b5b,0x00000000
0x13095e14,0x5b5b5b5b,0x5b5b5b5b,0x00000000
0x13095e18,0x5b5b5b5b,0x5b5b5b5b,0x00000000
0x13095e1c,0x5b5b5b5b,0x5b5b5b5b,0x00000000
0x13095e2c,0x5b5b5b5b,0x5b5b5b5b,0x00000000
0x13095e30,0x5b5b5b5b,0x5b5b5b5b,0x00000000
0x13095e34,0x5b5b5b5b,0x5b5b5b5b,0x00000000
0x13095e38,0x5b5b5b5b,0x5b5b5b5b,0x00000000
0x13095e3c,0x5b5b5b5b,0x5b5b5b5b,0x00000000
0x13095e48,0x5b5b5b5b,0x5b5b5b5b,0x00000000
0x13095e4c,0x5b5b5b5b,0x5b5b5b5b,0x00000000
0x13095e50,0x5b5b5b5b,0x5b5b5b5b,0x00000000
0x13095e54,0x5b5b5b5b,0x5b5b5b5b,0x00000000
0x13095e58,0x5b5b5b5b,0x5b5b5b5b,0x00000000
0x13095e5c,0x5b5b5b5b,0x5b5b5b5b,0x00000000
0x13095e70,0x5b5b5b5b,0x5b5b5b5b,0x00000000
0x13095e74,0x5b5b5b5b,0x5b5b5b5b,0x00000000
0x13095e78,0x5b5b5b5b,0x5b5b5b5b,0x00000000
0x13095e7c,0x5b5b5b5b,0x5b5b5b5b,0x00000000
0x13095e88,0x5b5b5b5b,0x5b5b5b5b,0x00000000
0x13095e90,0x5b5b5b5b,0x5b5b5b5b,0x00000000
0x13095e94,0x5b5b5b5b,0x5b5b5b5b,0x00000000
0x13095e98,0x5b5b5b5b,0x5b5b5b5b,0x00000000
0x13095e9c,0x5b5b5b5b,0x5b5b5b5b,0x00000000
0x13095eb0,0x5b5b5b5b,0x5b5b5b5b,0x00000000
0x13095eb4,0x5b5b5b5b,0x5b5b5b5b,0x00000000
0x13095eb8,0x5b5b5b5b,0x5b5b5b5b,0x00000000
0x13095ebc,0x5b5b5b5b,0x5b5b5b5b,0x00000000
0x13095ec8,0x5b5b5b5b,0x5b5b5b5b,0x00000000
0x13095ed0,0x5b5b5b5b,0x5b5b5b5b,0x00000000
0x13095ed4,0x5b5b5b5b,0x5b5b5b5b,0x00000000
0x13095ed8,0x5b5b5b5b,0x5b5b5b5b,0x00000000
0x13095edc,0x5b5b5b5b,0x5b5b5b5b,0x00000000
0x13095ee8,0x5b5b5b5b,0x5b5b5b5b,0x00000000
0x13095eec,0x5b5b5b5b,0x5b5b5b5b,0x00000000
0x13095ef0,0x5b5b5b5b,0x5b5b5b5b,0x00000000
0x13095ef4,0x5b5b5b5b,0x5b5b5b5b,0x00000000
0x13095ef8,0x5b5b5b5b,0x5b5b5b5b,0x00000000
0x13095efc,0x5b5b5b5b,0x5b5b5b5b,0x00000000
0x13095f0c,0x5b5b5b5b,0x5b5b5b5b,0x00000000
0x13095f10,0x5b5b5b5b,0x5b5b5b5b,0x00000000
0x13095f14,0x5b5b5b5b,0x5b5b5b5b,0x00000000
0x13095f18,0x5b5b5b5b,0x5b5b5b5b,0x00000000
0x13095f1c,0x5b5b5b5b,0x5b5b5b5b,0x00000000
0x13095f2c,0x5b5b5b5b,0x5b5b5b5b,0x00000000
0x13095f30,0x5b5b5b5b,0x5b5b5b5b,0x00000000
0x13095f34,0x5b5b5b5b,0x5b5b5b5b,0x00000000
0x13095f38,0x5b5b5b5b,0x5b5b5b5b,0x00000000
0x13095f3c,0x5b5b5b5b,0x5b5b5b5b,0x00000000
0x13095f4c,0x5b5b5b5b,0x5b5b5b5b,0x00000000
0x13095f50,0x5b5b5b5b,0x5b5b5b5b,0x00000000
0x13095f54,0x5b5b5b5b,0x5b5b5b5b,0x00000000
0x13095f58,0x5b5b5b5b,0x5b5b5b5b,0x00000000
0x13095f5c,0x5b5b5b5b,0x5b5b5b5b,0x00000000
0x13095f6c,0x5b5b5b5b,0x5b5b5b5b,0x00000000
0x13095f70,0x5b5b5b5b,0x5b5b5b5b,0x00000000
0x13095f74,0x5b5b5b5b,0x5b5b5b5b,0x00000000
0x13095f78,0x5b5b5b5b,0x5b5b5b5b,0x00000000
0x13095f7c,0x5b5b5b5b,0x5b5b5b5b,0x00000000
0x13095f88,0x5b5b5b5b,0x5b5b5b5b,0x00000000
0x13095f8c,0x5b5b5b5b,0x5b5b5b5b,0x00000000
0x13095f90,0x5b5b5b5b,0x5b5b5b5b,0x00000000
0x13095f94,0x5b5b5b5b,0x5b5b5b5b,0x00000000
0x13095f98,0x5b5b5b5b,0x5b5b5b5b,0x00000000
0x13095f9c,0x5b5b5b5b,0x5b5b5b5b,0x00000000
0x13095fa8,0x5b5b5b5b,0x5b5b5b5b,0x00000000
0x13095fac,0x5b5b5b5b,0x5b5b5b5b,0x00000000
0x13095fb0,0x5b5b5b5b,0x5b5b5b5b,0x00000000
0x13095fb4,0x5b5b5b5b,0x5b5b5b5b,0x00000000
0x13095fb8,0x5b5b5b5b,0x5b5b5b5b,0x00000000
0x13095fbc,0x5b5b5b5b,0x5b5b5b5b,0x00000000
0x13095fc8,0x5b5b5b5b,0x5b5b5b5b,0x00000000
0x13095fd0,0x5b5b5b5b,0x5b5b5b5b,0x00000000
0x13095fd4,0x5b5b5b5b,0x5b5b5b5b,0x00000000
0x13095fd8,0x5b5b5b5b,0x5b5b5b5b,0x00000000
0x13095fdc,0x5b5b5b5b,0x5b5b5b5b,0x00000000
0x13095fec,0x5b5b5b5b,0x5b5b5b5b,0x00000000
0x13095ff0,0x5b5b5b5b,0x5b5b5b5b,0x00000000
0x13095ff4,0x5b5b5b5b,0x5b5b5b5b,0x00000000
0x13095ff8,0x5b5b5b5b,0x5b5b5b5b,0x00000000
0x13095ffc,0x5b5b5b5b,0x5b5b5b5b,0x00000000
0x1309600c,0x5b5b5b5b,0x5b5b5b5b,0x00000000
0x13096010,0x5b5b5b5b,0x5b5b5b5b,0x00000000
0x13096014,0x5b5b5b5b,0x5b5b5b5b,0x00000000
0x13096018,0x5b5b5b5b,0x5b5b5b5b,0x00000000
0x1309601c,0x5b5b5b5b,0x5b5b5b5b,0x00000000
0x13096028,0x5b5b5b5b,0x5b5b5b5b,0x00000000
0x1309602c,0x5b5b5b5b,0x5b5b5b5b,0x00000000
0x13096030,0x5b5b5b5b,0x5b5b5b5b,0x00000000
0x13096034,0x5b5b5b5b,0x5b5b5b5b,0x00000000
0x13096038,0x5b5b5b5b,0x5b5b5b5b,0x00000000
0x1309603c,0x5b5b5b5b,0x5b5b5b5b,0x00000000
0x13096048,0x5b5b5b5b,0x5b5b5b5b,0x00000000
0x1309604c,0x5b5b5b5b,0x5b5b5b5b,0x00000000
0x13096050,0x5b5b5b5b,0x5b5b5b5b,0x00000000
0x13096054,0x5b5b5b5b,0x5b5b5b5b,0x00000000
0x13096058,0x5b5b5b5b,0x5b5b5b5b,0x00000000
0x1309605c,0x5b5b5b5b,0x5b5b5b5b,0x00000000
0x13096068,0x5b5b5b5b,0x5b5b5b5b,0x00000000
0x1309606c,0x5b5b5b5b,0x5b5b5b5b,0x00000000
0x13096070,0x5b5b5b5b,0x5b5b5b5b,0x00000000
0x13096074,0x5b5b5b5b,0x5b5b5b5b,0x00000000
0x13096078,0x5b5b5b5b,0x5b5b5b5b,0x00000000
0x1309607c,0x5b5b5b5b,0x5b5b5b5b,0x00000000
0x13096088,0x5b5b5b5b,0x5b5b5b5b,0x00000000
0x1309608c,0x5b5b5b5b,0x5b5b5b5b,0x00000000
0x13096090,0x5b5b5b5b,0x5b5b5b5b,0x00000000
0x13096094,0x5b5b5b5b,0x5b5b5b5b,0x00000000
0x13096098,0x5b5b5b5b,0x5b5b5b5b,0x00000000
0x1309609c,0x5b5b5b5b,0x5b5b5b5b,0x00000000
0x130960a8,0x5b5b5b5b,0x5b5b5b5b,0x00000000
0x130960ac,0x5b5b5b5b,0x5b5b5b5b,0x00000000
0x130960b0,0x5b5b5b5b,0x5b5b5b5b,0x00000000
0x130960b4,0x5b5b5b5b,0x5b5b5b5b,0x00000000
0x130960b8,0x5b5b5b5b,0x5b5b5b5b,0x00000000
0x130960bc,0x5b5b5b5b,0x5b5b5b5b,0x00000000
0x130960cc,0x5b5b5b5b,0x5b5b5b5b,0x00000000
0x130960d0,0x5b5b5b5b,0x5b5b5b5b,0x00000000
0x130960d4,0x5b5b5b5b,0x5b5b5b5b,0x00000000
0x130960d8,0x5b5b5b5b,0x5b5b5b5b,0x00000000
0x130960dc,0x5b5b5b5b,0x5b5b5b5b,0x00000000
0x130960ec,0x5b5b5b5b,0x5b5b5b5b,0x00000000
0x130960f0,0x5b5b5b5b,0x5b5b5b5b,0x00000000
0x130960f4,0x5b5b5b5b,0x5b5b5b5b,0x00000000
0x130960f8,0x5b5b5b5b,0x5b5b5b5b,0x00000000
0x130960fc,0x5b5b5b5b,0x5b5b5b5b,0x00000000
0x13096108,0x5b5b5b5b,0x5b5b5b5b,0x00000000
0x1309610c,0x5b5b5b5b,0x5b5b5b5b,0x00000000
0x13096110,0x5b5b5b5b,0x5b5b5b5b,0x00000000
0x13096114,0x5b5b5b5b,0x5b5b5b5b,0x00000000
0x13096118,0x5b5b5b5b,0x5b5b5b5b,0x00000000
0x1309611c,0x5b5b5b5b,0x5b5b5b5b,0x00000000
0x13096120,0x5b5b5b5b,0x5b5b5b5b,0x00000000
0x13096124,0x5b5b5b5b,0x5b5b5b5b,0x00000000
0x13096128,0x5b5b5b5b,0x5b5b5b5b,0x00000000
0x1309612c,0x5b5b5b5b,0x5b5b5b5b,0x00000000
0x13096130,0x5b5b5b5b,0x5b5b5b5b,0x00000000
0x13096134,0x5b5b5b5b,0x5b5b5b5b,0x00000000
0x13096138,0x5b5b5b5b,0x5b5b5b5b,0x00000000
0x1309613c,0x5b5b5b5b,0x5b5b5b5b,0x00000000
0x13096148,0x5b5b5b5b,0x5b5b5b5b,0x00000000
0x1309614c,0x5b5b5b5b,0x5b5b5b5b,0x00000000
0x13096150,0x5b5b5b5b,0x5b5b5b5b,0x00000000
0x13096154,0x5b5b5b5b,0x5b5b5b5b,0x00000000
0x13096158,0x5b5b5b5b,0x5b5b5b5b,0x00000000
0x1309615c,0x5b5b5b5b,0x5b5b5b5b,0x00000000
0x13096168,0x5b5b5b5b,0x5b5b5b5b,0x00000000
0x13096170,0x5b5b5b5b,0x5b5b5b5b,0x00000000
0x13096174,0x5b5b5b5b,0x5b5b5b5b,0x00000000
0x13096178,0x5b5b5b5b,0x5b5b5b5b,0x00000000
0x1309617c,0x5b5b5b5b,0x5b5b5b5b,0x00000000
0x13096190,0x5b5b5b5b,0x5b5b5b5b,0x00000000
0x13096194,0x5b5b5b5b,0x5b5b5b5b,0x00000000
0x13096198,0x5b5b5b5b,0x5b5b5b5b,0x00000000
0x1309619c,0x5b5b5b5b,0x5b5b5b5b,0x00000000
0x130961ac,0x5b5b5b5b,0x5b5b5b5b,0x00000000
0x130961b0,0x5b5b5b5b,0x5b5b5b5b,0x00000000
0x130961b4,0x5b5b5b5b,0x5b5b5b5b,0x00000000
0x130961b8,0x5b5b5b5b,0x5b5b5b5b,0x00000000
0x130961bc,0x5b5b5b5b,0x5b5b5b5b,0x00000000
0x130961cc,0x5b5b5b5b,0x5b5b5b5b,0x00000000
0x130961d0,0x5b5b5b5b,0x5b5b5b5b,0x00000000
0x130961d4,0x5b5b5b5b,0x5b5b5b5b,0x00000000
0x130961d8,0x5b5b5b5b,0x5b5b5b5b,0x00000000
0x130961dc,0x5b5b5b5b,0x5b5b5b5b,0x00000000
0x130961e0,0x5b5b5b5b,0x5b5b5b5b,0x00000000
0x130961e4,0x5b5b5b5b,0x5b5b5b5b,0x00000000
0x130961e8,0x5b5b5b5b,0x5b5b5b5b,0x00000000
0x130961ec,0x5b5b5b5b,0x5b5b5b5b,0x00000000
0x130961f0,0x5b5b5b5b,0x5b5b5b5b,0x00000000
0x130961f4,0x5b5b5b5b,0x5b5b5b5b,0x00000000
0x130961f8,0x5b5b5b5b,0x5b5b5b5b,0x00000000
0x130961fc,0x5b5b5b5b,0x5b5b5b5b,0x00000000
0x13096208,0x5b5b5b5b,0x5b5b5b5b,0x00000000
0x1309620c,0x5b5b5b5b,0x5b5b5b5b,0x00000000
0x13096210,0x5b5b5b5b,0x5b5b5b5b,0x00000000
0x13096214,0x5b5b5b5b,0x5b5b5b5b,0x00000000
0x13096218,0x5b5b5b5b,0x5b5b5b5b,0x00000000
0x1309621c,0x5b5b5b5b,0x5b5b5b5b,0x00000000
0x1309622c,0x5b5b5b5b,0x5b5b5b5b,0x00000000
0x13096230,0x5b5b5b5b,0x5b5b5b5b,0x00000000
0x13096234,0x5b5b5b5b,0x5b5b5b5b,0x00000000
0x13096238,0x5b5b5b5b,0x5b5b5b5b,0x00000000
0x1309623c,0x5b5b5b5b,0x5b5b5b5b,0x00000000
0x13096248,0x5b5b5b5b,0x5b5b5b5b,0x00000000
0x1309624c,0x5b5b5b5b,0x5b5b5b5b,0x00000000
0x13096250,0x5b5b5b5b,0x5b5b5b5b,0x00000000
0x13096254,0x5b5b5b5b,0x5b5b5b5b,0x00000000
0x13096258,0x5b5b5b5b,0x5b5b5b5b,0x00000000
0x1309625c,0x5b5b5b5b,0x5b5b5b5b,0x00000000
0x1309626c,0x5b5b5b5b,0x5b5b5b5b,0x00000000
0x13096270,0x5b5b5b5b,0x5b5b5b5b,0x00000000
0x13096274,0x5b5b5b5b,0x5b5b5b5b,0x00000000
0x13096278,0x5b5b5b5b,0x5b5b5b5b,0x00000000
0x1309627c,0x5b5b5b5b,0x5b5b5b5b,0x00000000
0x13096280,0x5b5b5b5b,0x5b5b5b5b,0x00000000
0x13096284,0x5b5b5b5b,0x5b5b5b5b,0x00000000
0x13096288,0x5b5b5b5b,0x5b5b5b5b,0x00000000
0x1309628c,0x5b5b5b5b,0x5b5b5b5b,0x00000000
0x13096290,0x5b5b5b5b,0x5b5b5b5b,0x00000000
0x13096294,0x5b5b5b5b,0x5b5b5b5b,0x00000000
0x13096298,0x5b5b5b5b,0x5b5b5b5b,0x00000000
0x1309629c,0x5b5b5b5b,0x5b5b5b5b,0x00000000
0x130962a8,0x5b5b5b5b,0x5b5b5b5b,0x00000000
0x130962ac,0x5b5b5b5b,0x5b5b5b5b,0x00000000
0x130962b0,0x5b5b5b5b,0x5b5b5b5b,0x00000000
0x130962b4,0x5b5b5b5b,0x5b5b5b5b,0x00000000
0x130962b8,0x5b5b5b5b,0x5b5b5b5b,0x00000000
0x130962bc,0x5b5b5b5b,0x5b5b5b5b,0x00000000
0x130962cc,0x5b5b5b5b,0x5b5b5b5b,0x00000000
0x130962d0,0x5b5b5b5b,0x5b5b5b5b,0x00000000
0x130962d4,0x5b5b5b5b,0x5b5b5b5b,0x00000000
0x130962d8,0x5b5b5b5b,0x5b5b5b5b,0x00000000
0x130962dc,0x5b5b5b5b,0x5b5b5b5b,0x00000000
0x130962ec,0x5b5b5b5b,0x5b5b5b5b,0x00000000
0x130962f0,0x5b5b5b5b,0x5b5b5b5b,0x00000000
0x130962f4,0x5b5b5b5b,0x5b5b5b5b,0x00000000
0x130962f8,0x5b5b5b5b,0x5b5b5b5b,0x00000000
0x130962fc,0x5b5b5b5b,0x5b5b5b5b,0x00000000
0x13096308,0x5b5b5b5b,0x5b5b5b5b,0x00000000
0x1309630c,0x5b5b5b5b,0x5b5b5b5b,0x00000000
0x13096310,0x5b5b5b5b,0x5b5b5b5b,0x00000000
0x13096314,0x5b5b5b5b,0x5b5b5b5b,0x00000000
0x13096318,0x5b5b5b5b,0x5b5b5b5b,0x00000000
0x1309631c,0x5b5b5b5b,0x5b5b5b5b,0x00000000
0x13096328,0x5b5b5b5b,0x5b5b5b5b,0x00000000
0x1309632c,0x5b5b5b5b,0x5b5b5b5b,0x00000000
0x13096330,0x5b5b5b5b,0x5b5b5b5b,0x00000000
0x13096334,0x5b5b5b5b,0x5b5b5b5b,0x00000000
0x13096338,0x5b5b5b5b,0x5b5b5b5b,0x00000000
0x1309633c,0x5b5b5b5b,0x5b5b5b5b,0x00000000
0x13096348,0x5b5b5b5b,0x5b5b5b5b,0x00000000
0x1309634c,0x5b5b5b5b,0x5b5b5b5b,0x00000000
0x13096350,0x5b5b5b5b,0x5b5b5b5b,0x00000000
0x13096354,0x5b5b5b5b,0x5b5b5b5b,0x00000000
0x13096358,0x5b5b5b5b,0x5b5b5b5b,0x00000000
0x1309635c,0x5b5b5b5b,0x5b5b5b5b,0x00000000
0x13096370,0x5b5b5b5b,0x5b5b5b5b,0x00000000
0x13096374,0x5b5b5b5b,0x5b5b5b5b,0x00000000
0x13096378,0x5b5b5b5b,0x5b5b5b5b,0x00000000
0x1309637c,0x5b5b5b5b,0x5b5b5b5b,0x00000000
0x13096388,0x5b5b5b5b,0x5b5b5b5b,0x00000000
0x13096390,0x5b5b5b5b,0x5b5b5b5b,0x00000000
0x13096394,0x5b5b5b5b,0x5b5b5b5b,0x00000000
0x13096398,0x5b5b5b5b,0x5b5b5b5b,0x00000000
0x1309639c,0x5b5b5b5b,0x5b5b5b5b,0x00000000
0x130963a8,0x5b5b5b5b,0x5b5b5b5b,0x00000000
0x130963b0,0x5b5b5b5b,0x5b5b5b5b,0x00000000
0x130963b4,0x5b5b5b5b,0x5b5b5b5b,0x00000000
0x130963b8,0x5b5b5b5b,0x5b5b5b5b,0x00000000
0x130963bc,0x5b5b5b5b,0x5b5b5b5b,0x00000000
0x130963cc,0x5b5b5b5b,0x5b5b5b5b,0x00000000
0x130963d0,0x5b5b5b5b,0x5b5b5b5b,0x00000000
0x130963d4,0x5b5b5b5b,0x5b5b5b5b,0x00000000
0x130963d8,0x5b5b5b5b,0x5b5b5b5b,0x00000000
0x130963dc,0x5b5b5b5b,0x5b5b5b5b,0x00000000
0x130963e8,0x5b5b5b5b,0x5b5b5b5b,0x00000000
0x130963ec,0x5b5b5b5b,0x5b5b5b5b,0x00000000
0x130963f0,0x5b5b5b5b,0x5b5b5b5b,0x00000000
0x130963f4,0x5b5b5b5b,0x5b5b5b5b,0x00000000
0x130963f8,0x5b5b5b5b,0x5b5b5b5b,0x00000000
0x130963fc,0x5b5b5b5b,0x5b5b5b5b,0x00000000
0x13096408,0x5b5b5b5b,0x5b5b5b5b,0x00000000
0x1309640c,0x5b5b5b5b,0x5b5b5b5b,0x00000000
0x13096410,0x5b5b5b5b,0x5b5b5b5b,0x00000000
0x13096414,0x5b5b5b5b,0x5b5b5b5b,0x00000000
0x13096418,0x5b5b5b5b,0x5b5b5b5b,0x00000000
0x1309641c,0x5b5b5b5b,0x5b5b5b5b,0x00000000
0x13096428,0x5b5b5b5b,0x5b5b5b5b,0x00000000
0x1309642c,0x5b5b5b5b,0x5b5b5b5b,0x00000000
0x13096430,0x5b5b5b5b,0x5b5b5b5b,0x00000000
0x13096434,0x5b5b5b5b,0x5b5b5b5b,0x00000000
0x13096438,0x5b5b5b5b,0x5b5b5b5b,0x00000000
0x1309643c,0x5b5b5b5b,0x5b5b5b5b,0x00000000
0x13096448,0x5b5b5b5b,0x5b5b5b5b,0x00000000
0x1309644c,0x5b5b5b5b,0x5b5b5b5b,0x00000000
0x13096450,0x5b5b5b5b,0x5b5b5b5b,0x00000000
0x13096454,0x5b5b5b5b,0x5b5b5b5b,0x00000000
0x13096458,0x5b5b5b5b,0x5b5b5b5b,0x00000000
0x1309645c,0x5b5b5b5b,0x5b5b5b5b,0x00000000
0x1309646c,0x5b5b5b5b,0x5b5b5b5b,0x00000000
0x13096470,0x5b5b5b5b,0x5b5b5b5b,0x00000000
0x13096474,0x5b5b5b5b,0x5b5b5b5b,0x00000000
0x13096478,0x5b5b5b5b,0x5b5b5b5b,0x00000000
0x1309647c,0x5b5b5b5b,0x5b5b5b5b,0x00000000
0x13096488,0x5b5b5b5b,0x5b5b5b5b,0x00000000
0x13096490,0x5b5b5b5b,0x5b5b5b5b,0x00000000
0x13096494,0x5b5b5b5b,0x5b5b5b5b,0x00000000
0x13096498,0x5b5b5b5b,0x5b5b5b5b,0x00000000
0x1309649c,0x5b5b5b5b,0x5b5b5b5b,0x00000000
0x130964a8,0x5b5b5b5b,0x5b5b5b5b,0x00000000
0x130964ac,0x5b5b5b5b,0x5b5b5b5b,0x00000000
0x130964b0,0x5b5b5b5b,0x5b5b5b5b,0x00000000
0x130964b4,0x5b5b5b5b,0x5b5b5b5b,0x00000000
0x130964b8,0x5b5b5b5b,0x5b5b5b5b,0x00000000
0x130964bc,0x5b5b5b5b,0x5b5b5b5b,0x00000000
0x130964c8,0x5b5b5b5b,0x5b5b5b5b,0x00000000
0x130964cc,0x5b5b5b5b,0x5b5b5b5b,0x00000000
0x130964d0,0x5b5b5b5b,0x5b5b5b5b,0x00000000
0x130964d4,0x5b5b5b5b,0x5b5b5b5b,0x00000000
0x130964d8,0x5b5b5b5b,0x5b5b5b5b,0x00000000
0x130964dc,0x5b5b5b5b,0x5b5b5b5b,0x00000000
0x130964e0,0x5b5b5b5b,0x5b5b5b5b,0x00000000
0x130964f4,0x5b5b5b5b,0x5b5b5b5b,0x00000000
0x130964f8,0x5b5b5b5b,0x5b5b5b5b,0x00000000
0x130964fc,0x5b5b5b5b,0x5b5b5b5b,0x00000000
0x13096508,0x5b5b5b5b,0x5b5b5b5b,0x00000000
0x13096510,0x5b5b5b5b,0x5b5b5b5b,0x00000000
0x13096514,0x5b5b5b5b,0x5b5b5b5b,0x00000000
0x1309652c,0x5b5b5b5b,0x5b5b5b5b,0x00000000
0x13096530,0x5b5b5b5b,0x5b5b5b5b,0x00000000
0x13096534,0x5b5b5b5b,0x5b5b5b5b,0x00000000
0x13096538,0x5b5b5b5b,0x5b5b5b5b,0x00000000
0x1309653c,0x5b5b5b5b,0x5b5b5b5b,0x00000000
0x1309654c,0x5b5b5b5b,0x5b5b5b5b,0x00000000
0x13096550,0x5b5b5b5b,0x5b5b5b5b,0x00000000
0x13096554,0x5b5b5b5b,0x5b5b5b5b,0x00000000
0x13096560,0x5b5b5b5b,0x5b5b5b5b,0x00000000
0x13096564,0x5b5b5b5b,0x5b5b5b5b,0x00000000
0x13096568,0x5b5b5b5b,0x5b5b5b5b,0x00000000
0x13096570,0x5b5b5b5b,0x5b5b5b5b,0x00000000
0x13096574,0x5b5b5b5b,0x5b5b5b5b,0x00000000
0x13096578,0x5b5b5b5b,0x5b5b5b5b,0x00000000
0x13096588,0x5b5b5b5b,0x5b5b5b5b,0x00000000
0x1309658c,0x5b5b5b5b,0x5b5b5b5b,0x00000000
0x13096590,0x5b5b5b5b,0x5b5b5b5b,0x00000000
0x13096594,0x5b5b5b5b,0x5b5b5b5b,0x00000000
0x13096598,0x5b5b5b5b,0x5b5b5b5b,0x00000000
0x1309659c,0x5b5b5b5b,0x5b5b5b5b,0x00000000
0x1309676c,0x5b5b5b5b,0x5b5b5b5b,0x00000000
0x13096770,0x5b5b5b5b,0x5b5b5b5b,0x00000000
0x13096774,0x5b5b5b5b,0x5b5b5b5b,0x00000000
0x1309678c,0x5b5b5b5b,0x5b5b5b5b,0x00000000
0x13096790,0x5b5b5b5b,0x5b5b5b5b,0x00000000
0x13096794,0x5b5b5b5b,0x5b5b5b5b,0x00000000
0x130967ac,0x5b5b5b5b,0x5b5b5b5b,0x00000000
0x130967b0,0x5b5b5b5b,0x5b5b5b5b,0x00000000
0x130967b4,0x5b5b5b5b,0x5b5b5b5b,0x00000000
0x130967b8,0x5b5b5b5b,0x5b5b5b5b,0x00000000
0x130967bc,0x5b5b5b5b,0x5b5b5b5b,0x00000000
0x130967c0,0x5b5b5b5b,0x5b5b5b5b,0x00000000
0x130967c4,0x5b5b5b5b,0x5b5b5b5b,0x00000000
0x130967c8,0x5b5b5b5b,0x5b5b5b5b,0x00000000
0x130967cc,0x5b5b5b5b,0x5b5b5b5b,0x00000000
0x130967d0,0x5b5b5b5b,0x5b5b5b5b,0x00000000
0x130967d4,0x5b5b5b5b,0x5b5b5b5b,0x00000000
0x130967e8,0x5b5b5b5b,0x5b5b5b5b,0x00000000
0x130967ec,0x5b5b5b5b,0x5b5b5b5b,0x00000000
0x130967f0,0x5b5b5b5b,0x5b5b5b5b,0x00000000
0x130967f4,0x5b5b5b5b,0x5b5b5b5b,0x00000000
0x13096808,0x5b5b5b5b,0x5b5b5b5b,0x00000000
0x1309680c,0x5b5b5b5b,0x5b5b5b5b,0x00000000
0x13096810,0x5b5b5b5b,0x5b5b5b5b,0x00000000
0x13096814,0x5b5b5b5b,0x5b5b5b5b,0x00000000
0x13096818,0x5b5b5b5b,0x5b5b5b5b,0x00000000
0x1309681c,0x5b5b5b5b,0x5b5b5b5b,0x00000000
0x13096828,0x5b5b5b5b,0x5b5b5b5b,0x00000000
0x1309682c,0x5b5b5b5b,0x5b5b5b5b,0x00000000
0x13096830,0x5b5b5b5b,0x5b5b5b5b,0x00000000
0x13096834,0x5b5b5b5b,0x5b5b5b5b,0x00000000
0x13096894,0x5b5b5b5b,0x5b5b5b5b,0x00000000
0x130968b4,0x5b5b5b5b,0x5b5b5b5b,0x00000000
0x130968d4,0x5b5b5b5b,0x5b5b5b5b,0x00000000
0x130968f4,0x5b5b5b5b,0x5b5b5b5b,0x00000000
0x13096914,0x5b5b5b5b,0x5b5b5b5b,0x00000000
0x13096934,0x5b5b5b5b,0x5b5b5b5b,0x00000000
0x13096954,0x5b5b5b5b,0x5b5b5b5b,0x00000000
0x13096974,0x5b5b5b5b,0x5b5b5b5b,0x00000000
0x13096994,0x5b5b5b5b,0x5b5b5b5b,0x00000000
0x130969b4,0x5b5b5b5b,0x5b5b5b5b,0x00000000
0x130969d4,0x5b5b5b5b,0x5b5b5b5b,0x00000000
0x130969f4,0x5b5b5b5b,0x5b5b5b5b,0x00000000
0x13096a14,0x5b5b5b5b,0x5b5b5b5b,0x00000000
0x13096a34,0x5b5b5b5b,0x5b5b5b5b,0x00000000
0x13096a54,0x5b5b5b5b,0x5b5b5b5b,0x00000000
0x13096a74,0x5b5b5b5b,0x5b5b5b5b,0x00000000
0x13096a94,0x5b5b5b5b,0x5b5b5b5b,0x00000000
0x13096ab4,0x5b5b5b5b,0x5b5b5b5b,0x00000000
0x13096ad4,0x5b5b5b5b,0x5b5b5b5b,0x00000000
0x13096af4,0x5b5b5b5b,0x5b5b5b5b,0x00000000
0x13096b14,0x5b5b5b5b,0x5b5b5b5b,0x00000000
0x13096b34,0x5b5b5b5b,0x5b5b5b5b,0x00000000
0x13096b54,0x5b5b5b5b,0x5b5b5b5b,0x00000000
0x13096b7c,0x5b5b5b5b,0x5b5b5b5b,0x00000000
0x13096b80,0x5b5b5b5b,0x5b5b5b5b,0x00000000
0x13096b84,0x5b5b5b5b,0x5b5b5b5b,0x00000000
0x13096b88,0x5b5b5b5b,0x5b5b5b5b,0x00000000
0x13096b8c,0x5b5b5b5b,0x5b5b5b5b,0x00000000
0x13096b98,0x5b5b5b5b,0x5b5b5b5b,0x00000000
0x13096b9c,0x5b5b5b5b,0x5b5b5b5b,0x00000000
0x13096ba8,0x5b5b5b5b,0x5b5b5b5b,0x00000000
0x13096bac,0x5b5b5b5b,0x5b5b5b5b,0x00000000
0x13096bb8,0x5b5b5b5b,0x5b5b5b5b,0x00000000
0x13096bbc,0x5b5b5b5b,0x5b5b5b5b,0x00000000
0x13096bcc,0x5b5b5b5b,0x5b5b5b5b,0x00000000
0x13096bdc,0x5b5b5b5b,0x5b5b5b5b,0x00000000
0x13096be8,0x5b5b5b5b,0x5b5b5b5b,0x00000000
0x13096bec,0x5b5b5b5b,0x5b5b5b5b,0x00000000
0x13096bf0,0x5b5b5b5b,0x5b5b5b5b,0x00000000
0x13096bf4,0x5b5b5b5b,0x5b5b5b5b,0x00000000
0x13096bf8,0x5b5b5b5b,0x5b5b5b5b,0x00000000
0x13096bfc,0x5b5b5b5b,0x5b5b5b5b,0x00000000
0x13096c0c,0x5b5b5b5b,0x5b5b5b5b,0x00000000
0x13096c1c,0x5b5b5b5b,0x5b5b5b5b,0x00000000
0x13096c20,0x5b5b5b5b,0x5b5b5b5b,0x00000000
0x13096c24,0x5b5b5b5b,0x5b5b5b5b,0x00000000
0x13096c28,0x5b5b5b5b,0x5b5b5b5b,0x00000000
0x13096c2c,0x5b5b5b5b,0x5b5b5b5b,0x00000000
0x13096c38,0x5b5b5b5b,0x5b5b5b5b,0x00000000
0x13096c3c,0x5b5b5b5b,0x5b5b5b5b,0x00000000
0x13096c4c,0x5b5b5b5b,0x5b5b5b5b,0x00000000
0x13096c58,0x5b5b5b5b,0x5b5b5b5b,0x00000000
0x13096c60,0x5b5b5b5b,0x5b5b5b5b,0x00000000
0x13096c64,0x5b5b5b5b,0x5b5b5b5b,0x00000000
0x13096c68,0x5b5b5b5b,0x5b5b5b5b,0x00000000
0x13096c6c,0x5b5b5b5b,0x5b5b5b5b,0x00000000
0x13096c78,0x5b5b5b5b,0x5b5b5b5b,0x00000000
0x13096c88,0x5b5b5b5b,0x5b5b5b5b,0x00000000
0x13096c8c,0x5b5b5b5b,0x5b5b5b5b,0x00000000
0x13096c9c,0x5b5b5b5b,0x5b5b5b5b,0x00000000
0x13096cac,0x5b5b5b5b,0x5b5b5b5b,0x00000000
0x13096cb0,0x5b5b5b5b,0x5b5b5b5b,0x00000000
0x13096cb4,0x5b5b5b5b,0x5b5b5b5b,0x00000000
0x13096cb8,0x5b5b5b5b,0x5b5b5b5b,0x00000000
0x13096cbc,0x5b5b5b5b,0x5b5b5b5b,0x00000000
0x13096ccc,0x5b5b5b5b,0x5b5b5b5b,0x00000000
0x13096cdc,0x5b5b5b5b,0x5b5b5b5b,0x00000000
0x13096cec,0x5b5b5b5b,0x5b5b5b5b,0x00000000
0x13096cf8,0x5b5b5b5b,0x5b5b5b5b,0x00000000
0x13096cfc,0x5b5b5b5b,0x5b5b5b5b,0x00000000
0x13096d0c,0x5b5b5b5b,0x5b5b5b5b,0x00000000
0x13096d10,0x5b5b5b5b,0x5b5b5b5b,0x00000000
0x13096d14,0x5b5b5b5b,0x5b5b5b5b,0x00000000
0x13096d18,0x5b5b5b5b,0x5b5b5b5b,0x00000000
0x13096d1c,0x5b5b5b5b,0x5b5b5b5b,0x00000000
0x13096d28,0x5b5b5b5b,0x5b5b5b5b,0x00000000
0x13096d2c,0x5b5b5b5b,0x5b5b5b5b,0x00000000
0x13096d3c,0x5b5b5b5b,0x5b5b5b5b,0x00000000
0x13096d48,0x5b5b5b5b,0x5b5b5b5b,0x00000000
0x13096d4c,0x5b5b5b5b,0x5b5b5b5b,0x00000000
0x13096d58,0x5b5b5b5b,0x5b5b5b5b,0x00000000
0x13096d5c,0x5b5b5b5b,0x5b5b5b5b,0x00000000
0x13096d68,0x5b5b5b5b,0x5b5b5b5b,0x00000000
0x13096d78,0x5b5b5b5b,0x5b5b5b5b,0x00000000
0x13096d8c,0x5b5b5b5b,0x5b5b5b5b,0x00000000
0x13096d90,0x5b5b5b5b,0x5b5b5b5b,0x00000000
0x13096d94,0x5b5b5b5b,0x5b5b5b5b,0x00000000
0x13096d98,0x5b5b5b5b,0x5b5b5b5b,0x00000000
0x13096d9c,0x5b5b5b5b,0x5b5b5b5b,0x00000000
0x13096dac,0x5b5b5b5b,0x5b5b5b5b,0x00000000
0x13096dbc,0x5b5b5b5b,0x5b5b5b5b,0x00000000
0x13096dc8,0x5b5b5b5b,0x5b5b5b5b,0x00000000
0x13096dcc,0x5b5b5b5b,0x5b5b5b5b,0x00000000
0x13096dd8,0x5b5b5b5b,0x5b5b5b5b,0x00000000
0x13096ddc,0x5b5b5b5b,0x5b5b5b5b,0x00000000
0x13096de0,0x5b5b5b5b,0x5b5b5b5b,0x00000000
0x13096de4,0x5b5b5b5b,0x5b5b5b5b,0x00000000
0x13096de8,0x5b5b5b5b,0x5b5b5b5b,0x00000000
0x13096dec,0x5b5b5b5b,0x5b5b5b5b,0x00000000
0x13096df8,0x5b5b5b5b,0x5b5b5b5b,0x00000000
0x13096e08,0x5b5b5b5b,0x5b5b5b5b,0x00000000
0x13096e0c,0x5b5b5b5b,0x5b5b5b5b,0x00000000
0x13096e10,0x5b5b5b5b,0x5b5b5b5b,0x00000000
0x13096e14,0x5b5b5b5b,0x5b5b5b5b,0x00000000
0x13096e18,0x5b5b5b5b,0x5b5b5b5b,0x00000000
0x13096e1c,0x5b5b5b5b,0x5b5b5b5b,0x00000000
0x13096e28,0x5b5b5b5b,0x5b5b5b5b,0x00000000
0x13096e2c,0x5b5b5b5b,0x5b5b5b5b,0x00000000
0x13096e30,0x5b5b5b5b,0x5b5b5b5b,0x00000000
0x13097584,0x5b5b5b5b,0x5b5b5b5b,0x00000000
0x13098498,0x5b5b5b5b,0x5b5b5b5b,0x00000000
0x130985e8,0x5b5b5b5b,0x5b5b5b5b,0x00000000
0x13098f18,0x5b5b5b5b,0x5b5b5b5b,0x00000000
0x130990dc,0x5b5b5b5b,0x5b5b5b5b,0x00000000
0x1309915c,0x5b5b5b5b,0x5b5b5b5b,0x00000000
0x13099298,0x5b5b5b5b,0x5b5b5b5b,0x00000000
0x13099574,0x5b5b5b5b,0x5b5b5b5b,0x00000000
0x13099648,0x5b5b5b5b,0x5b5b5b5b,0x00000000
0x13099b74,0x5b5b5b5b,0x5b5b5b5b,0x00000000
0x13099b8c,0x5b5b5b5b,0x5b5b5b5b,0x00000000
0x13099e54,0x5b5b5b5b,0x5b5b5b5b,0x00000000
0x1309a380,0x5b5b5b5b,0x5b5b5b5b,0x00000000
0x1309a39c,0x5b5b5b5b,0x5b5b5b5b,0x00000000
0x1309a3ac,0x5b5b5b5b,0x5b5b5b5b,0x00000000
0x1309c7bc,0x5b5b5b5b,0x5b5b5b5b,0x00000000
0x1309c9dc,0x5b5b5b5b,0x5b5b5b5b,0x00000000
0x1309cda0,0x5b5b5b5b,0x5b5b5b5b,0x00000000
0x1309cebc,0x5b5b5b5b,0x5b5b5b5b,0x00000000
0x1309cf9c,0x5b5b5b5b,0x5b5b5b5b,0x00000000
0x1309d3b0,0x5b5b5b5b,0x5b5b5b5b,0x00000000
0x1309d6f8,0x5b5b5b5b,0x5b5b5b5b,0x00000000
0x1309dee8,0x5b5b5b5b,0x5b5b5b5b,0x00000000
0x1309dfa4,0x5b5b5b5b,0x5b5b5b5b,0x00000000
0x1309dfc4,0x5b5b5b5b,0x5b5b5b5b,0x00000000
0x1309dfe0,0x5b5b5b5b,0x5b5b5b5b,0x00000000
0x1309e000,0x5b5b5b5b,0x5b5b5b5b,0x00000000
0x1309e030,0x5b5b5b5b,0x5b5b5b5b,0x00000000
0x1309e034,0x5b5b5b5b,0x5b5b5b5b,0x00000000
0x1309e038,0x5b5b5b5b,0x5b5b5b5b,0x00000000
0x1309e03c,0x5b5b5b5b,0x5b5b5b5b,0x00000000
0x1309e09c,0x5b5b5b5b,0x5b5b5b5b,0x00000000
0x1309e0b0,0x5b5b5b5b,0x5b5b5b5b,0x00000000
0x1309e0e8,0x5b5b5b5b,0x5b5b5b5b,0x00000000
0x1309e0ec,0x5b5b5b5b,0x5b5b5b5b,0x00000000
0x1309e0f0,0x5b5b5b5b,0x5b5b5b5b,0x00000000
0x1309e0f4,0x5b5b5b5b,0x5b5b5b5b,0x00000000
0x1309e0f8,0x5b5b5b5b,0x5b5b5b5b,0x00000000
0x1309e0fc,0x5b5b5b5b,0x5b5b5b5b,0x00000000
0x1309e100,0x5b5b5b5b,0x5b5b5b5b,0x00000000
0x1309e104,0x5b5b5b5b,0x5b5b5b5b,0x00000000
0x1309e108,0x5b5b5b5b,0x5b5b5b5b,0x00000000
0x1309e10c,0x5b5b5b5b,0x5b5b5b5b,0x00000000
0x1309e110,0x5b5b5b5b,0x5b5b5b5b,0x00000000
0x1309e114,0x5b5b5b5b,0x5b5b5b5b,0x00000000
0x1309e118,0x5b5b5b5b,0x5b5b5b5b,0x00000000
0x1309e11c,0x5b5b5b5b,0x5b5b5b5b,0x00000000
0x1309e120,0x5b5b5b5b,0x5b5b5b5b,0x00000000
0x1309e124,0x5b5b5b5b,0x5b5b5b5b,0x00000000
0x1309e128,0x5b5b5b5b,0x5b5b5b5b,0x00000000
0x1309e12c,0x5b5b5b5b,0x5b5b5b5b,0x00000000
0x1309e130,0x5b5b5b5b,0x5b5b5b5b,0x00000000
0x1309e134,0x5b5b5b5b,0x5b5b5b5b,0x00000000
0x1309e138,0x5b5b5b5b,0x5b5b5b5b,0x00000000
0x1309e13c,0x5b5b5b5b,0x5b5b5b5b,0x00000000
0x1309e140,0x5b5b5b5b,0x5b5b5b5b,0x00000000
0x1309e144,0x5b5b5b5b,0x5b5b5b5b,0x00000000
0x1309e148,0x5b5b5b5b,0x5b5b5b5b,0x00000000
0x1309e14c,0x5b5b5b5b,0x5b5b5b5b,0x00000000
0x1309e150,0x5b5b5b5b,0x5b5b5b5b,0x00000000
0x1309e154,0x5b5b5b5b,0x5b5b5b5b,0x00000000
0x1309e158,0x5b5b5b5b,0x5b5b5b5b,0x00000000
0x1309e15c,0x5b5b5b5b,0x5b5b5b5b,0x00000000
0x1309e16c,0x5b5b5b5b,0x5b5b5b5b,0x00000000
0x1309e174,0x5b5b5b5b,0x5b5b5b5b,0x00000000
0x1309e178,0x5b5b5b5b,0x5b5b5b5b,0x00000000
0x1309e17c,0x5b5b5b5b,0x5b5b5b5b,0x00000000
0x1309e1a4,0x5b5b5b5b,0x5b5b5b5b,0x00000000
0x1309e1a8,0x5b5b5b5b,0x5b5b5b5b,0x00000000
0x1309e1ac,0x5b5b5b5b,0x5b5b5b5b,0x00000000
0x1309e1b4,0x5b5b5b5b,0x5b5b5b5b,0x00000000
0x1309e1b8,0x5b5b5b5b,0x5b5b5b5b,0x00000000
0x1309e1bc,0x5b5b5b5b,0x5b5b5b5b,0x00000000
0x1309e1d8,0x5b5b5b5b,0x5b5b5b5b,0x00000000
0x1309e1e8,0x5b5b5b5b,0x5b5b5b5b,0x00000000
0x1309e1ec,0x5b5b5b5b,0x5b5b5b5b,0x00000000
0x1309e1f0,0x5b5b5b5b,0x5b5b5b5b,0x00000000
0x1309e1f8,0x5b5b5b5b,0x5b5b5b5b,0x00000000
0x1309e1fc,0x5b5b5b5b,0x5b5b5b5b,0x00000000
0x1309e238,0x5b5b5b5b,0x5b5b5b5b,0x00000000
0x1309e250,0x5b5b5b5b,0x5b5b5b5b,0x00000000
0x1309e2bc,0x5b5b5b5b,0x5b5b5b5b,0x00000000
0x1309e2c0,0x5b5b5b5b,0x5b5b5b5b,0x00000000
0x1309e2c4,0x5b5b5b5b,0x5b5b5b5b,0x00000000
0x1309e2fc,0x5b5b5b5b,0x5b5b5b5b,0x00000000
0x1309e310,0x5b5b5b5b,0x5b5b5b5b,0x00000000
0x1309e3ac,0x5b5b5b5b,0x5b5b5b5b,0x00000000
0x1309e3cc,0x5b5b5b5b,0x5b5b5b5b,0x00000000
0x1309e3dc,0x5b5b5b5b,0x5b5b5b5b,0x00000000
0x1309e4cc,0x5b5b5b5b,0x5b5b5b5b,0x00000000
0x1309e594,0x5b5b5b5b,0x5b5b5b5b,0x00000000
0x1309e93c,0x5b5b5b5b,0x5b5b5b5b,0x00000000
0x1309e944,0x5b5b5b5b,0x5b5b5b5b,0x00000000
0x1309e948,0x5b5b5b5b,0x5b5b5b5b,0x00000000
0x1309e950,0x5b5b5b5b,0x5b5b5b5b,0x00000000
0x1309e9a8,0x5b5b5b5b,0x5b5b5b5b,0x00000000
0x1309e9ac,0x5b5b5b5b,0x5b5b5b5b,0x00000000
0x1309e9b0,0x5b5b5b5b,0x5b5b5b5b,0x00000000
0x1309e9b4,0x5b5b5b5b,0x5b5b5b5b,0x00000000
0x1309e9b8,0x5b5b5b5b,0x5b5b5b5b,0x00000000
0x1309e9bc,0x5b5b5b5b,0x5b5b5b5b,0x00000000
0x1309e9cc,0x5b5b5b5b,0x5b5b5b5b,0x00000000
0x1309e9d0,0x5b5b5b5b,0x5b5b5b5b,0x00000000
0x1309e9d4,0x5b5b5b5b,0x5b5b5b5b,0x00000000
0x1309e9d8,0x5b5b5b5b,0x5b5b5b5b,0x00000000
0x1309e9dc,0x5b5b5b5b,0x5b5b5b5b,0x00000000
0x1309e9ec,0x5b5b5b5b,0x5b5b5b5b,0x00000000
0x1309e9f0,0x5b5b5b5b,0x5b5b5b5b,0x00000000
0x1309e9f4,0x5b5b5b5b,0x5b5b5b5b,0x00000000
0x1309e9f8,0x5b5b5b5b,0x5b5b5b5b,0x00000000
0x1309e9fc,0x5b5b5b5b,0x5b5b5b5b,0x00000000
0x1309ea08,0x5b5b5b5b,0x5b5b5b5b,0x00000000
0x1309ea0c,0x5b5b5b5b,0x5b5b5b5b,0x00000000
0x1309ea10,0x5b5b5b5b,0x5b5b5b5b,0x00000000
0x1309ea14,0x5b5b5b5b,0x5b5b5b5b,0x00000000
0x1309ea18,0x5b5b5b5b,0x5b5b5b5b,0x00000000
0x1309ea1c,0x5b5b5b5b,0x5b5b5b5b,0x00000000
0x1309ea20,0x5b5b5b5b,0x5b5b5b5b,0x00000000
0x1309ea24,0x5b5b5b5b,0x5b5b5b5b,0x00000000
0x1309ea28,0x5b5b5b5b,0x5b5b5b5b,0x00000000
0x1309ea2c,0x5b5b5b5b,0x5b5b5b5b,0x00000000
0x1309ea30,0x5b5b5b5b,0x5b5b5b5b,0x00000000
0x1309ea34,0x5b5b5b5b,0x5b5b5b5b,0x00000000
0x1309ea38,0x5b5b5b5b,0x5b5b5b5b,0x00000000
0x1309ea3c,0x5b5b5b5b,0x5b5b5b5b,0x00000000
0x1309ea48,0x5b5b5b5b,0x5b5b5b5b,0x00000000
0x1309ea4c,0x5b5b5b5b,0x5b5b5b5b,0x00000000
0x1309ea50,0x5b5b5b5b,0x5b5b5b5b,0x00000000
0x1309ea54,0x5b5b5b5b,0x5b5b5b5b,0x00000000
0x1309ea58,0x5b5b5b5b,0x5b5b5b5b,0x00000000
0x1309ea5c,0x5b5b5b5b,0x5b5b5b5b,0x00000000
0x1309ea6c,0x5b5b5b5b,0x5b5b5b5b,0x00000000
0x1309ea74,0x5b5b5b5b,0x5b5b5b5b,0x00000000
0x1309ea78,0x5b5b5b5b,0x5b5b5b5b,0x00000000
0x1309ea7c,0x5b5b5b5b,0x5b5b5b5b,0x00000000
0x1309eaa8,0x5b5b5b5b,0x5b5b5b5b,0x00000000
0x1309eaac,0x5b5b5b5b,0x5b5b5b5b,0x00000000
0x1309eab4,0x5b5b5b5b,0x5b5b5b5b,0x00000000
0x1309eab8,0x5b5b5b5b,0x5b5b5b5b,0x00000000
0x1309eabc,0x5b5b5b5b,0x5b5b5b5b,0x00000000
0x1309fad4,0x5b5b5b5b,0x5b5b5b5b,0x00000000
0x1309fadc,0x5b5b5b5b,0x5b5b5b5b,0x00000000
0x1309faf4,0x5b5b5b5b,0x5b5b5b5b,0x00000000
0x1309fafc,0x5b5b5b5b,0x5b5b5b5b,0x00000000
0x1309fb14,0x5b5b5b5b,0x5b5b5b5b,0x00000000
0x1309fb1c,0x5b5b5b5b,0x5b5b5b5b,0x00000000
0x1309fb34,0x5b5b5b5b,0x5b5b5b5b,0x00000000
0x1309fb3c,0x5b5b5b5b,0x5b5b5b5b,0x00000000
0x1309fb54,0x5b5b5b5b,0x5b5b5b5b,0x00000000
0x1309fb5c,0x5b5b5b5b,0x5b5b5b5b,0x00000000
0x1309fb6c,0x5b5b5b5b,0x5b5b5b5b,0x00000000
0x1309fb74,0x5b5b5b5b,0x5b5b5b5b,0x00000000
0x1309fb7c,0x5b5b5b5b,0x5b5b5b5b,0x00000000
0x1309fb94,0x5b5b5b5b,0x5b5b5b5b,0x00000000
0x1309fccc,0x5b5b5b5b,0x5b5b5b5b,0x00000000
0x1309fcd4,0x5b5b5b5b,0x5b5b5b5b,0x00000000
0x1309fcec,0x5b5b5b5b,0x5b5b5b5b,0x00000000
0x1309fd0c,0x5b5b5b5b,0x5b5b5b5b,0x00000000
0x1309fd1c,0x5b5b5b5b,0x5b5b5b5b,0x00000000
0x1309fd2c,0x5b5b5b5b,0x5b5b5b5b,0x00000000
0x1309fd34,0x5b5b5b5b,0x5b5b5b5b,0x00000000
0x1309fd3c,0x5b5b5b5b,0x5b5b5b5b,0x00000000
0x1309fd4c,0x5b5b52a8,0x5b5b52a8,0x00000000
0x1309fd54,0x5b5b52a8,0x5b5b52a8,0x00000000
0x1309fd5c,0x5b5b52a8,0x5b5b52a8,0x00000000
0x1309fd74,0xa8a8a8a8,0xa8a8a8a8,0x00000000
0x1309fd7c,0xa8a8a8a8,0xa8a8a8a8,0x00000000
0x1309fd84,0x52525252,0x52525252,0x00000000
0x1309fd94,0xa8a8a8a8,0xa8a8a8a8,0x00000000
0x130a00c4,0x5b5b5b5b,0x5b5b5b5b,0x00000000
0x130a014c,0x5b5b5b5b,0x5b5b5b5b,0x00000000
0x130a0164,0x5b5b5b5b,0x5b5b5b5b,0x00000000
0x130a016c,0x5b5b5b5b,0x5b5b5b5b,0x00000000
0x130a0174,0x5b5b5b5b,0x5b5b5b5b,0x00000000
0x130a017c,0x5b5b5b5b,0x5b5b5b5b,0x00000000
0x130a0184,0x5b5b5b5b,0x5b5b5b5b,0x00000000
0x130a036c,0x5b5b5b5b,0x5b5b5b5b,0x00000000
0x130a0374,0x5b5b5b5b,0x5b5b5b5b,0x00000000
0x130a037c,0x5b5b5b5b,0x5b5b5b5b,0x00000000
0x130a0384,0x5b5b5b5b,0x5b5b5b5b,0x00000000
0x130a0fec,0xa8a8a8a8,0xa8a8a8a8,0x00000000
0x130a1004,0x5b5b5b5b,0x5b5b5b5b,0x00000000
0x130a100c,0x5b5b5b5b,0x5b5b5b5b,0x00000000
0x130a101c,0x5b5b5b5b,0x5b5b5b5b,0x00000000
0x130a110c,0x5b5b5b5b,0x5b5b5b5b,0x00000000
0x130a11d4,0x5b5b5b5b,0x5b5b5b5b,0x00000000
0x130a1330,0x5b5b5b5b,0x5b5b5b5b,0x00000000
0x130a157c,0xa8a8a8a8,0xa8a8a8a8,0x00000000
0x130a1588,0xa8a8a8a8,0xa8a8a8a8,0x00000000
0x130a1590,0xa8a8a8a8,0xa8a8a8a8,0x00000000
0x130a15dc,0xa8a8a8a8,0xa8a8a8a8,0x00000000
0x130a15e8,0xa8d4d4a8,0xa8d4d4a8,0x00000000
0x130a15ec,0xa8a8a8a8,0xa8a8a8a8,0x00000000
0x130a15f0,0xa828d4a8,0xa828d4a8,0x00000000
0x130a15f4,0xa8a8a8a8,0xa8a8a8a8,0x00000000
0x130a15f8,0xa828a8a8,0xa828a8a8,0x00000000
0x130a15fc,0xa8a8a8a8,0xa8a8a8a8,0x00000000
0x130a1600,0xa8a8a8a8,0xa8a8a8a8,0x00000000
0x130a1604,0xa8a8a8a8,0xa8a8a8a8,0x00000000
0x130a1608,0xa8a8a8a8,0xa8a8a8a8,0x00000000
0x130a160c,0xa8a8a8a8,0xa8a8a8a8,0x00000000
0x130a1610,0xa8a8a8a8,0xa8a8a8a8,0x00000000
0x130a1614,0xa8a8a8a8,0xa8a8a8a8,0x00000000
0x130a1618,0xa8a8a8a8,0xa8a8a8a8,0x00000000
0x130a161c,0xa8a8a8a8,0xa8a8a8a8,0x00000000
0x130a1628,0xa8a8a8a8,0xa8a8a8a8,0x00000000
0x130a162c,0xa8a8a8a8,0xa8a8a8a8,0x00000000
0x130a1630,0xa8a8a8a8,0xa8a8a8a8,0x00000000
0x130a1634,0xa8a8a8a8,0xa8a8a8a8,0x00000000
0x130a1638,0xa8a8a8a8,0xa8a8a8a8,0x00000000
0x130a163c,0xa8a8a8a8,0xa8a8a8a8,0x00000000
0x130a1648,0xa8a8a8a8,0xa8a8a8a8,0x00000000
0x130a164c,0xa8a8a8a8,0xa8a8a8a8,0x00000000
0x130a1650,0xa8a8a8a8,0xa8a8a8a8,0x00000000
0x130a1654,0xa8a8a8a8,0xa8a8a8a8,0x00000000
0x130a1658,0xa8a8a8a8,0xa8a8a8a8,0x00000000
0x130a165c,0xa8a8a8a8,0xa8a8a8a8,0x00000000
0x130a1668,0xa8a8a8a8,0xa8a8a8a8,0x00000000
0x130a166c,0xa8a8a8a8,0xa8a8a8a8,0x00000000
0x130a1670,0xa8a8a8a8,0xa8a8a8a8,0x00000000
0x130a1674,0xa8a8a8a8,0xa8a8a8a8,0x00000000
0x130a1678,0xa8a8a8a8,0xa8a8a8a8,0x00000000
0x130a167c,0xa8a8a8a8,0xa8a8a8a8,0x00000000
0x130a1688,0xa8a8a8a8,0xa8a8a8a8,0x00000000
0x130a168c,0xa8a8a8a8,0xa8a8a8a8,0x00000000
0x130a1690,0xa8a8a8a8,0xa8a8a8a8,0x00000000
0x130a1694,0xa8a8a8a8,0xa8a8a8a8,0x00000000
0x130a1698,0xa8a8a8a8,0xa8a8a8a8,0x00000000
0x130a169c,0xa8a8a8a8,0xa8a8a8a8,0x00000000
0x130a16ac,0xa8a8a8a8,0xa8a8a8a8,0x00000000
0x130a16b4,0xa8a8a8a8,0xa8a8a8a8,0x00000000
0x130a16b8,0xa8a8a8a8,0xa8a8a8a8,0x00000000
0x130a16bc,0xa8a8a8a8,0xa8a8a8a8,0x00000000
0x130a16ec,0xa8a8a8a8,0xa8a8a8a8,0x00000000
0x130a16f4,0xa8a8a8a8,0xa8a8a8a8,0x00000000
0x130a16f8,0xa8a8a8a8,0xa8a8a8a8,0x00000000
0x130a16fc,0xa8a8a8a8,0xa8a8a8a8,0x00000000
0x130a219c,0x5b5b5b5b,0x5b5b5b5b,0x00000000
0x130a21a4,0x5b5b5b5b,0x5b5b5b5b,0x00000000
0x130a21a8,0x5b5b5b5b,0x5b5b5b5b,0x00000000
0x130a21b0,0x5b5b5b5b,0x5b5b5b5b,0x00000000
0x130a21fc,0x5b5b5b5b,0x5b5b5b5b,0x00000000
0x130a2208,0x5b5b5b5b,0x5b5b5b5b,0x00000000
0x130a220c,0x5b5b5b5b,0x5b5b5b5b,0x00000000
0x130a2210,0x5b5b5b5b,0x5b5b5b5b,0x00000000
0x130a2214,0x5b5b5b5b,0x5b5b5b5b,0x00000000
0x130a2218,0x5b5b5b5b,0x5b5b5b5b,0x00000000
0x130a221c,0x5b5b5b5b,0x5b5b5b5b,0x00000000
0x130a222c,0x5b5b5b5b,0x5b5b5b5b,0x00000000
0x130a2230,0x5b5b5b5b,0x5b5b5b5b,0x00000000
0x130a2234,0x5b5b5b5b,0x5b5b5b5b,0x00000000
0x130a2238,0x5b5b5b5b,0x5b5b5b5b,0x00000000
0x130a223c,0x5b5b5b5b,0x5b5b5b5b,0x00000000
0x130a2240,0x5b5b5b5b,0x5b5b5b5b,0x00000000
0x130a2244,0x5b5b5b5b,0x5b5b5b5b,0x00000000
0x130a2248,0x5b5b5b5b,0x5b5b5b5b,0x00000000
0x130a224c,0x5b5b5b5b,0x5b5b5b5b,0x00000000
0x130a2250,0x5b5b5b5b,0x5b5b5b5b,0x00000000
0x130a2254,0x5b5b5b5b,0x5b5b5b5b,0x00000000
0x130a2258,0x5b5b5b5b,0x5b5b5b5b,0x00000000
0x130a225c,0x5b5b5b5b,0x5b5b5b5b,0x00000000
0x130a226c,0x5b5b5b5b,0x5b5b5b5b,0x00000000
0x130a2270,0x5b5b5b5b,0x5b5b5b5b,0x00000000
0x130a2274,0x5b5b5b5b,0x5b5b5b5b,0x00000000
0x130a2278,0x5b5b5b5b,0x5b5b5b5b,0x00000000
0x130a227c,0x5b5b5b5b,0x5b5b5b5b,0x00000000
0x130a2280,0x5b5b5b5b,0x5b5b5b5b,0x00000000
0x130a2284,0x5b5b5b5b,0x5b5b5b5b,0x00000000
0x130a2288,0x5b5b5b5b,0x5b5b5b5b,0x00000000
0x130a228c,0x5b5b5b5b,0x5b5b5b5b,0x00000000
0x130a2290,0x5b5b5b5b,0x5b5b5b5b,0x00000000
0x130a2294,0x5b5b5b5b,0x5b5b5b5b,0x00000000
0x130a2298,0x5b5b5b5b,0x5b5b5b5b,0x00000000
0x130a229c,0x5b5b5b5b,0x5b5b5b5b,0x00000000
0x130a22a8,0x5b5b5b5b,0x5b5b5b5b,0x00000000
0x130a22ac,0x5b5b5b5b,0x5b5b5b5b,0x00000000
0x130a22b0,0x5b5b5b5b,0x5b5b5b5b,0x00000000
0x130a22b4,0x5b5b5b5b,0x5b5b5b5b,0x00000000
0x130a22b8,0x5b5b5b5b,0x5b5b5b5b,0x00000000
0x130a22bc,0x5b5b5b5b,0x5b5b5b5b,0x00000000
0x130a22cc,0x5b5b5b5b,0x5b5b5b5b,0x00000000
0x130a22d4,0x5b5b5b5b,0x5b5b5b5b,0x00000000
0x130a22d8,0x5b5b5b5b,0x5b5b5b5b,0x00000000
0x130a22dc,0x5b5b5b5b,0x5b5b5b5b,0x00000000
0x130a230c,0x5b5b5b5b,0x5b5b5b5b,0x00000000
0x130a2314,0x5b5b5b5b,0x5b5b5b5b,0x00000000
0x130a2318,0x5b5b5b5b,0x5b5b5b5b,0x00000000
0x130a231c,0x5b5b5b5b,0x5b5b5b5b,0x00000000
0x130a4354,0x5b5b5b5b,0x5b5b5b5b,0x00000000
0x130a4358,0x5b5b5b5b,0x5b5b5b5b,0x00000000
0x130a435c,0x5b5b5b5b,0x5b5b5b5b,0x00000000
0x130a437c,0x5b5b5b5b,0x5b5b5b5b,0x00000000
0x130a5384,0xd19305fe,0xd19305fe,0x00000000
0x130a9c10,0xe3e3e3e3,0xe3e3e3e3,0x00000000
0x130a9c28,0xe3e3e3e3,0xe3e3e3e3,0x00000000
0x130aa0dc,0xfafacd31,0xfafacd31,0x00000000
0x130aa30c,0x8d8d8d8d,0x8d8d8d8d,0x00000000
0x130aa310,0xb8b8d8d8,0xb8b8d8d8,0x00000000
0x130aa324,0x02000000,0x02000000,0x00000000
0x130aa6d0,0xa8a8a8a8,0xa8a8a8a8,0x00000000
0x130aa6ec,0xa8a8a8a8,0xa8a8a8a8,0x00000000
0x130aacb4,0x19191919,0x19191919,0x00000000
0x130ab288,0xa7a7a7a7,0xa7a7a7a7,0x00000000
0x130ab748,0xf6329393,0xf6329393,0x00000000
0x130afd24,0xe32a2a2a,0xe32a2a2a,0x00000000
0x130aff50,0x8c8c8c8c,0x8c8c8c8c,0x00000000
0x130aff9c,0x8c8c8c8c,0x8c8c8c8c,0x00000000
0x130b0488,0x9d851d1b,0x9d851d1b,0x00000000
0x130b099c,0x5b5b5b5b,0x5b5b5b5b,0x00000000
0x130b0bd4,0x9f9f9fe6,0x9f9f9fe6,0x00000000
0x130b0e9c,0x2a2a2a2a,0x2a2a2a2a,0x00000000
0x130b12fc,0x000480ba,0x000480ba,0x00000000
0x130b1310,0x9e9ee6e6,0x9e9ee6e6,0x00000000
0x130b1874,0x31b61f1f,0x31b61f1f,0x00000000
0x130b1994,0x5b5b5b5b,0x5b5b5b5b,0x00000000
0x130b19bc,0x5b5b5b5b,0x5b5b5b5b,0x00000000
0x130b19cc,0x5b5b5b5b,0x5b5b5b5b,0x00000000
0x130b19d0,0x5b5b5b5b,0x5b5b5b5b,0x00000000
0x130b19d4,0x5b5b5b5b,0x5b5b5b5b,0x00000000
0x130b19d8,0x5b5b5b5b,0x5b5b5b5b,0x00000000
0x130b19dc,0x5b5b5b5b,0x5b5b5b5b,0x00000000
0x130b19ec,0x9e9e9e9e,0x9e9e9e9e,0x00000000
0x130b19f0,0x5b247682,0x5b247682,0x00000000
0x130b19f4,0x829e8282,0x829e8282,0x00000000
0x130b19f8,0x5bc89e24,0x5bc89e24,0x00000000
0x130b19fc,0x24242424,0x24242424,0x00000000
0x130b1a08,0x9e9e9e9e,0x9e9e9e9e,0x00000000
0x130b1a0c,0x9e9e9e9e,0x9e9e9e9e,0x00000000
0x130b1a10,0x9e9e8282,0x9e9e8282,0x00000000
0x130b1a14,0x9e9ef3f3,0x9e9ef3f3,0x00000000
0x130b1a18,0x24249e9e,0x24249e9e,0x00000000
0x130b1a1c,0x24242424,0x24242424,0x00000000
0x130b1a2c,0x9ef376db,0x9ef376db,0x00000000
0x130b1a30,0x9e9e9e9e,0x9e9e9e9e,0x00000000
0x130b1a34,0x9ef3f376,0x9ef3f376,0x00000000
0x130b1a38,0x24242424,0x24242424,0x00000000
0x130b1a3c,0x24e6e69e,0x24e6e69e,0x00000000
0x130b1a50,0x9a000000,0x9a000000,0x00000000
0x130b1a58,0xf39a0000,0xf39a0000,0x00000000
0x130b1a6c,0x00dc1719,0x00dc1719,0x00000000
0x130b1a90,0x19191a1b,0x19191a1b,0x00000000
0x130b1a94,0x19030000,0x19030000,0x00000000
0x130b1a98,0x02031117,0x02031117,0x00000000
0x130b1a9c,0x1719dc00,0x1719dc00,0x00000000
0x130b1aac,0x01000000,0x01000000,0x00000000
0x130b1abc,0x55080000,0x55080000,0x00000000
0x130b1b50,0x9e9ef3f3,0x9e9ef3f3,0x00000000
0x130b1b60,0xe6f3e6e6,0xe6f3e6e6,0x00000000
0x130b1b78,0x9fe69ee6,0x9fe69ee6,0x00000000
0x130b1b7c,0xe6e6e69f,0xe6e6e69f,0x00000000
0x130b1b88,0xf39e9ee6,0xf39e9ee6,0x00000000
0x130b1b8c,0xf3e6e6e6,0xf3e6e6e6,0x00000000
0x130b1b90,0xf3f39ee6,0xf3f39ee6,0x00000000
0x130b1b94,0x9ee6e6e6,0x9ee6e6e6,0x00000000
0x130b1b98,0x9fe6e69f,0x9fe6e69f,0x00000000
0x130b1b9c,0x9f9f9f9f,0x9f9f9f9f,0x00000000
0x130b1bac,0xe6f3e6e6,0xe6f3e6e6,0x00000000
0x130b1bb0,0xe6e6e6e6,0xe6e6e6e6,0x00000000
0x130b1bb4,0xe6e6e6e6,0xe6e6e6e6,0x00000000
0x130b1bbc,0x9f9f9f9f,0x9f9f9f9f,0x00000000
0x130b1bcc,0xe695e3e6,0xe695e3e6,0x00000000
0x130b1bd0,0xe6e6e6e6,0xe6e6e6e6,0x00000000
0x130b1bdc,0x9f9fe39f,0x9f9fe39f,0x00000000
0x130b1be8,0xe6d10400,0xe6d10400,0x00000000
0x130b1bf0,0xe6952094,0xe6952094,0x00000000
0x130b1c14,0x12dc1719,0x12dc1719,0x00000000
0x130b1c30,0x191a1a1a,0x191a1a1a,0x00000000
0x130b1c3c,0x1b1b1a1a,0x1b1b1a1a,0x00000000
0x130b1c48,0x1919191a,0x1919191a,0x00000000
0x130b1c50,0x19191919,0x19191919,0x00000000
0x130b1c54,0x19191919,0x19191919,0x00000000
0x130b1c58,0x19191919,0x19191919,0x00000000
0x130b1c5c,0x19191919,0x19191919,0x00000000
0x130b1c70,0x19191919,0x19191919,0x00000000
0x130b1c74,0x19191a1a,0x19191a1a,0x00000000
0x130b1c78,0x1a1a1a1a,0x1a1a1a1a,0x00000000
0x130b1c88,0x1a1a1919,0x1a1a1919,0x00000000
0x130b1c98,0x19020000,0x19020000,0x00000000
0x130b1cdc,0xe39f9f9f,0xe39f9f9f,0x00000000
0x130b1ce8,0x2a2a2a2a,0x2a2a2a2a,0x00000000
0x130b1cec,0x2a2a2a2a,0x2a2a2a2a,0x00000000
0x130b1cf8,0x9f2a2a9f,0x9f2a2a9f,0x00000000
0x130b1cfc,0x2a2ae3e3,0x2a2ae3e3,0x00000000
0x130b1d08,0x2a2a2a2a,0x2a2a2a2a,0x00000000
0x130b1d0c,0x2a2a2a2a,0x2a2a2a2a,0x00000000
0x130b1d18,0xe3e39f2a,0xe3e39f2a,0x00000000
0x130b1d1c,0x2a2ae32a,0x2a2ae32a,0x00000000
0x130b1d28,0x2a2a2ae3,0x2a2a2ae3,0x00000000
0x130b1d2c,0x2a2a2a2a,0x2a2a2a2a,0x00000000
0x130b1d3c,0x2a2a2a2a,0x2a2a2a2a,0x00000000
0x130b1d48,0x2a2a2a2a,0x2a2a2a2a,0x00000000
0x130b1d4c,0x2a2a2af7,0x2a2a2af7,0x00000000
0x130b1d50,0x2a2a2a2a,0x2a2a2a2a,0x00000000
0x130b1d54,0x2a2a2abb,0x2a2a2abb,0x00000000
0x130b1d58,0x2a2a2a2a,0x2a2a2a2a,0x00000000
0x130b1d5c,0x2a2a2ae3,0x2a2a2ae3,0x00000000
0x130b1d68,0xf7e3f7f7,0xf7e3f7f7,0x00000000
0x130b1d6c,0xe3e3d4d4,0xe3e3d4d4,0x00000000
0x130b1d78,0xd4d4e3e3,0xd4d4e3e3,0x00000000
0x130b1d7c,0xd4e3e3e3,0xd4e3e3e3,0x00000000
0x130b1d88,0xd4d4d4e3,0xd4d4d4e3,0x00000000
0x130b1d8c,0xe3bbbbbb,0xe3bbbbbb,0x00000000
0x130b1d98,0xbbd4d42a,0xbbd4d42a,0x00000000
0x130b1d9c,0xd4bbbbbb,0xd4bbbbbb,0x00000000
0x130b1da0,0xbbbbbbbb,0xbbbbbbbb,0x00000000
0x130b1da4,0xbbbbe3e3,0xbbbbe3e3,0x00000000
0x130b1da8,0xbbbbbbbb,0xbbbbbbbb,0x00000000
0x130b1dac,0xbbbb2abb,0xbbbb2abb,0x00000000
0x130b1db0,0xbbbbbbbb,0xbbbbbbbb,0x00000000
0x130b1db4,0xbbe3e3e3,0xbbe3e3e3,0x00000000
0x130b1db8,0xbbbbbbbb,0xbbbbbbbb,0x00000000
0x130b1dbc,0xbbd4d4e3,0xbbd4d4e3,0x00000000
0x130b1dc8,0xbbd4d4d4,0xbbd4d4d4,0x00000000
0x130b1dcc,0xd42a2a2a,0xd42a2a2a,0x00000000
0x130b1dd8,0xbbd4e3e3,0xbbd4e3e3,0x00000000
0x130b1ddc,0x2a2a2a2a,0x2a2a2a2a,0x00000000
0x130b1de8,0xd42a2ad4,0xd42a2ad4,0x00000000
0x130b1dec,0x2a2a2a2a,0x2a2a2a2a,0x00000000
0x130b1df0,0xd42a2ad4,0xd42a2ad4,0x00000000
0x130b1df4,0xd42a2a2a,0xd42a2a2a,0x00000000
0x130b1df8,0x2a2a2ad4,0x2a2a2ad4,0x00000000
0x130b1dfc,0xd4d42a2a,0xd4d42a2a,0x00000000
0x130b1e08,0x2a2a2a2a,0x2a2a2a2a,0x00000000
0x130b1e0c,0x2a2a2a2a,0x2a2a2a2a,0x00000000
0x130b1e1c,0x2a2a2a2a,0x2a2a2a2a,0x00000000
0x130b1e28,0x2ad4d4d4,0x2ad4d4d4,0x00000000
0x130b1e2c,0x2a2a2a2a,0x2a2a2a2a,0x00000000
0x130b1e38,0x2a2a2ad4,0x2a2a2ad4,0x00000000
0x130b1e3c,0xd42a2a2a,0xd42a2a2a,0x00000000
0x130b1e48,0xd4d4d4d4,0xd4d4d4d4,0x00000000
0x130b1e4c,0x2a2a2a2a,0x2a2a2a2a,0x00000000
0x130b1e58,0xd4d4d4d4,0xd4d4d4d4,0x00000000
0x130b1e68,0x2a2ad4d4,0x2a2ad4d4,0x00000000
0x130b1e6c,0xd4d4d4d4,0xd4d4d4d4,0x00000000
0x130b1e78,0x2a2ad4d4,0x2a2ad4d4,0x00000000
0x130b1e8c,0x2a2a2a2a,0x2a2a2a2a,0x00000000
0x130b1e9c,0x2a2a2aa8,0x2a2a2aa8,0x00000000
0x130b1eac,0x2a2a2ad4,0x2a2a2ad4,0x00000000
0x130b1eb0,0x2a2a2a2a,0x2a2a2a2a,0x00000000
0x130b1eb4,0x2aa8a8a8,0x2aa8a8a8,0x00000000
0x130b1eb8,0x2a2a2a2a,0x2a2a2a2a,0x00000000
0x130b1ebc,0x2a2a2a2a,0x2a2a2a2a,0x00000000
0x130b1ec8,0xa8a82a2a,0xa8a82a2a,0x00000000
0x130b1ecc,0x2aa8d4d1,0x2aa8d4d1,0x00000000
0x130b1edc,0xd4d42893,0xd4d42893,0x00000000
0x130b1ee0,0xaa939393,0xaa939393,0x00000000
0x130b1ee4,0x93939393,0x93939393,0x00000000
0x130b1ee8,0x93939393,0x93939393,0x00000000
0x130b1eec,0x93939393,0x93939393,0x00000000
0x130b1ef8,0x93939393,0x93939393,0x00000000
0x130b1efc,0x93939393,0x93939393,0x00000000
0x130b1f08,0x93939393,0x93939393,0x00000000
0x130b1f0c,0xdd3bfd8c,0xdd3bfd8c,0x00000000
0x130b1f10,0x9393b5f6,0x9393b5f6,0x00000000
0x130b1f14,0xfdb1e2e2,0xfdb1e2e2,0x00000000
0x130b1f18,0x93dd3bfd,0x93dd3bfd,0x00000000
0x130b1f1c,0xe28c8c8c,0xe28c8c8c,0x00000000
0x130b1f28,0x8c8c8c8c,0x8c8c8c8c,0x00000000
0x130b1f34,0xe2e2e2e2,0xe2e2e2e2,0x00000000
0x130b1f38,0x8c8c8c8c,0x8c8c8c8c,0x00000000
0x130b1f48,0x8c8c8c8c,0x8c8c8c8c,0x00000000
0x130b1f50,0xe2e2e2e2,0xe2e2e2e2,0x00000000
0x130b1f54,0xe2e2e2e2,0xe2e2e2e2,0x00000000
0x130b1f58,0x8c8c8c8c,0x8c8c8c8c,0x00000000
0x130b1f5c,0x8c8ce2fd,0x8c8ce2fd,0x00000000
0x130b1f60,0x8c8c8c8c,0x8c8c8c8c,0x00000000
0x130b1f64,0x8ce2e2e2,0x8ce2e2e2,0x00000000
0x130b1f68,0x8c8ce2b1,0x8c8ce2b1,0x00000000
0x130b1f6c,0xfd3bf6fd,0xfd3bf6fd,0x00000000
0x130b1f78,0xfd3b30b5,0xfd3b30b5,0x00000000
0x130b1f7c,0x9393f9b1,0x9393f9b1,0x00000000
0x130b1f8c,0xfdf99393,0xfdf99393,0x00000000
0x130b1f90,0xe2e2e2e2,0xe2e2e2e2,0x00000000
0x130b1f9c,0x32939393,0x32939393,0x00000000
0x130b1fa0,0x93939393,0x93939393,0x00000000
0x130b1fa4,0x939393b3,0x939393b3,0x00000000
0x130b1fa8,0x93939393,0x93939393,0x00000000
0x130b1fac,0x9393aad4,0x9393aad4,0x00000000
0x130b1fb0,0x93939393,0x93939393,0x00000000
0x130b1fb4,0x93aab3d4,0x93aab3d4,0x00000000
0x130b1fbc,0xaa282a2a,0xaa282a2a,0x00000000
0x130b1fec,0x28a8a8a8,0x28a8a8a8,0x00000000
0x130b1ff0,0xb3aa7828,0xb3aa7828,0x00000000
0x130b1ff4,0x28b32828,0x28b32828,0x00000000
0x130b2000,0x24242482,0x24242482,0x00000000
0x130b2004,0x1f1f1f1f,0x1f1f1f1f,0x00000000
0x130b2008,0x24242492,0x24242492,0x00000000
0x130b200c,0x1f1f1f1f,0x1f1f1f1f,0x00000000
0x130b2010,0x242482b4,0x242482b4,0x00000000
0x130b2014,0x1f1f1f1f,0x1f1f1f1f,0x00000000
0x130b2028,0x1f1f1f1f,0x1f1f1f1f,0x00000000
0x130b202c,0x1f21cdc1,0x1f21cdc1,0x00000000
0x130b2030,0x1f1f1f1f,0x1f1f1f1f,0x00000000
0x130b2034,0x1f2fcdfa,0x1f2fcdfa,0x00000000
0x130b2038,0x1f1f1f1f,0x1f1f1f1f,0x00000000
0x130b203c,0xb6cdc1c1,0xb6cdc1c1,0x00000000
0x130b2040,0xc1c1c1c1,0xc1c1c1c1,0x00000000
0x130b2044,0xc1c1c1fa,0xc1c1c1fa,0x00000000
0x130b2048,0xc1c1c1c1,0xc1c1c1c1,0x00000000
0x130b204c,0xc1fafafa,0xc1fafafa,0x00000000
0x130b2050,0xfac1c1c1,0xfac1c1c1,0x00000000
0x130b2054,0xfafafafa,0xfafafafa,0x00000000
0x130b2058,0xc1c1c1c1,0xc1c1c1c1,0x00000000
0x130b2850,0xfac1c1c1,0xfac1c1c1,0x00000000
0x130b28c8,0x24242424,0x24242424,0x00000000
0x130b29f4,0x76767676,0x76767676,0x00000000
0x130b2b10,0x009476f3,0x009476f3,0x00000000
0x130b2b14,0xf3f3f3f3,0xf3f3f3f3,0x00000000
0x130b2b1c,0xf39e9e9e,0xf39e9e9e,0x00000000
0x130b2b28,0xe6e6e69f,0xe6e6e69f,0x00000000
0x130b2b30,0xbaf3f3f3,0xbaf3f3f3,0x00000000
0x130b2b6c,0x9f9f9fe6,0x9f9f9fe6,0x00000000
0x130b2b70,0xf3f3f3f3,0xf3f3f3f3,0x00000000
0x130b2b74,0xf3f3f3f3,0xf3f3f3f3,0x00000000
0x130b2b78,0x9e9e9ee6,0x9e9e9ee6,0x00000000
0x130b2b7c,0x9e9e9ee6,0x9e9e9ee6,0x00000000
0x130b2b88,0x9fe6e69f,0x9fe6e69f,0x00000000
0x130b2b8c,0x9f9f9f9f,0x9f9f9f9f,0x00000000
0x130b2b90,0xf3f39ee6,0xf3f39ee6,0x00000000
0x130b2b94,0xe6bae69e,0xe6bae69e,0x00000000
0x130b2b98,0x9e9ee6e6,0x9e9ee6e6,0x00000000
0x130b2b9c,0xe6e6e6e6,0xe6e6e6e6,0x00000000
0x130b2ba0,0xe69f9f9f,0xe69f9f9f,0x00000000
0x130b2ba4,0xe6e6e6e6,0xe6e6e6e6,0x00000000
0x130b2ba8,0x9f9f9f9f,0x9f9f9f9f,0x00000000
0x130b2bac,0x9f9f9f9f,0x9f9f9f9f,0x00000000
0x130b2bb0,0xe6e6e6e6,0xe6e6e6e6,0x00000000
0x130b2bb4,0xe6e6e6e6,0xe6e6e6e6,0x00000000
0x130b2bb8,0xe6e69fe6,0xe6e69fe6,0x00000000
0x130b2bbc,0x9f9fe69f,0x9f9fe69f,0x00000000
0x130b2bc8,0x9f9f9f9f,0x9f9f9f9f,0x00000000
0x130b2bcc,0x9f9f9f9f,0x9f9f9f9f,0x00000000
0x130b2bd0,0xe6e6e695,0xe6e6e695,0x00000000
0x130b2bd4,0xe695e6e6,0xe695e6e6,0x00000000
0x130b2bd8,0xe6e6e6f3,0xe6e6e6f3,0x00000000
0x130b2bdc,0xe6e6e6e6,0xe6e6e6e6,0x00000000
0x130b2be8,0x9f9f9fe6,0x9f9f9fe6,0x00000000
0x130b2bec,0xe6e6e6e6,0xe6e6e6e6,0x00000000
0x130b2bf0,0xe6e6e6e6,0xe6e6e6e6,0x00000000
0x130b2bf4,0xe6e6e6e6,0xe6e6e6e6,0x00000000
0x130b2bf8,0x9f9ff3f3,0x9f9ff3f3,0x00000000
0x130b2bfc,0xf3bababa,0xf3bababa,0x00000000
0x130b2c08,0x95209400,0x95209400,0x00000000
0x130b2c10,0xe69e20fe,0xe69e20fe,0x00000000
0x130b2c18,0xf3baba80,0xf3baba80,0x00000000
0x130b2c1c,0x9a940000,0x9a940000,0x00000000
0x130b2c2c,0x17110000,0x17110000,0x00000000
0x130b2c34,0xdc030000,0xdc030000,0x00000000
0x130b2c4c,0x03101719,0x03101719,0x00000000
0x130b2c8c,0x0004ec9f,0x0004ec9f,0x00000000
0x130b2c94,0xa0959fe3,0xa0959fe3,0x00000000
0x130b2c98,0x00fe20ba,0x00fe20ba,0x00000000
0x130b2c9c,0xf3f7e6e6,0xf3f7e6e6,0x00000000
0x130b2cb4,0xe3e39fe3,0xe3e39fe3,0x00000000
0x130b2cb8,0xe6e6e6e6,0xe6e6e6e6,0x00000000
0x130b2cbc,0xe6e6e6e6,0xe6e6e6e6,0x00000000
0x130b2cc8,0xe39f9fe3,0xe39f9fe3,0x00000000
0x130b2ccc,0x9f9f9f9f,0x9f9f9f9f,0x00000000
0x130b2cd0,0xe3e3e39f,0xe3e3e39f,0x00000000
0x130b2cd4,0x9f9f9fe3,0x9f9f9fe3,0x00000000
0x130b2cd8,0xe6e3e6e3,0xe6e3e6e3,0x00000000
0x130b2cdc,0xe3e3e6e3,0xe3e3e6e3,0x00000000
0x130b2d18,0x9f9f9f2a,0x9f9f9f2a,0x00000000
0x130b2d30,0x2a2a2a2a,0x2a2a2a2a,0x00000000
0x130b2d50,0x2a2a2a2a,0x2a2a2a2a,0x00000000
0x130b2d54,0x2a2a2ae3,0x2a2a2ae3,0x00000000
0x130b2d58,0x2a2ae32a,0x2a2ae32a,0x00000000
0x130b2d5c,0x2a2ae3e3,0x2a2ae3e3,0x00000000
0x130b2d7c,0xbbf7f7e3,0xbbf7f7e3,0x00000000
0x130b2d94,0xd4d4bbf7,0xd4d4bbf7,0x00000000
0x130b2d98,0xe3f7e3d4,0xe3f7e3d4,0x00000000
0x130b2d9c,0x2ae3f7bb,0x2ae3f7bb,0x00000000
0x130b2dcc,0xd42ad4d4,0xd42ad4d4,0x00000000
0x130b2dd4,0x2a2ad4d4,0x2a2ad4d4,0x00000000
0x130b2dd8,0xd4e3d42a,0xd4e3d42a,0x00000000
0x130b2ddc,0x2ad4d4d4,0x2ad4d4d4,0x00000000
0x130b2dec,0xd42a2a2a,0xd42a2a2a,0x00000000
0x130b2df0,0xd42a2a2a,0xd42a2a2a,0x00000000
0x130b2df4,0xd42a2a2a,0xd42a2a2a,0x00000000
0x130b2df8,0xd42a2a2a,0xd42a2a2a,0x00000000
0x130b2dfc,0x2ad42a2a,0x2ad42a2a,0x00000000
0x130b2e0c,0x2a2a2a2a,0x2a2a2a2a,0x00000000
0x130b2e10,0xd4d4d4d4,0xd4d4d4d4,0x00000000
0x130b2e14,0xd42a2a2a,0xd42a2a2a,0x00000000
0x130b2e18,0xd4d4d4d4,0xd4d4d4d4,0x00000000
0x130b2e1c,0xd42a2a2a,0xd42a2a2a,0x00000000
0x130b2e28,0x2a2a2a2a,0x2a2a2a2a,0x00000000
0x130b2e2c,0xd42a2a2a,0xd42a2a2a,0x00000000
0x130b2e30,0x2a2a2ad4,0x2a2a2ad4,0x00000000
0x130b2e34,0xd42ad4d4,0xd42ad4d4,0x00000000
0x130b2e38,0x2a2ad4d4,0x2a2ad4d4,0x00000000
0x130b2e3c,0xd4d4d4d4,0xd4d4d4d4,0x00000000
0x130b2e4c,0x2ad4d42a,0x2ad4d42a,0x00000000
0x130b2e50,0x2a2a2a2a,0x2a2a2a2a,0x00000000
0x130b2e54,0x2ad4d42a,0x2ad4d42a,0x00000000
0x130b2e58,0xd42a2a2a,0xd42a2a2a,0x00000000
0x130b2e5c,0x2a2a2a2a,0x2a2a2a2a,0x00000000
0x130b2e6c,0x78aa9393,0x78aa9393,0x00000000
0x130b2e70,0x2a2878aa,0x2a2878aa,0x00000000
0x130b2e74,0x93939393,0x93939393,0x00000000
0x130b2e78,0x28aa9393,0x28aa9393,0x00000000
0x130b2e7c,0x93939393,0x93939393,0x00000000
0x130b2e8c,0x93939393,0x93939393,0x00000000
0x130b2e90,0x93939393,0x93939393,0x00000000
0x130b2e94,0x93939393,0x93939393,0x00000000
0x130b2e98,0x93939393,0x93939393,0x00000000
0x130b2e9c,0x9393f9dd,0x9393f9dd,0x00000000
0x130b2eac,0x93939393,0x93939393,0x00000000
0x130b2eb0,0x93939393,0x93939393,0x00000000
0x130b2eb4,0x93939393,0x93939393,0x00000000
0x130b2eb8,0xf6f6b593,0xf6f6b593,0x00000000
0x130b2ebc,0x9393dd32,0x9393dd32,0x00000000
0x130b2ed0,0xf9939393,0xf9939393,0x00000000
0x130b2ed4,0x9393dd3b,0x9393dd3b,0x00000000
0x130b2ed8,0xf6939393,0xf6939393,0x00000000
0x130b2edc,0xb5f6fdb1,0xb5f6fdb1,0x00000000
0x130b2ef0,0xfde28ce2,0xfde28ce2,0x00000000
0x130b2ef4,0x8d8c8ce2,0x8d8c8ce2,0x00000000
0x130b2ef8,0xe28c8ce2,0xe28c8ce2,0x00000000
0x130b2efc,0xe2e2e2e2,0xe2e2e2e2,0x00000000
0x130b2f10,0xe2e28ce2,0xe2e28ce2,0x00000000
0x130b2f14,0xe2e2e2e2,0xe2e2e2e2,0x00000000
0x130b2f18,0xe2e2e2e2,0xe2e2e2e2,0x00000000
0x130b2f1c,0xe2e2b1fd,0xe2e2b1fd,0x00000000
0x130b2f2c,0xfdf6f993,0xfdf6f993,0x00000000
0x130b2f30,0xb1fdfdf6,0xb1fdfdf6,0x00000000
0x130b2f34,0xf9939393,0xf9939393,0x00000000
0x130b2f38,0xfdf6b593,0xfdf6b593,0x00000000
0x130b2f3c,0x93939393,0x93939393,0x00000000
0x130b2f4c,0x93939393,0x93939393,0x00000000
0x130b2f50,0x93939393,0x93939393,0x00000000
0x130b2f54,0x93939393,0x93939393,0x00000000
0x130b2f58,0x93939393,0x93939393,0x00000000
0x130b2f5c,0x93939393,0x93939393,0x00000000
0x130b2f68,0x93939393,0x93939393,0x00000000
0x130b2f6c,0x9393ddfd,0x9393ddfd,0x00000000
0x130b2f70,0x93939393,0x93939393,0x00000000
0x130b2f74,0x9393ddfd,0x9393ddfd,0x00000000
0x130b2f78,0x93939393,0x93939393,0x00000000
0x130b2f7c,0x9393ddb1,0x9393ddb1,0x00000000
0x130b2f88,0x8c8ce232,0x8c8ce232,0x00000000
0x130b2f8c,0xaaaab3d4,0xaaaab3d4,0x00000000
0x130b2f90,0x8c8cb1f6,0x8c8cb1f6,0x00000000
0x130b2f94,0xaaaab328,0xaaaab328,0x00000000
0x130b2f98,0x8c8cb1dd,0x8c8cb1dd,0x00000000
0x130b2f9c,0x93782828,0x93782828,0x00000000
0x130b2fa8,0xa8a8a8a8,0xa8a8a8a8,0x00000000
0x130b2fac,0xa82aa8a8,0xa82aa8a8,0x00000000
0x130b2fb0,0x2828d4d4,0x2828d4d4,0x00000000
0x130b2fb4,0xd4a8a8a8,0xd4a8a8a8,0x00000000
0x130b2fb8,0x28b328d4,0x28b328d4,0x00000000
0x130b2fbc,0xd4a8a8a8,0xd4a8a8a8,0x00000000
0x130b2fcc,0xa8a8a8a8,0xa8a8a8a8,0x00000000
0x130b2fd0,0x28d4d4a8,0x28d4d4a8,0x00000000
0x130b2fd4,0xa8b32828,0xa8b32828,0x00000000
0x130b2fd8,0x28d4d4a8,0x28d4d4a8,0x00000000
0x130b2fdc,0xd4b32828,0xd4b32828,0x00000000
0x130b2fe8,0xa8a8d4a8,0xa8a8d4a8,0x00000000
0x130b2fec,0xa8a8a8a8,0xa8a8a8a8,0x00000000
0x130b2ff0,0x28282828,0x28282828,0x00000000
0x130b2ff4,0x282828d4,0x282828d4,0x00000000
0x130b2ff8,0x28282828,0x28282828,0x00000000
0x130b2ffc,0x28282828,0x28282828,0x00000000
0x130b3008,0x24242492,0x24242492,0x00000000
0x130b300c,0xf8f8231f,0xf8f8231f,0x00000000
0x130b3010,0x24827f92,0x24827f92,0x00000000
0x130b3014,0x92f87f7d,0x92f87f7d,0x00000000
0x130b3018,0x247f9292,0x247f9292,0x00000000
0x130b301c,0x92f8da23,0x92f8da23,0x00000000
0x130b3028,0x1f1f1f31,0x1f1f1f31,0x00000000
0x130b302c,0xc1c1c1c1,0xc1c1c1c1,0x00000000
0x130b3030,0x1f1f21cd,0x1f1f21cd,0x00000000
0x130b3034,0xc1c1c1cd,0xc1c1c1cd,0x00000000
0x130b3038,0x1f1fa6cd,0x1f1fa6cd,0x00000000
0x130b303c,0xc1c1c1c1,0xc1c1c1c1,0x00000000
0x130b3054,0xc1c1c1c1,0xc1c1c1c1,0x00000000
0x130b3058,0xc1c1c1c1,0xc1c1c1c1,0x00000000
0x130b305c,0xc1c1c1c1,0xc1c1c1c1,0x00000000
0x130b3068,0xc1311f1f,0xc1311f1f,0x00000000
0x130b3070,0xcd2f1f1f,0xcd2f1f1f,0x00000000
0x130b3074,0x1f1f9224,0x1f1f9224,0x00000000
0x130b3090,0x24da92f8,0x24da92f8,0x00000000
0x130b3094,0x82242424,0x82242424,0x00000000
0x130b3098,0x82f87ff8,0x82f87ff8,0x00000000
0x130b309c,0x82242424,0x82242424,0x00000000
0x130b30a8,0x24242424,0x24242424,0x00000000
0x130b30b0,0x82242424,0x82242424,0x00000000
0x130b30b4,0x24242424,0x24242424,0x00000000
0x130b30c8,0x24242424,0x24242424,0x00000000
0x130b30d0,0x24242424,0x24242424,0x00000000
0x130b30d4,0x24242424,0x24242424,0x00000000
0x130b30d8,0x82242424,0x82242424,0x00000000
0x130b30e4,0x24242424,0x24242424,0x00000000
0x130b30e8,0x24242424,0x24242424,0x00000000
0x130b30ec,0x24242424,0x24242424,0x00000000
0x130b30f0,0x24242424,0x24242424,0x00000000
0x130b30f4,0x24242424,0x24242424,0x00000000
0x130b30f8,0x24242424,0x24242424,0x00000000
0x130b30fc,0x24242424,0x24242424,0x00000000
0x130b32d0,0x5b5b5b41,0x5b5b5b41,0x00000000
0x130b32ec,0x19190200,0x19190200,0x00000000
0x130b32f4,0x19191200,0x19191200,0x00000000
0x130b3304,0x9ee6e6e6,0x9ee6e6e6,0x00000000
0x130b330c,0x7676baba,0x7676baba,0x00000000
0x130b3314,0x9e9e9e9e,0x9e9e9e9e,0x00000000
0x130b331c,0x9ee6e6e6,0x9ee6e6e6,0x00000000
0x130b3328,0xbababaf3,0xbababaf3,0x00000000
0x130b332c,0xf3baf3ba,0xf3baf3ba,0x00000000
0x130b3330,0x9e9e9ee6,0x9e9e9ee6,0x00000000
0x130b3334,0x9e9ee69e,0x9e9ee69e,0x00000000
0x130b3348,0xba76baf3,0xba76baf3,0x00000000
0x130b3350,0xe6e6e6e6,0xe6e6e6e6,0x00000000
0x130b3354,0xe6e6e6e6,0xe6e6e6e6,0x00000000
0x130b3368,0xf3f3f3ba,0xf3f3f3ba,0x00000000
0x130b3370,0xe6e6e6e6,0xe6e6e6e6,0x00000000
0x130b3374,0xe6e6e6e6,0xe6e6e6e6,0x00000000
0x130b3378,0xe6e6e6e6,0xe6e6e6e6,0x00000000
0x130b337c,0xe6e6e6e6,0xe6e6e6e6,0x00000000
0x130b3380,0xe69ee69f,0xe69ee69f,0x00000000
0x130b3384,0x9f9f9f9f,0x9f9f9f9f,0x00000000
0x130b3388,0xf3baba9e,0xf3baba9e,0x00000000
0x130b338c,0x9e9ee6e6,0x9e9ee6e6,0x00000000
0x130b3390,0xe6e6e6e6,0xe6e6e6e6,0x00000000
0x130b3394,0x9f9f9f9f,0x9f9f9f9f,0x00000000
0x130b33f4,0xf3f3f3f3,0xf3f3f3f3,0x00000000
0x130b3414,0xf3f3f3f3,0xf3f3f3f3,0x00000000
0x130b3434,0xf0dbfe94,0xf0dbfe94,0x00000000
0x130b3474,0x042095f7,0x042095f7,0x00000000
0x130b3494,0xf3e6e6e6,0xf3e6e6e6,0x00000000
0x130b34b4,0xe6e6e6e6,0xe6e6e6e6,0x00000000
0x130b34d4,0xe6e6e6e6,0xe6e6e6e6,0x00000000
0x130b34f4,0xe3e3e3e3,0xe3e3e3e3,0x00000000
0x130b3514,0x9f9f9fe3,0x9f9f9fe3,0x00000000
0x130b3534,0x2a2a2a2a,0x2a2a2a2a,0x00000000
0x130b3554,0x2a2a2a2a,0x2a2a2a2a,0x00000000
0x130b3574,0xbbbbe3e3,0xbbbbe3e3,0x00000000
0x130b3594,0xe3f7bbf7,0xe3f7bbf7,0x00000000
0x130b35b4,0xd4d4d4bb,0xd4d4d4bb,0x00000000
0x130b35d4,0x2ad4d4d4,0x2ad4d4d4,0x00000000
0x130b35f4,0xd4d4d42a,0xd4d4d42a,0x00000000
0x130b3614,0xd4d42a2a,0xd4d42a2a,0x00000000
0x130b3634,0xd4d42a2a,0xd4d42a2a,0x00000000
0x130b3654,0x2a2a28aa,0x2a2a28aa,0x00000000
0x130b3674,0x9393933b,0x9393933b,0x00000000
0x130b3694,0xe2b1b1b1,0xe2b1b1b1,0x00000000
0x130b36b4,0xb59393b5,0xb59393b5,0x00000000
0x130b36dc,0xb1e2e2e2,0xb1e2e2e2,0x00000000
0x130b36e8,0xe28d8de2,0xe28d8de2,0x00000000
0x130b36ec,0xe2e2e2e2,0xe2e2e2e2,0x00000000
0x130b36f8,0xe28c8c8c,0xe28c8c8c,0x00000000
0x130b36fc,0x8ce2b1fd,0x8ce2b1fd,0x00000000
0x130b370c,0x3b30b593,0x3b30b593,0x00000000
0x130b3718,0x3b30b593,0x3b30b593,0x00000000
0x130b371c,0x93939393,0x93939393,0x00000000
0x130b372c,0x93939393,0x93939393,0x00000000
0x130b373c,0x93939393,0x93939393,0x00000000
0x130b3740,0x93939393,0x93939393,0x00000000
0x130b3744,0x93939393,0x93939393,0x00000000
0x130b3748,0x93939393,0x93939393,0x00000000
0x130b374c,0x93939393,0x93939393,0x00000000
0x130b3750,0x93939393,0x93939393,0x00000000
0x130b3754,0x93939393,0x93939393,0x00000000
0x130b3758,0x93939393,0x93939393,0x00000000
0x130b375c,0xaa78aa93,0xaa78aa93,0x00000000
0x130b3768,0x93939393,0x93939393,0x00000000
0x130b376c,0x9393f6b1,0x9393f6b1,0x00000000
0x130b377c,0x9393f6e2,0x9393f6e2,0x00000000
0x130b3780,0x8c8cb1f9,0x8c8cb1f9,0x00000000
0x130b3784,0x93aa28a8,0x93aa28a8,0x00000000
0x130b3788,0xe2e2fdb5,0xe2e2fdb5,0x00000000
0x130b378c,0x9393aab3,0x9393aab3,0x00000000
0x130b3798,0x8c8c3b93,0x8c8c3b93,0x00000000
0x130b379c,0x939393aa,0x939393aa,0x00000000
0x130b37a8,0xb3bb28d4,0xb3bb28d4,0x00000000
0x130b37ac,0xb3d4d4d4,0xb3d4d4d4,0x00000000
0x130b37b8,0x28a8a8a8,0x28a8a8a8,0x00000000
0x130b37c8,0xd4d4d4d4,0xd4d4d4d4,0x00000000
0x130b37cc,0xd4b328b3,0xd4b328b3,0x00000000
0x130b37d8,0xa8a8a8a8,0xa8a8a8a8,0x00000000
0x130b37e8,0xb3b32828,0xb3b32828,0x00000000
0x130b37ec,0x28b3b328,0x28b3b328,0x00000000
0x130b37fc,0xa8a8a8a8,0xa8a8a8a8,0x00000000
0x130b380c,0x7f7fda7d,0x7f7fda7d,0x00000000
0x130b3810,0xda828282,0xda828282,0x00000000
0x130b3814,0x82daf81f,0x82daf81f,0x00000000
0x130b3818,0x92dada7f,0x92dada7f,0x00000000
0x130b381c,0x927f7d1f,0x927f7d1f,0x00000000
0x130b3820,0x1f1f2fcd,0x1f1f2fcd,0x00000000
0x130b3824,0xc1c1c1c1,0xc1c1c1c1,0x00000000
0x130b3828,0x1f1f31cd,0x1f1f31cd,0x00000000
0x130b382c,0xc1c1c1c1,0xc1c1c1c1,0x00000000
0x130b383c,0xc1c1c1cd,0xc1c1c1cd,0x00000000
0x130b3848,0xc1c1c1c1,0xc1c1c1c1,0x00000000
0x130b384c,0xc1c1c1c1,0xc1c1c1c1,0x00000000
0x130b3858,0xc1c1c1c1,0xc1c1c1c1,0x00000000
0x130b385c,0xc1c1cdcd,0xc1c1cdcd,0x00000000
0x130b3860,0xcda61f1f,0xcda61f1f,0x00000000
0x130b3864,0x1f7df882,0x1f7df882,0x00000000
0x130b3868,0xcd211f1f,0xcd211f1f,0x00000000
0x130b386c,0x1f7d9224,0x1f7d9224,0x00000000
0x130b3870,0xcdb61f1f,0xcdb61f1f,0x00000000
0x130b3874,0x1f7dda24,0x1f7dda24,0x00000000
0x130b3878,0x311f1f1f,0x311f1f1f,0x00000000
0x130b387c,0x1feb92da,0x1feb92da,0x00000000
0x130b388c,0x24242424,0x24242424,0x00000000
0x130b389c,0xda82da82,0xda82da82,0x00000000
0x130b38ac,0x24242424,0x24242424,0x00000000
0x130b38b8,0x24242424,0x24242424,0x00000000
0x130b38bc,0x24242424,0x24242424,0x00000000
0x130b38cc,0x24242424,0x24242424,0x00000000
0x130b38d8,0x24242424,0x24242424,0x00000000
0x130b38ec,0x24242424,0x24242424,0x00000000
0x130b38f0,0x24242424,0x24242424,0x00000000
0x130b38f4,0x24242424,0x24242424,0x00000000
0x130b38f8,0x24242424,0x24242424,0x00000000
0x130b38fc,0x24242424,0x24242424,0x00000000
0x130b390c,0x24242424,0x24242424,0x00000000
0x130b391c,0x24242424,0x24242424,0x00000000
0x130b392c,0x2482824a,0x2482824a,0x00000000
0x130b3938,0x24242482,0x24242482,0x00000000
0x130b393c,0x2424244a,0x2424244a,0x00000000
0x130b394c,0x5b5b5b5b,0x5b5b5b5b,0x00000000
0x130b3958,0x5b5b5b5b,0x5b5b5b5b,0x00000000
0x130b395c,0x5b5b5b5b,0x5b5b5b5b,0x00000000
0x130b396c,0x5b5b5b5b,0x5b5b5b5b,0x00000000
0x130b397c,0x5b5b5b5b,0x5b5b5b5b,0x00000000
0x130b398c,0x5b5b5b5b,0x5b5b5b5b,0x00000000
0x130b3990,0x5b5b5b5b,0x5b5b5b5b,0x00000000
0x130b3994,0x5b5b5b5b,0x5b5b5b5b,0x00000000
0x130b3998,0x5b5b5b5b,0x5b5b5b5b,0x00000000
0x130b399c,0x5b5b5b5b,0x5b5b5b5b,0x00000000
0x130b39a0,0x5b5b5b5b,0x5b5b5b5b,0x00000000
0x130b39a4,0x5b5b5b5b,0x5b5b5b5b,0x00000000
0x130b39a8,0x5b5b5b5b,0x5b5b5b5b,0x00000000
0x130b39ac,0x5b5b5b5b,0x5b5b5b5b,0x00000000
0x130b39b8,0x5b5b5b5b,0x5b5b5b5b,0x00000000
0x130b39bc,0x5b5b5b5b,0x5b5b5b5b,0x00000000
0x130b39c8,0x5b5b5b5b,0x5b5b5b5b,0x00000000
0x130b39cc,0x5b5b5b5b,0x5b5b5b5b,0x00000000
0x130b39d0,0x5b5b5b5b,0x5b5b5b5b,0x00000000
0x130b39d4,0x5b5b5b5b,0x5b5b5b5b,0x00000000
0x130b39d8,0x5b5b5b5b,0x5b5b5b5b,0x00000000
0x130b39dc,0x5b5b5b5b,0x5b5b5b5b,0x00000000
0x130b39e8,0x5b249e9e,0x5b249e9e,0x00000000
0x130b39ec,0x9e9e9e9e,0x9e9e9e9e,0x00000000
0x130b39f0,0x5b249e24,0x5b249e24,0x00000000
0x130b7a84,0x76767676,0x76767676,0x00000000
0x130b7ae4,0x767676f0,0x767676f0,0x00000000
0x130b8314,0xd4d4d4d4,0xd4d4d4d4,0x00000000
0x130b8514,0xf0f39e9e,0xf0f39e9e,0x00000000
0x130b9748,0x2a2a2a2a,0x2a2a2a2a,0x00000000
0x130b9918,0x82828282,0x82828282,0x00000000
0x130b99f4,0xe3d4d4d4,0xe3d4d4d4,0x00000000
0x130b9bf4,0xd4d4d428,0xd4d4d428,0x00000000
0x130b9cd0,0xe3e3e3e3,0xe3e3e3e3,0x00000000
0x130b9df8,0xd42a2a2a,0xd42a2a2a,0x00000000
0x130ba010,0x82dada82,0x82dada82,0x00000000
0x130ba12c,0x828282e6,0x828282e6,0x00000000
0x130ba574,0xbbbbbbf7,0xbbbbbbf7,0x00000000
0x130ba5f8,0xd42a2ad4,0xd42a2ad4,0x00000000
0x130bad98,0xd4d4bbbb,0xd4d4bbbb,0x00000000
0x130bae94,0x2a2a2a2a,0x2a2a2a2a,0x00000000
0x130baf1c,0x2a2a2a2a,0x2a2a2a2a,0x00000000
0x130bb6c0,0x2a2a2a2a,0x2a2a2a2a,0x00000000
0x130bb780,0xa8a8a82a,0xa8a8a82a,0x00000000
0x130bb87c,0x237d1fa6,0x237d1fa6,0x00000000
0x130bda34,0xb8b8b8c3,0xb8b8b8c3,0x00000000
0x130bda7c,0xc38d8db1,0xc38d8db1,0x00000000
0x130bdb6c,0xb1b1c3b1,0xb1b1c3b1,0x00000000
0x130bdcf4,0x9fe3e3e3,0x9fe3e3e3,0x00000000
0x130bde14,0x2ad42a2a,0x2ad42a2a,0x00000000
0x130bde54,0xd4e3d4d4,0xd4e3d4d4,0x00000000
0x130bdf38,0xd4d4d4d4,0xd4d4d4d4,0x00000000
0x130be010,0x5b5b5b5b,0x5b5b5b5b,0x00000000
0x130be0f4,0x5b5b5b5b,0x5b5b5b5b,0x00000000
0x130be108,0x5b5b5b5b,0x5b5b5b5b,0x00000000
0x130be1f0,0x00dc1219,0x00dc1219,0x00000000
0x130be494,0x9f9f9f9f,0x9f9f9f9f,0x00000000
0x130be558,0xe3e3e3e3,0xe3e3e3e3,0x00000000
0x130be568,0xe3e3e3e3,0xe3e3e3e3,0x00000000
0x130be6d0,0xe83a3abb,0xe83a3abb,0x00000000
0x130be854,0x7d1f1f1f,0x7d1f1f1f,0x00000000
0x130be878,0x1fa6cdcd,0x1fa6cdcd,0x00000000
0x130bea34,0xb8b8b8b8,0xb8b8b8b8,0x00000000
0x130bea38,0xc3c3c3b8,0xc3c3c3b8,0x00000000
0x130beab8,0x85858585,0x85858585,0x00000000
0x130beac8,0xc3c3b8c3,0xc3c3b8c3,0x00000000
0x130beacc,0xb8b8b8b8,0xb8b8b8b8,0x00000000
0x130bead0,0xb8c3b8b8,0xb8c3b8b8,0x00000000
0x130bead8,0xc3b8b8b8,0xc3b8b8b8,0x00000000
0x130beadc,0xb8b8b8b8,0xb8b8b8b8,0x00000000
0x130beafc,0xc3b1b1b1,0xc3b1b1b1,0x00000000
0x130beb0c,0xb1b1c3b1,0xb1b1c3b1,0x00000000
0x130beb10,0xb1b1b1b1,0xb1b1b1b1,0x00000000
0x130beb14,0xb1b1c3b1,0xb1b1c3b1,0x00000000
0x130beb18,0xb1b1b1b1,0xb1b1b1b1,0x00000000
0x130beb1c,0xb1b1c3b1,0xb1b1c3b1,0x00000000
0x130beb2c,0xc3b1b1c3,0xc3b1b1c3,0x00000000
0x130beb30,0xb1c3b1c3,0xb1c3b1c3,0x00000000
0x130beb34,0xb1b8c3c3,0xb1b8c3c3,0x00000000
0x130beb38,0xc3b1b1b8,0xc3b1b1b8,0x00000000
0x130beb3c,0xc3c3c3c3,0xc3c3c3c3,0x00000000
0x130beb48,0xf2c3c3c3,0xf2c3c3c3,0x00000000
0x130beb50,0xc3c3c3c3,0xc3c3c3c3,0x00000000
0x130beb54,0xad86b1b1,0xad86b1b1,0x00000000
0x130beb58,0xc3c3c386,0xc3c3c386,0x00000000
0x130beb5c,0xd7b1b1b1,0xd7b1b1b1,0x00000000
0x130beb6c,0x8d8d8d8d,0x8d8d8d8d,0x00000000
0x130beb7c,0xb1b1b1b1,0xb1b1b1b1,0x00000000
0x130bec10,0xd4d42828,0xd4d42828,0x00000000
0x130bec38,0x28b32828,0x28b32828,0x00000000
0x130bec3c,0x28289e9e,0x28289e9e,0x00000000
0x130bec4c,0xe69f9f9f,0xe69f9f9f,0x00000000
0x130bec50,0xf3e65b5b,0xf3e65b5b,0x00000000
0x130bec54,0xe6f39ef3,0xe6f39ef3,0x00000000
0x130bec58,0x9e9e525b,0x9e9e525b,0x00000000
0x130bec5c,0xc89ee6e6,0xc89ee6e6,0x00000000
0x130bec6c,0x9f9f9fe6,0x9f9f9fe6,0x00000000
0x130bec70,0xf39e9e9e,0xf39e9e9e,0x00000000
0x130bec74,0x9e9e9e9e,0x9e9e9e9e,0x00000000
0x130bec7c,0xe6e6e6e6,0xe6e6e6e6,0x00000000
0x130bec8c,0x9f9fe3e3,0x9f9fe3e3,0x00000000
0x130bec90,0x9e9e9e9e,0x9e9e9e9e,0x00000000
0x130bec9c,0xe6e6e6e6,0xe6e6e6e6,0x00000000
0x130beca0,0xe6e6e6e6,0xe6e6e6e6,0x00000000
0x130beca4,0xe6e6e6e6,0xe6e6e6e6,0x00000000
0x130beca8,0xe3e69f9f,0xe3e69f9f,0x00000000
0x130becac,0x9f9f9fe3,0x9f9f9fe3,0x00000000
0x130becb0,0xe6e6e6e6,0xe6e6e6e6,0x00000000
0x130becb4,0xe6e6e6e6,0xe6e6e6e6,0x00000000
0x130becc8,0xc85b5b5b,0xc85b5b5b,0x00000000
0x130becd0,0xba595b5b,0xba595b5b,0x00000000
0x130becd4,0x5b5b5a59,0x5b5b5a59,0x00000000
0x130becd8,0xc85a5a52,0xc85a5a52,0x00000000
0x130becec,0x5951519f,0x5951519f,0x00000000
0x130becf0,0x4ac89fe6,0x4ac89fe6,0x00000000
0x130becfc,0xf7e6e6e6,0xf7e6e6e6,0x00000000
0x130bed08,0xe3e3e3e3,0xe3e3e3e3,0x00000000
0x130bed0c,0xe3e3e3e3,0xe3e3e3e3,0x00000000
0x130bed10,0xe6e6e6e6,0xe6e6e6e6,0x00000000
0x130bed14,0xe3e3e6e3,0xe3e3e6e3,0x00000000
0x130bed18,0xe6e6e6e6,0xe6e6e6e6,0x00000000
0x130bed1c,0xe3e6e6e3,0xe3e6e6e3,0x00000000
0x130bed30,0xe3e3e3e3,0xe3e3e3e3,0x00000000
0x130bed34,0xe3e3e3e3,0xe3e3e3e3,0x00000000
0x130bed38,0xe3e3e3e3,0xe3e3e3e3,0x00000000
0x130bed48,0xe6e3e3e3,0xe6e3e3e3,0x00000000
0x130bed54,0xe3e3e3e3,0xe3e3e3e3,0x00000000
0x130bed58,0xe3e3e3e3,0xe3e3e3e3,0x00000000
0x130bed5c,0xe3e3e3e3,0xe3e3e3e3,0x00000000
0x130bed68,0xe3e3e3e3,0xe3e3e3e3,0x00000000
0x130bed74,0xe3e3e3e3,0xe3e3e3e3,0x00000000
0x130bed9c,0xe3e3e3e3,0xe3e3e3e3,0x00000000
0x130beda8,0xe3e3e3e3,0xe3e3e3e3,0x00000000
0x130bedb8,0xe3e3e3e3,0xe3e3e3e3,0x00000000
0x130bedbc,0xe3e3e3e3,0xe3e3e3e3,0x00000000
0x130bedc8,0xe3e3e3e3,0xe3e3e3e3,0x00000000
0x130bedd8,0xe3e3e3e3,0xe3e3e3e3,0x00000000
0x130beddc,0xd42ad4d4,0xd42ad4d4,0x00000000
0x130bede8,0x2ad42a2a,0x2ad42a2a,0x00000000
0x130bedec,0xd42a2ad4,0xd42a2ad4,0x00000000
0x130bedfc,0xe3d4d4d4,0xe3d4d4d4,0x00000000
0x130bee00,0x2a2a2ad4,0x2a2a2ad4,0x00000000
0x130bee04,0xd4d4e3e3,0xd4d4e3e3,0x00000000
0x130bee08,0xd4d42ae3,0xd4d42ae3,0x00000000
0x130bee0c,0xe3d4d4d4,0xe3d4d4d4,0x00000000
0x130bee10,0xd4d4e3d4,0xd4d4e3d4,0x00000000
0x130bee14,0xd4e3d4d4,0xd4e3d4d4,0x00000000
0x130bee18,0xd4e3d4d4,0xd4e3d4d4,0x00000000
0x130bee1c,0xe3e3d4e3,0xe3e3d4e3,0x00000000
0x130bee28,0xd4d4d4d4,0xd4d4d4d4,0x00000000
0x130bee2c,0xd4e3d4d4,0xd4e3d4d4,0x00000000
0x130bee38,0xd4e3bbd4,0xd4e3bbd4,0x00000000
0x130bee3c,0xe3e3d4e3,0xe3e3d4e3,0x00000000
0x130bee48,0xd4d4e32a,0xd4d4e32a,0x00000000
0x130bee4c,0x2a2a2a2a,0x2a2a2a2a,0x00000000
0x130bee58,0xbb787878,0xbb787878,0x00000000
0x130bee5c,0x8b2c2ed6,0x8b2c2ed6,0x00000000
0x130bee68,0xf7787878,0xf7787878,0x00000000
0x130bee6c,0x78787881,0x78787881,0x00000000
0x130bee70,0x7881fbd2,0x7881fbd2,0x00000000
0x130bee74,0xe98eaed7,0xe98eaed7,0x00000000
0x130bee78,0x3eaed7df,0x3eaed7df,0x00000000
0x130bee7c,0xdfdfdfdf,0xdfdfdfdf,0x00000000
0x130bee88,0x2c2ed6ae,0x2c2ed6ae,0x00000000
0x130bee8c,0xdfdf6666,0xdfdf6666,0x00000000
0x130bee98,0xdf66dfae,0xdf66dfae,0x00000000
0x130bee9c,0xd63ae88b,0xd63ae88b,0x00000000
0x130beea8,0x666666df,0x666666df,0x00000000
0x130beeac,0x66ae3e3a,0x66ae3e3a,0x00000000
0x130beeb0,0xaeae3ab0,0xaeae3ab0,0x00000000
0x130beeb4,0x8b8178bb,0x8b8178bb,0x00000000
0x130beeb8,0xd4d4bbbb,0xd4d4bbbb,0x00000000
0x130beebc,0xd47878bb,0xd47878bb,0x00000000
0x130beec8,0x3adf6666,0x3adf6666,0x00000000
0x130beecc,0x66666666,0x66666666,0x00000000
0x130beedc,0x66666666,0x66666666,0x00000000
0x130beee0,0x3eaeaedf,0x3eaeaedf,0x00000000
0x130beee4,0xdf66df66,0xdf66df66,0x00000000
0x130beee8,0x66666666,0x66666666,0x00000000
0x130beeec,0x6666df66,0x6666df66,0x00000000
0x130beef8,0xdf66df66,0xdf66df66,0x00000000
0x130beefc,0x666666df,0x666666df,0x00000000
0x130bef08,0x6666df66,0x6666df66,0x00000000
0x130bef0c,0x66df6666,0x66df6666,0x00000000
0x130bef18,0x666666df,0x666666df,0x00000000
0x130bef28,0x66666666,0x66666666,0x00000000
0x130bef2c,0x66666666,0x66666666,0x00000000
0x130bef38,0xdfdfdfdf,0xdfdfdfdf,0x00000000
0x130bef48,0x66666666,0x66666666,0x00000000
0x130bef4c,0x66666666,0x66666666,0x00000000
0x130bef5c,0xd7dfdfdf,0xd7dfdfdf,0x00000000
0x130bef68,0x6666df66,0x6666df66,0x00000000
0x130bef6c,0x66666666,0x66666666,0x00000000
0x130bef70,0xdfdfd7df,0xdfdfd7df,0x00000000
0x130bef74,0xdfdfdfdf,0xdfdfdfdf,0x00000000
0x130bef78,0xdfdfdfdf,0xdfdfdfdf,0x00000000
0x130bef7c,0xdfdfdfdf,0xdfdfdfdf,0x00000000
0x130bef88,0x6666aebb,0x6666aebb,0x00000000
0x130bef8c,0x28d4a8a8,0x28d4a8a8,0x00000000
0x130bef9c,0xaabbbbbb,0xaabbbbbb,0x00000000
0x130befa8,0xa8a82aa8,0xa8a82aa8,0x00000000
0x130befac,0xa82a2a2a,0xa82a2a2a,0x00000000
0x130befb8,0x28d4d428,0x28d4d428,0x00000000
0x130befbc,0xd42ad4d4,0xd42ad4d4,0x00000000
0x130befcc,0xa8a8a8a8,0xa8a8a8a8,0x00000000
0x130befd0,0xd4d4d4d4,0xd4d4d4d4,0x00000000
0x130befd4,0x282828b3,0x282828b3,0x00000000
0x130befd8,0xd4a8d4a8,0xd4a8d4a8,0x00000000
0x130befdc,0xd4282828,0xd4282828,0x00000000
0x130befec,0xa8a8a8a8,0xa8a8a8a8,0x00000000
0x130beff4,0x28282828,0x28282828,0x00000000
0x130beff8,0x282828b3,0x282828b3,0x00000000
0x130bf008,0x5b5b247f,0x5b5b247f,0x00000000
0x130bf00c,0xb47d9223,0xb47d9223,0x00000000
0x130bf010,0x5b597f7f,0x5b597f7f,0x00000000
0x130bf014,0x92927f92,0x92927f92,0x00000000
0x130bf018,0x5b49dada,0x5b49dada,0x00000000
0x130bf01c,0xdadadada,0xdadadada,0x00000000
0x130bf020,0xda82dada,0xda82dada,0x00000000
0x130bf024,0xda7f927f,0xda7f927f,0x00000000
0x130bf028,0x2392da23,0x2392da23,0x00000000
0x130bf02c,0x927f7f92,0x927f7f92,0x00000000
0x130bf038,0xdadadada,0xdadadada,0x00000000
0x130bf03c,0xda7f927f,0xda7f927f,0x00000000
0x130bf048,0x7d92da92,0x7d92da92,0x00000000
0x130bf04c,0x7d1f1f1f,0x7d1f1f1f,0x00000000
0x130bf050,0x92232323,0x92232323,0x00000000
0x130bf05c,0x237d1f1f,0x237d1f1f,0x00000000
0x130bf068,0x1f21cdcd,0x1f21cdcd,0x00000000
0x130bf070,0x1fb6cdcd,0x1fb6cdcd,0x00000000
0x130bf074,0x311f1f1f,0x311f1f1f,0x00000000
0x130bf07c,0x2f1f1f1f,0x2f1f1f1f,0x00000000
0x130bf0a4,0x1f1f1f1f,0x1f1f1f1f,0x00000000
0x130bf0a8,0xc1cdcd2f,0xc1cdcd2f,0x00000000
0x130bf0ac,0x1f1f1f1f,0x1f1f1f1f,0x00000000
0x130bf0b0,0xc1cdcd2f,0xc1cdcd2f,0x00000000
0x130bf0b4,0x1f1f1f1f,0x1f1f1f1f,0x00000000
0x130bf0cc,0x1f475b5b,0x1f475b5b,0x00000000
0x130bf0d0,0x1f1f1f1f,0x1f1f1f1f,0x00000000
0x130bf0d4,0x1f475b5b,0x1f475b5b,0x00000000
0x130bf0e0,0x5a247f7f,0x5a247f7f,0x00000000
0x130bf0e8,0x5b5b4923,0x5b5b4923,0x00000000
0x130bf0ec,0x23da495b,0x23da495b,0x00000000
0x130bf0f0,0x5b5b5b48,0x5b5b5b48,0x00000000
0x130bf0f4,0x82dada24,0x82dada24,0x00000000
0x130bf0f8,0x5b5b5b5b,0x5b5b5b5b,0x00000000
0x130bf0fc,0x5a498282,0x5a498282,0x00000000
0x130bf108,0x5b5b5b5b,0x5b5b5b5b,0x00000000
0x130bf10c,0x5b5b5b5b,0x5b5b5b5b,0x00000000
0x130bf110,0x595b5b5b,0x595b5b5b,0x00000000
0x130bf114,0x5b5b5b5b,0x5b5b5b5b,0x00000000
0x130bf118,0x24495a5b,0x24495a5b,0x00000000
0x130bf908,0x4a24da7f,0x4a24da7f,0x00000000
0x130bf914,0x827f7fda,0x827f7fda,0x00000000
0x130bfa34,0xb8c3c3c3,0xb8c3c3c3,0x00000000
0x130bfae8,0xb8b8b8c3,0xb8b8b8c3,0x00000000
0x130bfaec,0xc3b8b8b1,0xc3b8b8b1,0x00000000
0x130bfaf4,0xb8c3f2c3,0xb8c3f2c3,0x00000000
0x130bfaf8,0xc3b8b8b8,0xc3b8b8b8,0x00000000
0x130bfafc,0xb8c38585,0xb8c38585,0x00000000
0x130bfb10,0xb1b1b1c3,0xb1b1b1c3,0x00000000
0x130bfb4c,0x8d8db1b1,0x8d8db1b1,0x00000000
0x130bfb50,0x8db1b1c3,0x8db1b1c3,0x00000000
0x130bfb54,0xb1b1b1b1,0xb1b1b1b1,0x00000000
0x130bfb58,0xb18db1b1,0xb18db1b1,0x00000000
0x130bfb5c,0xb1b1b1c3,0xb1b1b1c3,0x00000000
0x130bfb60,0xb1b1c3b1,0xb1b1c3b1,0x00000000
0x130bfb64,0xc3c3b1c3,0xc3c3b1c3,0x00000000
0x130bfb68,0xb1b1b1b1,0xb1b1b1b1,0x00000000
0x130bfb6c,0xb1c3b1b1,0xb1c3b1b1,0x00000000
0x130bfb70,0x8d8d8d8d,0x8d8d8d8d,0x00000000
0x130bfb74,0x8db18d8d,0x8db18d8d,0x00000000
0x130bfb78,0xb1b1b1b1,0xb1b1b1b1,0x00000000
0x130bfb7c,0xb1c3c3c3,0xb1c3c3c3,0x00000000
0x130bfb88,0xb1b1b1b1,0xb1b1b1b1,0x00000000
0x130bfb8c,0xb1b1b11a,0xb1b1b11a,0x00000000
0x130bfb90,0x8de2b1b1,0x8de2b1b1,0x00000000
0x130bfb94,0xb18d8d1b,0xb18d8d1b,0x00000000
0x130bfb98,0xc3c3f2c3,0xc3c3f2c3,0x00000000
0x130bfb9c,0xc3c3b11d,0xc3c3b11d,0x00000000
0x130bfbb0,0x17000000,0x17000000,0x00000000
0x130bfbb8,0x19020000,0x19020000,0x00000000
0x130bfbcc,0x17000000,0x17000000,0x00000000
0x130bfbd0,0x8ce28d1a,0x8ce28d1a,0x00000000
0x130bfbd4,0x12000000,0x12000000,0x00000000
0x130bfbd8,0xf2c3f219,0xf2c3f219,0x00000000
0x130bfbdc,0x11000000,0x11000000,0x00000000
0x130bfbec,0xd1d4d42a,0xd1d4d42a,0x00000000
0x130bfbf4,0xb32a2a2a,0xb32a2a2a,0x00000000
0x130bfbfc,0x7828d4d4,0x7828d4d4,0x00000000
0x130bfc0c,0x2828d4d4,0x2828d4d4,0x00000000
0x130bfc10,0x2a2aa8a8,0x2a2aa8a8,0x00000000
0x130bfc14,0xa8a8a8d4,0xa8a8a8d4,0x00000000
0x130bfc18,0xd4d4d4b3,0xd4d4d4b3,0x00000000
0x130bfc1c,0xb3b3b3b3,0xb3b3b3b3,0x00000000
0x130bfc2c,0xd4d4e6e6,0xd4d4e6e6,0x00000000
0x130bfc34,0xa8d4e6e6,0xa8d4e6e6,0x00000000
0x130bfc38,0xb3b328b3,0xb3b328b3,0x00000000
0x130bfc3c,0xb3b3baf3,0xb3b3baf3,0x00000000
0x130bfc68,0x9ee6e6e6,0x9ee6e6e6,0x00000000
0x130bfc74,0x9f9f9f9f,0x9f9f9f9f,0x00000000
0x130bfc78,0xf3f3f3f3,0xf3f3f3f3,0x00000000
0x130bfc7c,0xf3f3f3f3,0xf3f3f3f3,0x00000000
0x130bfc94,0x9f9fe6e6,0x9f9fe6e6,0x00000000
0x130bfc98,0xf3f3f3f3,0xf3f3f3f3,0x00000000
0x130bfc9c,0xf3f3f3f3,0xf3f3f3f3,0x00000000
0x130bfcac,0xe6e6e6e6,0xe6e6e6e6,0x00000000
0x130bfcb0,0x9f9f9fe3,0x9f9f9fe3,0x00000000
0x130bfcb4,0xe39fe6e6,0xe39fe6e6,0x00000000
0x130bfcb8,0xf3f3f3f3,0xf3f3f3f3,0x00000000
0x130bfcbc,0xf3f3f3f3,0xf3f3f3f3,0x00000000
0x130bfcc8,0xe6e6e6e6,0xe6e6e6e6,0x00000000
0x130bfcf8,0xbaba8080,0xbaba8080,0x00000000
0x130bfd10,0x88f395f7,0x88f395f7,0x00000000
0x130bfd30,0xe6e3e3e3,0xe6e3e3e3,0x00000000
0x130bfd34,0xe3e6e3e3,0xe3e6e3e3,0x00000000
0x130bfd38,0xf395f7f7,0xf395f7f7,0x00000000
0x130bfd3c,0xe6f7e6e6,0xe6f7e6e6,0x00000000
0x130bfd5c,0xf7e6f7f7,0xf7e6f7f7,0x00000000
0x130bfd74,0xe6f795f7,0xe6f795f7,0x00000000
0x130bfd78,0xf7f7f7f7,0xf7f7f7f7,0x00000000
0x130bfd7c,0xf7959595,0xf7959595,0x00000000
0x130bfd80,0xf7e3e3e6,0xf7e3e3e6,0x00000000
0x130bfd84,0xe6e3e6e6,0xe6e3e6e6,0x00000000
0x130bfda8,0xf795f7f7,0xf795f7f7,0x00000000
0x130bfdac,0xf7e6f7f7,0xf7e6f7f7,0x00000000
0x130bfdb4,0xf7f7f781,0xf7f7f781,0x00000000
0x130bfdb8,0xba95bdd2,0xba95bdd2,0x00000000
0x130bfdbc,0x398ede65,0x398ede65,0x00000000
0x130bfdcc,0x812ce83a,0x812ce83a,0x00000000
0x130bfdd0,0xfbb08ede,0xfbb08ede,0x00000000
0x130bfdd4,0x65656565,0x65656565,0x00000000
0x130bfdd8,0xdfdf6565,0xdfdf6565,0x00000000
0x130bfddc,0x656565df,0x656565df,0x00000000
0x130bfdec,0x65656565,0x65656565,0x00000000
0x130bfdf0,0xdf656565,0xdf656565,0x00000000
0x130bfdf4,0x656565df,0x656565df,0x00000000
0x130bfdf8,0xdfdfd73e,0xdfdfd73e,0x00000000
0x130bfdfc,0xcfd22cbd,0xcfd22cbd,0x00000000
0x130bfe08,0x65656666,0x65656666,0x00000000
0x130bfe0c,0xdfaed62e,0xdfaed62e,0x00000000
0x130bfe10,0xde8e2efb,0xde8e2efb,0x00000000
0x130bfe14,0xbde3e3f7,0xbde3e3f7,0x00000000
0x130bfe18,0xe3bbbbf7,0xe3bbbbf7,0x00000000
0x130bfe1c,0x78bbbbba,0x78bbbbba,0x00000000
0x130bfe2c,0xe3bb78bb,0xe3bb78bb,0x00000000
0x130bfe30,0xbbe3e3e3,0xbbe3e3e3,0x00000000
0x130bfe34,0xe3e3e3e3,0xe3e3e3e3,0x00000000
0x130bfe38,0x78e3bbe3,0x78e3bbe3,0x00000000
0x130bfe3c,0xbbbbe3e3,0xbbbbe3e3,0x00000000
0x130bfe4c,0xf778f7f7,0xf778f7f7,0x00000000
0x130bfe50,0xd4d4e3e3,0xd4d4e3e3,0x00000000
0x130bfe54,0xbbf7f7f7,0xbbf7f7f7,0x00000000
0x130bfe58,0xe3e3e3d4,0xe3e3e3d4,0x00000000
0x130bfe5c,0xbbf7f7f7,0xbbf7f7f7,0x00000000
0x130bfe6c,0xf7bbbbbb,0xf7bbbbbb,0x00000000
0x130bfe70,0xf7bbbbbb,0xf7bbbbbb,0x00000000
0x130bfe74,0xbbbbbbbb,0xbbbbbbbb,0x00000000
0x130bfe78,0xf7bbbbbb,0xf7bbbbbb,0x00000000
0x130bfe7c,0xbbbbbbbb,0xbbbbbbbb,0x00000000
0x130bfe8c,0x2a2a2a2a,0x2a2a2a2a,0x00000000
0x130bfe90,0xbbbbbbd4,0xbbbbbbd4,0x00000000
0x130bfe94,0xd4d4d42a,0xd4d4d42a,0x00000000
0x130bfe98,0xbbbbbbd4,0xbbbbbbd4,0x00000000
0x130bfe9c,0xd42a2a2a,0xd42a2a2a,0x00000000
0x130bfeac,0xd4d4d4d4,0xd4d4d4d4,0x00000000
0x130bfeb0,0x2ad4d4d4,0x2ad4d4d4,0x00000000
0x130bfeb4,0xd4d4d4d4,0xd4d4d4d4,0x00000000
0x130bfeb8,0x2a2ad42a,0x2a2ad42a,0x00000000
0x130bfebc,0x2a2a2ae3,0x2a2a2ae3,0x00000000
0x130bfecc,0xdedf6666,0xdedf6666,0x00000000
0x130bfed0,0xbb78bb78,0xbb78bb78,0x00000000
0x130bfed4,0xb0dfdf66,0xb0dfdf66,0x00000000
0x130bfed8,0x78787878,0x78787878,0x00000000
0x130bfedc,0x81ae6666,0x81ae6666,0x00000000
0x130bfeec,0x66dfdf66,0x66dfdf66,0x00000000
0x130bfef0,0x6666df66,0x6666df66,0x00000000
0x130bfef4,0x6666df66,0x6666df66,0x00000000
0x130bfef8,0x6666df66,0x6666df66,0x00000000
0x130bfefc,0x6666df66,0x6666df66,0x00000000
0x130bff0c,0x66df6666,0x66df6666,0x00000000
0x130bff10,0x66666666,0x66666666,0x00000000
0x130bff14,0xdfdfdfdf,0xdfdfdfdf,0x00000000
0x130bff18,0x66dfdf66,0x66dfdf66,0x00000000
0x130bff1c,0x66dfdfdf,0x66dfdfdf,0x00000000
0x130bff2c,0xdfdfdfdf,0xdfdfdfdf,0x00000000
0x130bff30,0xdfdf6666,0xdfdf6666,0x00000000
0x130bff34,0x666666df,0x666666df,0x00000000
0x130bff38,0xdfdfdfdf,0xdfdfdfdf,0x00000000
0x130bff3c,0xdfdfdfdf,0xdfdfdfdf,0x00000000
0x130bff48,0xdfdf6666,0xdfdf6666,0x00000000
0x130bff4c,0xdfdfdfdf,0xdfdfdfdf,0x00000000
0x130bff50,0x66666666,0x66666666,0x00000000
0x130bff54,0xdfdfdf66,0xdfdfdf66,0x00000000
0x130bff58,0xdfdfdfdf,0xdfdfdfdf,0x00000000
0x130bff5c,0xd7d7dfdf,0xd7d7dfdf,0x00000000
0x130bff68,0xdfdfdf66,0xdfdfdf66,0x00000000
0x130bff6c,0x66dfdfdf,0x66dfdfdf,0x00000000
0x130bff70,0x66df6666,0x66df6666,0x00000000
0x130bff74,0x66666666,0x66666666,0x00000000
0x130bff78,0xdfdfdfd7,0xdfdfdfd7,0x00000000
0x130bff7c,0xd7dfdfdf,0xd7dfdfdf,0x00000000
0x130bff88,0xdfdfdfdf,0xdfdfdfdf,0x00000000
0x130bff8c,0x3eaa78bb,0x3eaa78bb,0x00000000
0x130bff90,0x66666666,0x66666666,0x00000000
0x130bff94,0xdfbdbbd4,0xdfbdbbd4,0x00000000
0x130bff98,0xdfdfdfdf,0xdfdfdfdf,0x00000000
0x130bff9c,0xd7839378,0xd7839378,0x00000000
0x130bffa8,0x28bb2828,0x28bb2828,0x00000000
0x130bffac,0xd42a2ad4,0xd42a2ad4,0x00000000
0x130bffb0,0xd4d4d4a8,0xd4d4d4a8,0x00000000
0x130bffb4,0xa82a2a2a,0xa82a2a2a,0x00000000
0x130bffb8,0x7878aab3,0x7878aab3,0x00000000
0x130bffbc,0xbbbb2828,0xbbbb2828,0x00000000
0x130bffc8,0xd42a2ad4,0xd42a2ad4,0x00000000
0x130bffcc,0xd4d4d428,0xd4d4d428,0x00000000
0x130bffd0,0x2a2a2a2a,0x2a2a2a2a,0x00000000
0x130bffd4,0x2aa8a8a8,0x2aa8a8a8,0x00000000
0x130bffd8,0xd4d4d4d4,0xd4d4d4d4,0x00000000
0x130bffdc,0xd4b3b3b3,0xd4b3b3b3,0x00000000
0x130bffe8,0xd4d4d428,0xd4d4d428,0x00000000
0x130bffec,0xd42828d4,0xd42828d4,0x00000000
0x130bfff0,0xa8d4d4a8,0xa8d4d4a8,0x00000000
0x130bfff4,0xa8a8a8a8,0xa8a8a8a8,0x00000000
0x130bfff8,0xb3b3b3b3,0xb3b3b3b3,0x00000000
0x130bfffc,0x28b3b3b3,0x28b3b3b3,0x00000000
0x130c0008,0xda239282,0xda239282,0x00000000
0x130c0010,0x927d9a7d,0x927d9a7d,0x00000000
0x130c0014,0x237d7d23,0x237d7d23,0x00000000
0x130c0018,0xdada927d,0xdada927d,0x00000000
0x130c001c,0x7d92dada,0x7d92dada,0x00000000
0x130c0028,0xdada927f,0xdada927f,0x00000000
0x130c0030,0x92929223,0x92929223,0x00000000
0x130c0034,0x7d7d2392,0x7d7d2392,0x00000000
0x130c0038,0xdadadada,0xdadadada,0x00000000
0x130c003c,0xda9292da,0xda9292da,0x00000000
0x130c0048,0xdada9223,0xdada9223,0x00000000
0x130c0050,0x23237d7d,0x23237d7d,0x00000000
0x130c0054,0x7d7d7d23,0x7d7d7d23,0x00000000
0x130c0058,0xda927f92,0xda927f92,0x00000000
0x130c005c,0x92929292,0x92929292,0x00000000
0x130c0068,0xb431a6b4,0xb431a6b4,0x00000000
0x130c0070,0x8f31b647,0x8f31b647,0x00000000
0x130c0074,0x5757487d,0x5757487d,0x00000000
0x130c0078,0xc5319258,0xc5319258,0x00000000
0x130c007c,0x5b57471f,0x5b57471f,0x00000000
0x130c0088,0x1f1f1f1f,0x1f1f1f1f,0x00000000
0x130c0090,0x1f1f1f1f,0x1f1f1f1f,0x00000000
0x130c0094,0x1f1f1f2f,0x1f1f1f2f,0x00000000
0x130c0098,0x1f1f1f1f,0x1f1f1f1f,0x00000000
0x130c009c,0x1f1f1f31,0x1f1f1f31,0x00000000
0x130c00a8,0xcdc1cd21,0xcdc1cd21,0x00000000
0x130c00ac,0x1f1f1f1f,0x1f1f1f1f,0x00000000
0x130c00b0,0xcdcdcd21,0xcdcdcd21,0x00000000
0x130c00b4,0x1f1f1f1f,0x1f1f1f1f,0x00000000
0x130c00b8,0xcdc1cd21,0xcdc1cd21,0x00000000
0x130c00bc,0x1f1f1f1f,0x1f1f1f1f,0x00000000
0x130c00c8,0x1f1f1f1f,0x1f1f1f1f,0x00000000
0x130c00cc,0x7d505b5b,0x7d505b5b,0x00000000
0x130c00d0,0x1f1f1f1f,0x1f1f1f1f,0x00000000
0x130c00d4,0xb4585b5b,0xb4585b5b,0x00000000
0x130c00d8,0x1f1f1f1f,0x1f1f1f1f,0x00000000
0x130c00dc,0x775a5b5b,0x775a5b5b,0x00000000
0x130c00e8,0x5b5b5b5b,0x5b5b5b5b,0x00000000
0x130c00ec,0x5b5b5b5b,0x5b5b5b5b,0x00000000
0x130c00f0,0x5b5b5b5b,0x5b5b5b5b,0x00000000
0x130c00f4,0x5b5b5b5b,0x5b5b5b5b,0x00000000
0x130c00f8,0x5b5b5b5b,0x5b5b5b5b,0x00000000
0x130c00fc,0x5b5b5b5b,0x5b5b5b5b,0x00000000
0x130c010c,0x5b5b5b5b,0x5b5b5b5b,0x00000000
0x130c0110,0x5b5b5b5b,0x5b5b5b5b,0x00000000
0x130c0114,0x5b5b5b5b,0x5b5b5b5b,0x00000000
0x130c0118,0x5b5b5b5b,0x5b5b5b5b,0x00000000
0x130c011c,0x5b5b5b5b,0x5b5b5b5b,0x00000000
0x130c0128,0x5b5b5b59,0x5b5b5b59,0x00000000
0x130c012c,0xda5a5b51,0xda5a5b51,0x00000000
0x130c0130,0x5b5b5b5b,0x5b5b5b5b,0x00000000
0x130c0134,0xda495b4a,0xda495b4a,0x00000000
0x130c0138,0x5b5b5b5b,0x5b5b5b5b,0x00000000
0x130c013c,0x49825b51,0x49825b51,0x00000000
0x130c0148,0xe6e3e6e3,0xe6e3e6e3,0x00000000
0x130c014c,0xe3e3e395,0xe3e3e395,0x00000000
0x130c0150,0xbae6e6e6,0xbae6e6e6,0x00000000
0x130c0154,0xe6f7ec04,0xe6f7ec04,0x00000000
0x130c0158,0xe6e6e6e6,0xe6e6e6e6,0x00000000
0x130c015c,0xe395db00,0xe395db00,0x00000000
0x130c0168,0x05940000,0x05940000,0x00000000
0x130c0194,0x17191919,0x17191919,0x00000000
0x130c019c,0x17191919,0x17191919,0x00000000
0x130c01a8,0x19191919,0x19191919,0x00000000
0x130c01b0,0x19191919,0x19191919,0x00000000
0x130c01b4,0x191a859d,0x191a859d,0x00000000
0x130c01cc,0x919d9d9d,0x919d9d9d,0x00000000
0x130c01d0,0x9d859d9d,0x9d859d9d,0x00000000
0x130c01d4,0x9d9d9d9d,0x9d9d9d9d,0x00000000
0x130c01d8,0x9d9d9d9d,0x9d9d9d9d,0x00000000
0x130c01dc,0x91919d9d,0x91919d9d,0x00000000
0x130c01e8,0x91b8b8b8,0x91b8b8b8,0x00000000
0x130c01ec,0x9d9dc3b8,0x9d9dc3b8,0x00000000
0x130c01f0,0x9d9d9191,0x9d9d9191,0x00000000
0x130c01f4,0x91b8b891,0x91b8b891,0x00000000
0x130c0208,0x9d859d9d,0x9d859d9d,0x00000000
0x130c0210,0xb89d9db8,0xb89d9db8,0x00000000
0x130c0214,0xc39db8c3,0xc39db8c3,0x00000000
0x130c0218,0xc3b8b89d,0xc3b8b89d,0x00000000
0x130c0228,0xb8b8b8b8,0xb8b8b8b8,0x00000000
0x130c022c,0x9d9dc3c3,0x9d9dc3c3,0x00000000
0x130c0230,0xc3b8b885,0xc3b8b885,0x00000000
0x130c0234,0x9db8b8c3,0x9db8b8c3,0x00000000
0x130c0238,0xc3c3c39d,0xc3c3c39d,0x00000000
0x130c023c,0xc3c3b8b8,0xc3c3b8b8,0x00000000
0x130c0404,0xd4d4d4b3,0xd4d4d4b3,0x00000000
0x130c0408,0x2a2aa8a8,0x2a2aa8a8,0x00000000
0x130c040c,0xa8a8a828,0xa8a8a828,0x00000000
0x130c0410,0xd428d4b3,0xd428d4b3,0x00000000
0x130c0414,0x78b3b3aa,0x78b3b3aa,0x00000000
0x130c0428,0xa8a8a8a8,0xa8a8a8a8,0x00000000
0x130c042c,0xa82ae6e6,0xa82ae6e6,0x00000000
0x130c0430,0x78b378b3,0x78b378b3,0x00000000
0x130c0434,0xb3b3f3f3,0xb3b3f3f3,0x00000000
0x130c0444,0xe69f5b4a,0xe69f5b4a,0x00000000
0x130c0448,0xe6e6e6e6,0xe6e6e6e6,0x00000000
0x130c044c,0xe6e65a5a,0xe6e65a5a,0x00000000
0x130c0450,0xf3f3f3f3,0xf3f3f3f3,0x00000000
0x130c0454,0xf376c85b,0xf376c85b,0x00000000
0x130c0458,0xe6e6e6e6,0xe6e6e6e6,0x00000000
0x130c045c,0xe69ee65b,0xe69ee65b,0x00000000
0x130c0468,0xe6e69f9f,0xe6e69f9f,0x00000000
0x130c046c,0x9f9f9fe6,0x9f9f9fe6,0x00000000
0x130c0470,0xf3baf3f3,0xf3baf3f3,0x00000000
0x130c0474,0xf3f3f3f3,0xf3f3f3f3,0x00000000
0x130c048c,0x9f9f9f9f,0x9f9f9f9f,0x00000000
0x130c0490,0xf3f3f3f3,0xf3f3f3f3,0x00000000
0x130c0494,0xf3f3f3f3,0xf3f3f3f3,0x00000000
0x130c04ac,0xe6e6e3e3,0xe6e6e3e3,0x00000000
0x130c04b0,0xf3f3f3f3,0xf3f3f3f3,0x00000000
0x130c04b4,0xbaf3f3f3,0xbaf3f3f3,0x00000000
0x130c04b8,0xe6e6e6e6,0xe6e6e6e6,0x00000000
0x130c04bc,0xe6e6e6e6,0xe6e6e6e6,0x00000000
0x130c04c8,0xe6e6e6e6,0xe6e6e6e6,0x00000000
0x130c04cc,0xe6e6e6f3,0xe6e6e6f3,0x00000000
0x130c04d0,0xf3bababa,0xf3bababa,0x00000000
0x130c04d4,0xbaba8080,0xbaba8080,0x00000000
0x130c0534,0xbabababa,0xbabababa,0x00000000
0x130c0554,0xbabababa,0xbabababa,0x00000000
0x130c0574,0x398edea1,0x398edea1,0x00000000
0x130c0594,0x65656565,0x65656565,0x00000000
0x130c05b4,0xde8eb0fb,0xde8eb0fb,0x00000000
0x130c05d4,0xf7e3e3f7,0xf7e3e3f7,0x00000000
0x130c05f4,0xe3f7f7e3,0xe3f7f7e3,0x00000000
0x130c0614,0xbbf7e3e3,0xbbf7e3e3,0x00000000
0x130c0634,0xe3e3e3d4,0xe3e3e3d4,0x00000000
0x130c0654,0xd4bbbbbb,0xd4bbbbbb,0x00000000
0x130c0674,0xe3e3e3e3,0xe3e3e3e3,0x00000000
0x130c0694,0x2a2ad42a,0x2a2ad42a,0x00000000
0x130c06b4,0x2a2a2a2a,0x2a2a2a2a,0x00000000
0x130c06d4,0xbb788e66,0xbb788e66,0x00000000
0x130c06f4,0x666666df,0x666666df,0x00000000
0x130c0714,0xdfdfdfdf,0xdfdfdfdf,0x00000000
0x130c0734,0xdfdfdfdf,0xdfdfdfdf,0x00000000
0x130c0754,0xdfdfdfdf,0xdfdfdfdf,0x00000000
0x130c0774,0xdfdfdfd7,0xdfdfdfd7,0x00000000
0x130c0794,0xdfdfc093,0xdfdfc093,0x00000000
0x130c07b4,0xbb2828d4,0xbb2828d4,0x00000000
0x130c07d4,0xd4b378b3,0xd4b378b3,0x00000000
0x130c07f4,0x78b3b3b3,0x78b3b3b3,0x00000000
0x130c081c,0xdadadada,0xdadadada,0x00000000
0x130c0828,0x23232392,0x23232392,0x00000000
0x130c082c,0x9292927f,0x9292927f,0x00000000
0x130c0838,0xda7f7f7f,0xda7f7f7f,0x00000000
0x130c083c,0xda7fdada,0xda7fdada,0x00000000
0x130c0840,0xda7f7fda,0xda7f7fda,0x00000000
0x130c0844,0x92929292,0x92929292,0x00000000
0x130c0848,0x92922323,0x92922323,0x00000000
0x130c084c,0x237db48f,0x237db48f,0x00000000
0x130c0858,0xdada92da,0xdada92da,0x00000000
0x130c085c,0x7f7f2331,0x7f7f2331,0x00000000
0x130c086c,0x5b58771f,0x5b58771f,0x00000000
0x130c087c,0x5b58b41f,0x5b58b41f,0x00000000
0x130c088c,0x1f1f1f31,0x1f1f1f31,0x00000000
0x130c0890,0x1f1f1f1f,0x1f1f1f1f,0x00000000
0x130c0894,0x1f1f21cd,0x1f1f21cd,0x00000000
0x130c0898,0x1f1f1f1f,0x1f1f1f1f,0x00000000
0x130c089c,0x1f1f21cd,0x1f1f21cd,0x00000000
0x130c08ac,0x1f1f1f1f,0x1f1f1f1f,0x00000000
0x130c08bc,0x1f1f1f1f,0x1f1f1f1f,0x00000000
0x130c08cc,0x585b5b5b,0x585b5b5b,0x00000000
0x130c08d8,0x1f1fb458,0x1f1fb458,0x00000000
0x130c08dc,0x5b5b5b5b,0x5b5b5b5b,0x00000000
0x130c08ec,0x5b5b5b5b,0x5b5b5b5b,0x00000000
0x130c08f8,0x5b5b5b5b,0x5b5b5b5b,0x00000000
0x130c090c,0x5b5b5b5b,0x5b5b5b5b,0x00000000
0x130c0918,0x5b5b5b5b,0x5b5b5b5b,0x00000000
0x130c092c,0x5b49da9f,0x5b49da9f,0x00000000
0x130c093c,0x5b5b5924,0x5b5b5924,0x00000000
0x130c094c,0xf3db0000,0xf3db0000,0x00000000
0x130c0950,0xe3e6e6e6,0xe3e6e6e6,0x00000000
0x130c0954,0x95040000,0x95040000,0x00000000
0x130c0958,0xe3e6e3e3,0xe3e6e3e3,0x00000000
0x130c095c,0xe6fe0000,0xe6fe0000,0x00000000
0x130c0984,0x12191919,0x12191919,0x00000000
0x130c098c,0x17191919,0x17191919,0x00000000
0x130c0998,0x00101919,0x00101919,0x00000000
0x130c099c,0x19191b9d,0x19191b9d,0x00000000
0x130c09a8,0x191a859d,0x191a859d,0x00000000
0x130c09ac,0x9d859d9d,0x9d859d9d,0x00000000
0x130c09b0,0x1d9d9d85,0x1d9d9d85,0x00000000
0x130c09b4,0x9d9d9d9d,0x9d9d9d9d,0x00000000
0x130c09b8,0x9d919d9d,0x9d919d9d,0x00000000
0x130c09bc,0x9d9d9d9d,0x9d9d9d9d,0x00000000
0x130c09c8,0x85859d9d,0x85859d9d,0x00000000
0x130c09cc,0x9d9d9d9d,0x9d9d9d9d,0x00000000
0x130c09dc,0x9d9d9d9d,0x9d9d9d9d,0x00000000
0x130c09e8,0x9d9d9d9d,0x9d9d9d9d,0x00000000
0x130c09ec,0x9d9d9d9d,0x9d9d9d9d,0x00000000
0x130c09f8,0x9d9d9d9d,0x9d9d9d9d,0x00000000
0x130c09fc,0x9d9d9d9d,0x9d9d9d9d,0x00000000
0x130c0a00,0xc3b8c39d,0xc3b8c39d,0x00000000
0x130c0a04,0x8585c3b8,0x8585c3b8,0x00000000
0x130c0a08,0x9d9dc39d,0x9d9dc39d,0x00000000
0x130c0a0c,0x85859d9d,0x85859d9d,0x00000000
0x130c0a18,0x9db89185,0x9db89185,0x00000000
0x130c0a28,0x859d9db8,0x859d9db8,0x00000000
0x130c0a2c,0xb89d9dc3,0xb89d9dc3,0x00000000
0x130c0a30,0x85858585,0x85858585,0x00000000
0x130c0a34,0x9d9db8b8,0x9d9db8b8,0x00000000
0x130c0a38,0xb8c38585,0xb8c38585,0x00000000
0x130c0a3c,0x85859db8,0x85859db8,0x00000000
0x130c0a40,0x9d859db8,0x9d859db8,0x00000000
0x130c0a44,0xb89dc3b8,0xb89dc3b8,0x00000000
0x130c0a48,0x859dc39d,0x859dc39d,0x00000000
0x130c0a4c,0xc3c39dc3,0xc3c39dc3,0x00000000
0x130c0a5c,0xb8b88db8,0xb8b88db8,0x00000000
0x130c0a68,0x9d9d9d9d,0x9d9d9d9d,0x00000000
0x130c0a6c,0x9dc3c3c3,0x9dc3c3c3,0x00000000
0x130c0a78,0xc3b8b88d,0xc3b8b88d,0x00000000
0x130c0a7c,0xc3b8b8b8,0xc3b8b8b8,0x00000000
0x130c0a88,0xc3c39dc3,0xc3c39dc3,0x00000000
0x130c0a8c,0x9d858585,0x9d858585,0x00000000
0x130c0a98,0xb8b8b8b8,0xb8b8b8b8,0x00000000
0x130c0a9c,0xb8c3b8b8,0xb8c3b8b8,0x00000000
0x130c0aa8,0x85858585,0x85858585,0x00000000
0x130c0aac,0x859dc3c3,0x859dc3c3,0x00000000
0x130c0abc,0xb8c3c3b8,0xb8c3c3b8,0x00000000
0x130c0acc,0xb8b8c3c3,0xb8b8c3c3,0x00000000
0x130c0ad0,0xb8b8c3c3,0xb8b8c3c3,0x00000000
0x130c0ad4,0xc3c3b8c3,0xc3c3b8c3,0x00000000
0x130c0ad8,0xc3b8b8c3,0xc3b8b8c3,0x00000000
0x130c0adc,0xb8b8b89d,0xb8b8b89d,0x00000000
0x130c0ae0,0xb8b8c3c3,0xb8b8c3c3,0x00000000
0x130c0ae4,0xb88db1c3,0xb88db1c3,0x00000000
0x130c0ae8,0xb1b8b8c3,0xb1b8b8c3,0x00000000
0x130c0aec,0xb8b1b1c3,0xb8b1b1c3,0x00000000
0x130c0af8,0xc3b8b8b1,0xc3b8b8b1,0x00000000
0x130c0afc,0xb1b8b18d,0xb1b8b18d,0x00000000
0x130c0b08,0xb8b18db1,0xb8b18db1,0x00000000
0x130c0b0c,0xb1b1ad66,0xb1b1ad66,0x00000000
0x130c0b10,0xb18db18d,0xb18db18d,0x00000000
0x130c0b14,0x8d8d66ad,0x8d8d66ad,0x00000000
0x130c0b18,0x8db1f2b1,0x8db1f2b1,0x00000000
0x130c0b1c,0x8ddf86b1,0x8ddf86b1,0x00000000
0x130c0b2c,0xb18dc3b1,0xb18dc3b1,0x00000000
0x130c0b3c,0x8db1b1b1,0x8db1b1b1,0x00000000
0x130c0b4c,0xc3b1b1b1,0xc3b1b1b1,0x00000000
0x130c0b58,0x8db18d8d,0x8db18d8d,0x00000000
0x130c0b5c,0x8db1b1b1,0x8db1b1b1,0x00000000
0x130c0b6c,0xb1b1c3c3,0xb1b1c3c3,0x00000000
0x130c0b78,0xb1b1b18d,0xb1b1b18d,0x00000000
0x130c0b8c,0xb1b1b1b1,0xb1b1b1b1,0x00000000
0x130c0b90,0xf21a8db1,0xf21a8db1,0x00000000
0x130c0b94,0x8c8c8c8c,0x8c8c8c8c,0x00000000
0x130c0b98,0x1a191dc3,0x1a191dc3,0x00000000
0x130c0b9c,0x8c8c8cb1,0x8c8c8cb1,0x00000000
0x130c0bb0,0xb11a1700,0xb11a1700,0x00000000
0x130c1b3c,0xb1b18d8d,0xb1b18d8d,0x00000000
0x130c1b84,0x8d8db1b1,0x8d8db1b1,0x00000000
0x130c1bcc,0x1a100000,0x1a100000,0x00000000
0x130c1cc0,0x96f4c9d9,0x96f4c9d9,0x00000000
0x130c1e34,0xe3e3d4e3,0xe3e3d4e3,0x00000000
0x130c1e40,0x2a2a2ad4,0x2a2a2ad4,0x00000000
0x130c2bfc,0xbbbbbb28,0xbbbbbb28,0x00000000
0x130c2dc8,0xe3e6e3e3,0xe3e6e3e3,0x00000000
0x130c2e2c,0x2a2a2a2a,0x2a2a2a2a,0x00000000
0x130c2e3c,0xe3e3e3d4,0xe3e3e3d4,0x00000000
0x130c2e5c,0x2a2ae3e3,0x2a2ae3e3,0x00000000
0x130c2e6c,0x2a2a2a2a,0x2a2a2a2a,0x00000000
0x130c2e70,0x2a2a2a2a,0x2a2a2a2a,0x00000000
0x130c2e74,0x2ad42a2a,0x2ad42a2a,0x00000000
0x130c2e78,0xd42a2a2a,0xd42a2a2a,0x00000000
0x130c2e7c,0xd4d42a2a,0xd4d42a2a,0x00000000
0x130c2e8c,0x2a2a2a2a,0x2a2a2a2a,0x00000000
0x130c2e90,0x2a2a2a2a,0x2a2a2a2a,0x00000000
0x130c2e94,0x2a2a2a2a,0x2a2a2a2a,0x00000000
0x130c2e98,0x2a2a2a2a,0x2a2a2a2a,0x00000000
0x130c2e9c,0x2a2a2a2a,0x2a2a2a2a,0x00000000
0x130c2ea8,0x2a2a2a2a,0x2a2a2a2a,0x00000000
0x130c2eb0,0x2a2a2a2a,0x2a2a2a2a,0x00000000
0x130c2eb4,0x2a2a2a2a,0x2a2a2a2a,0x00000000
0x130c2eb8,0x2a2a2a2a,0x2a2a2a2a,0x00000000
0x130c2ebc,0x2a2a2a2a,0x2a2a2a2a,0x00000000
0x130c2ed0,0x2a2a2a2a,0x2a2a2a2a,0x00000000
0x130c2ed4,0x2a2a2a2a,0x2a2a2a2a,0x00000000
0x130c2ed8,0x2a2ad4d4,0x2a2ad4d4,0x00000000
0x130c2edc,0x2a2a2a2a,0x2a2a2a2a,0x00000000
0x130c2ef0,0xd4e3e3e3,0xd4e3e3e3,0x00000000
0x130c2ef4,0xbbf781ae,0xbbf781ae,0x00000000
0x130c2ef8,0x2ad4d4e3,0x2ad4d4e3,0x00000000
0x130c2efc,0xbbbb78e9,0xbbbb78e9,0x00000000
0x130c2f10,0x66666666,0x66666666,0x00000000
0x130c2f14,0x66df6666,0x66df6666,0x00000000
0x130c2f18,0x66dfdf66,0x66dfdf66,0x00000000
0x130c2f1c,0xdfdfdfdf,0xdfdfdfdf,0x00000000
0x130c2f2c,0xdf66df66,0xdf66df66,0x00000000
0x130c2f30,0x66dfdf66,0x66dfdf66,0x00000000
0x130c2f34,0xdf666666,0xdf666666,0x00000000
0x130c2f38,0x66df6666,0x66df6666,0x00000000
0x130c2f3c,0xdfdfdfdf,0xdfdfdfdf,0x00000000
0x130c2f4c,0x66dfdfdf,0x66dfdfdf,0x00000000
0x130c2f50,0x666666df,0x666666df,0x00000000
0x130c2f54,0xdf66dfdf,0xdf66dfdf,0x00000000
0x130c2f58,0xdf66dfdf,0xdf66dfdf,0x00000000
0x130c2f5c,0xdfdfdfdf,0xdfdfdfdf,0x00000000
0x130c2f6c,0xdfdfdfdf,0xdfdfdfdf,0x00000000
0x130c2f70,0xdfdf6666,0xdfdf6666,0x00000000
0x130c2f74,0xdfdf66df,0xdfdf66df,0x00000000
0x130c2f78,0xdfdfdfdf,0xdfdfdfdf,0x00000000
0x130c2f7c,0xd7d7dfd7,0xd7d7dfd7,0x00000000
0x130c2f8c,0xdf6666df,0xdf6666df,0x00000000
0x130c2f90,0xdf666666,0xdf666666,0x00000000
0x130c2f94,0xdf6666df,0xdf6666df,0x00000000
0x130c2f98,0xd7dfd7d7,0xd7dfd7d7,0x00000000
0x130c2f9c,0xd7dfdfdf,0xd7dfdfdf,0x00000000
0x130c2fac,0xfb7878bb,0xfb7878bb,0x00000000
0x130c2fb0,0x6666df66,0x6666df66,0x00000000
0x130c2fb4,0xcf78bbbb,0xcf78bbbb,0x00000000
0x130c2fb8,0xdfdfdfdf,0xdfdfdfdf,0x00000000
0x130c2fbc,0x3e2093aa,0x3e2093aa,0x00000000
0x130c2fcc,0xd4bbd4d4,0xd4bbd4d4,0x00000000
0x130c2fd0,0x2ad4d4d4,0x2ad4d4d4,0x00000000
0x130c2fd4,0x2ab3bbd4,0x2ab3bbd4,0x00000000
0x130c2fd8,0xbdbd7878,0xbdbd7878,0x00000000
0x130c2fdc,0xbb78aa78,0xbb78aa78,0x00000000
0x130c2fe8,0xd4d4d4d4,0xd4d4d4d4,0x00000000
0x130c2fec,0xd4b3d4d4,0xd4b3d4d4,0x00000000
0x130c2ff0,0xd4d4d4d4,0xd4d4d4d4,0x00000000
0x130c2ff4,0xd4bbd4a8,0xd4bbd4a8,0x00000000
0x130c2ff8,0x7878b3b3,0x7878b3b3,0x00000000
0x130c2ffc,0x78aab3b3,0x78aab3b3,0x00000000
0x130c3008,0x92da7f7f,0x92da7f7f,0x00000000
0x130c300c,0xdadadada,0xdadadada,0x00000000
0x130c3010,0x92237d23,0x92237d23,0x00000000
0x130c3014,0x92929292,0x92929292,0x00000000
0x130c3018,0xdadadada,0xdadadada,0x00000000
0x130c301c,0xda7f7fda,0xda7f7fda,0x00000000
0x130c3028,0xda7fda7f,0xda7fda7f,0x00000000
0x130c302c,0x7f92dada,0x7f92dada,0x00000000
0x130c3030,0x23232323,0x23232323,0x00000000
0x130c3034,0x231f1f7d,0x231f1f7d,0x00000000
0x130c3038,0xda92dada,0xda92dada,0x00000000
0x130c303c,0xda7f7db6,0xda7f7db6,0x00000000
0x130c3048,0x25357f4a,0x25357f4a,0x00000000
0x130c304c,0x5b5b5b5b,0x5b5b5b5b,0x00000000
0x130c3050,0x33339258,0x33339258,0x00000000
0x130c3054,0x5b5b5b5b,0x5b5b5b5b,0x00000000
0x130c3058,0x31a2495b,0x31a2495b,0x00000000
0x130c305c,0x5b5b5b5b,0x5b5b5b5b,0x00000000
0x130c3068,0x5b5b5b5b,0x5b5b5b5b,0x00000000
0x130c306c,0xf51f1f1f,0xf51f1f1f,0x00000000
0x130c3070,0x5b5b5b5b,0x5b5b5b5b,0x00000000
0x130c3074,0x291f1f1f,0x291f1f1f,0x00000000
0x130c3078,0x5b5b5b5b,0x5b5b5b5b,0x00000000
0x130c307c,0x291f1f1f,0x291f1f1f,0x00000000
0x130c3088,0x1f1f1f1f,0x1f1f1f1f,0x00000000
0x130c308c,0x2fcdcdcd,0x2fcdcdcd,0x00000000
0x130c3090,0x1f1f1f1f,0x1f1f1f1f,0x00000000
0x130c3094,0x31cdc1c1,0x31cdc1c1,0x00000000
0x130c3098,0x1f1f1f1f,0x1f1f1f1f,0x00000000
0x130c309c,0x31c1c1c1,0x31c1c1c1,0x00000000
0x130c30a8,0xcdcd211f,0xcdcd211f,0x00000000
0x130c30ac,0x1f1f1f1f,0x1f1f1f1f,0x00000000
0x130c30b0,0xc1cdb61f,0xc1cdb61f,0x00000000
0x130c30b4,0x1f1f1f1f,0x1f1f1f1f,0x00000000
0x130c30b8,0xc1311f1f,0xc1311f1f,0x00000000
0x130c30bc,0x1f1f1f1f,0x1f1f1f1f,0x00000000
0x130c30c8,0x1f1f1f1f,0x1f1f1f1f,0x00000000
0x130c30d0,0x1f1f1f1f,0x1f1f1f1f,0x00000000
0x130c30d4,0xb4595b5b,0xb4595b5b,0x00000000
0x130c30d8,0x1f1f1f1f,0x1f1f1f1f,0x00000000
0x130c30dc,0x7d505b5b,0x7d505b5b,0x00000000
0x130c30e8,0x5b5b5b5b,0x5b5b5b5b,0x00000000
0x130c30f0,0x5b5b5b5b,0x5b5b5b5b,0x00000000
0x130c30f4,0x5b5b5b24,0x5b5b5b24,0x00000000
0x130c30f8,0x5b5b5b5b,0x5b5b5b5b,0x00000000
0x130c30fc,0x5b5b59da,0x5b5b59da,0x00000000
0x130c3110,0x7d7d775b,0x7d7d775b,0x00000000
0x130c3114,0x5b5b5b5b,0x5b5b5b5b,0x00000000
0x130c3118,0x7f929282,0x7f929282,0x00000000
0x130c311c,0x4a5a5b5b,0x4a5a5b5b,0x00000000
0x130c3130,0x5b5b5b5b,0x5b5b5b5b,0x00000000
0x130c3134,0x5b5b5b49,0x5b5b5b49,0x00000000
0x130c3138,0x5b5b5b5b,0x5b5b5b5b,0x00000000
0x130c313c,0x5b5b5b51,0x5b5b5b51,0x00000000
0x130c3148,0xe6e6e6e6,0xe6e6e6e6,0x00000000
0x130c314c,0xc2000000,0xc2000000,0x00000000
0x130c3150,0xbababa80,0xbababa80,0x00000000
0x130c3154,0xf0000000,0xf0000000,0x00000000
0x130c3158,0xe6e6e6e6,0xe6e6e6e6,0x00000000
0x130c315c,0x20000000,0x20000000,0x00000000
0x130c3164,0x19a7a71c,0x19a7a71c,0x00000000
0x130c316c,0x19a7a71c,0x19a7a71c,0x00000000
0x130c3174,0x191c1c1c,0x191c1c1c,0x00000000
0x130c317c,0x191ca7a7,0x191ca7a7,0x00000000
0x130c3188,0x1ca78585,0x1ca78585,0x00000000
0x130c318c,0x8585a71c,0x8585a71c,0x00000000
0x130c3190,0x1c1c1c1c,0x1c1c1c1c,0x00000000
0x130c3194,0x1c1c1c1b,0x1c1c1c1b,0x00000000
0x130c3198,0x858585a7,0x858585a7,0x00000000
0x130c319c,0xa7a78585,0xa7a78585,0x00000000
0x130c31a8,0x1c8585a7,0x1c8585a7,0x00000000
0x130c31b0,0x1c1d1d1d,0x1c1d1d1d,0x00000000
0x130c31b4,0x1c1c1d1d,0x1c1c1d1d,0x00000000
0x130c31b8,0x85858585,0x85858585,0x00000000
0x130c31bc,0x859d859d,0x859d859d,0x00000000
0x130c31c8,0x859d9d9d,0x859d9d9d,0x00000000
0x130c31d0,0x1d1d1d1d,0x1d1d1d1d,0x00000000
0x130c31d4,0x1c1c1d1d,0x1c1c1d1d,0x00000000
0x130c31d8,0x9d9d9da7,0x9d9d9da7,0x00000000
0x130c31dc,0x1c1d9d9d,0x1c1d9d9d,0x00000000
0x130c31e8,0x859d9d9d,0x859d9d9d,0x00000000
0x130c31ec,0x9d859d9d,0x9d859d9d,0x00000000
0x130c31f0,0xa71da7a7,0xa71da7a7,0x00000000
0x130c31f4,0x1da7851d,0x1da7851d,0x00000000
0x130c31f8,0x9d858585,0x9d858585,0x00000000
0x130c31fc,0x859d9d9d,0x859d9d9d,0x00000000
0x130c320c,0x9d851d1d,0x9d851d1d,0x00000000
0x130c3210,0x85a785a7,0x85a785a7,0x00000000
0x130c3214,0x1d1c1d1d,0x1d1c1d1d,0x00000000
0x130c3218,0x9d9d9d9d,0x9d9d9d9d,0x00000000
0x130c321c,0x9d9d9d9d,0x9d9d9d9d,0x00000000
0x130c3228,0x859d9d85,0x859d9d85,0x00000000
0x130c322c,0x859d9191,0x859d9191,0x00000000
0x130c3230,0x1d858585,0x1d858585,0x00000000
0x130c3234,0x85858585,0x85858585,0x00000000
0x130c3238,0x9d9d9191,0x9d9d9191,0x00000000
0x130c323c,0x919d9d91,0x919d9d91,0x00000000
0x130c3248,0xb8b8b89d,0xb8b8b89d,0x00000000
0x130c324c,0x9db8b8b8,0x9db8b8b8,0x00000000
0x130c3250,0x85858585,0x85858585,0x00000000
0x130c3254,0x85859d9d,0x85859d9d,0x00000000
0x130c3258,0x9d9db8b8,0x9d9db8b8,0x00000000
0x130c325c,0x91b8b8b8,0x91b8b8b8,0x00000000
0x130c326c,0xc3b8b8b8,0xc3b8b8b8,0x00000000
0x130c3270,0x9d9d9d9d,0x9d9d9d9d,0x00000000
0x130c3274,0x9d9d9d9d,0x9d9d9d9d,0x00000000
0x130c3278,0xb8c3b8c3,0xb8c3b8c3,0x00000000
0x130c327c,0xc39db8b8,0xc39db8b8,0x00000000
0x130c3288,0xc3b8b8b8,0xc3b8b8b8,0x00000000
0x130c328c,0xc3c3b8c3,0xc3c3b8c3,0x00000000
0x130c3290,0xc39db8b8,0xc39db8b8,0x00000000
0x130c3294,0x9dc3b89d,0x9dc3b89d,0x00000000
0x130c3298,0xb8b8b8b8,0xb8b8b8b8,0x00000000
0x130c329c,0xc3b89d85,0xc3b89d85,0x00000000
0x130c32a8,0xc3b8b8b8,0xc3b8b8b8,0x00000000
0x130c32ac,0xb8b8b8c3,0xb8b8b8c3,0x00000000
0x130c32b0,0xb8c3b8b8,0xb8c3b8b8,0x00000000
0x130c32b4,0xb88db89d,0xb88db89d,0x00000000
0x130c32b8,0x85c3c3b8,0x85c3c3b8,0x00000000
0x130c32bc,0xc39dc3c3,0xc39dc3c3,0x00000000
0x130c32c8,0xb8b8b8b8,0xb8b8b8b8,0x00000000
0x130c32cc,0xc3ab6686,0xc3ab6686,0x00000000
0x130c32d0,0xc3b8c3b8,0xc3b8c3b8,0x00000000
0x130c32d4,0xab66dfb1,0xab66dfb1,0x00000000
0x130c32d8,0xc3c3c3b1,0xc3c3c3b1,0x00000000
0x130c32dc,0xdfdf8db8,0xdfdf8db8,0x00000000
0x130c32e8,0xb8b8b8b8,0xb8b8b8b8,0x00000000
0x130c32ec,0xb8b8b8c3,0xb8b8b8c3,0x00000000
0x130c32f0,0xb8b8b8b8,0xb8b8b8b8,0x00000000
0x130c32f4,0xb8b8b8b8,0xb8b8b8b8,0x00000000
0x130c32f8,0xb8b8b8b8,0xb8b8b8b8,0x00000000
0x130c32fc,0xb8b8b8b8,0xb8b8b8b8,0x00000000
0x130c330c,0xb8c3c3b8,0xb8c3c3b8,0x00000000
0x130c3310,0xc3b8b8b8,0xc3b8b8b8,0x00000000
0x130c3314,0xb8b8b8c3,0xb8b8b8c3,0x00000000
0x130c3318,0xb8b8b8b1,0xb8b8b8b1,0x00000000
0x130c331c,0xb8b8c3b8,0xb8b8c3b8,0x00000000
0x130c332c,0xc3b8b8b8,0xc3b8b8b8,0x00000000
0x130c3330,0xb8b8b8b8,0xb8b8b8b8,0x00000000
0x130c3334,0xb8b8c3c3,0xb8b8c3c3,0x00000000
0x130c3338,0xb8b8b8b8,0xb8b8b8b8,0x00000000
0x130c333c,0xb8b8c3c3,0xb8b8c3c3,0x00000000
0x130c334c,0x1b191919,0x1b191919,0x00000000
0x130c3350,0xc3b11d19,0xc3b11d19,0x00000000
0x130c3354,0x19191917,0x19191917,0x00000000
0x130c3358,0xb81d1919,0xb81d1919,0x00000000
0x130c335c,0x191912dc,0x191912dc,0x00000000
0x130c3368,0x17020000,0x17020000,0x00000000
0x130c3370,0xdc000000,0xdc000000,0x00000000
0x130c338c,0x000219f2,0x000219f2,0x00000000
0x130c3394,0x00dc171d,0x00dc171d,0x00000000
0x130c33ac,0x8d851902,0x8d851902,0x00000000
0x130c33b0,0xc3c3c3f2,0xc3c3c3f2,0x00000000
0x130c33b4,0xf2f21910,0xf2f21910,0x00000000
0x130c33b8,0xc3b18db1,0xc3b18db1,0x00000000
0x130c33bc,0xb18d1917,0xb18d1917,0x00000000
0x130c33dc,0x00dc1919,0x00dc1919,0x00000000
0x130c33e8,0xdc0000d1,0xdc0000d1,0x00000000
0x130c33f0,0x030000a0,0x030000a0,0x00000000
0x130c33f4,0x28bbbb28,0x28bbbb28,0x00000000
0x130c33f8,0x11000005,0x11000005,0x00000000
0x130c33fc,0xd4d42a2a,0xd4d42a2a,0x00000000
0x130c340c,0x28d4d428,0x28d4d428,0x00000000
0x130c3410,0xbbbbbbaa,0xbbbbbbaa,0x00000000
0x130c3414,0x78b3b378,0x78b3b378,0x00000000
0x130c3418,0x2ad42ad4,0x2ad42ad4,0x00000000
0x130c341c,0xd4d4d4d4,0xd4d4d4d4,0x00000000
0x130c342c,0xd4d4e6e6,0xd4d4e6e6,0x00000000
0x130c3430,0xaab378b3,0xaab378b3,0x00000000
0x130c3434,0x78aa7676,0x78aa7676,0x00000000
0x130c3438,0xd4d4d42a,0xd4d4d42a,0x00000000
0x130c343c,0xd4e3e6e6,0xd4e3e6e6,0x00000000
0x130c3440,0xe6e6e6c8,0xe6e6e6c8,0x00000000
0x130c3444,0xe69ee6e6,0xe69ee6e6,0x00000000
0x130c3448,0xe6e6e69e,0xe6e6e69e,0x00000000
0x130c344c,0xe6e6e6e6,0xe6e6e6e6,0x00000000
0x130c3450,0x76767676,0x76767676,0x00000000
0x130c3454,0x76ba76ba,0x76ba76ba,0x00000000
0x130c3458,0xe6e6e6e6,0xe6e6e6e6,0x00000000
0x130c345c,0xe6e6e6e6,0xe6e6e6e6,0x00000000
0x130c3468,0xe6e6e6e6,0xe6e6e6e6,0x00000000
0x130c346c,0x9e9e9e9e,0x9e9e9e9e,0x00000000
0x130c3470,0x76767676,0x76767676,0x00000000
0x130c3474,0x76767680,0x76767680,0x00000000
0x130c3478,0x9e9e9e9e,0x9e9e9e9e,0x00000000
0x130c347c,0x9e9e9ef3,0x9e9e9ef3,0x00000000
0x130c348c,0x96f4c9c9,0x96f4c9c9,0x00000000
0x130c3490,0x808080d0,0x808080d0,0x00000000
0x130c3494,0xbcd3d3d3,0xbcd3d3d3,0x00000000
0x130c3498,0xba7696f4,0xba7696f4,0x00000000
0x130c349c,0xc9c9c9c9,0xc9c9c9c9,0x00000000
0x130c34a8,0xc9c9c9d3,0xc9c9c9d3,0x00000000
0x130c34ac,0x84c9c9c9,0x84c9c9c9,0x00000000
0x130c34b0,0xd3d3d3d3,0xd3d3d3d3,0x00000000
0x130c34b4,0xd3d3d3d3,0xd3d3d3d3,0x00000000
0x130c34b8,0xc9c9c9c9,0xc9c9c9c9,0x00000000
0x130c34bc,0xc9d3d3c9,0xc9d3d3c9,0x00000000
0x130c34c8,0xd9c9c9c9,0xd9c9c9c9,0x00000000
0x130c34d0,0xd3d3d3d3,0xd3d3d3d3,0x00000000
0x130c34d4,0xd3d3d3d3,0xd3d3d3d3,0x00000000
0x130c34d8,0xc9c9c9c9,0xc9c9c9c9,0x00000000
0x130c34dc,0xc9c9d9c9,0xc9c9d9c9,0x00000000
0x130c34e8,0xd9a164c9,0xd9a164c9,0x00000000
0x130c34ec,0xd9c9c9c9,0xd9c9c9c9,0x00000000
0x130c34f0,0xc9a1d3d8,0xc9a1d3d8,0x00000000
0x130c34f4,0xd3d3d3ed,0xd3d3d3ed,0x00000000
0x130c34f8,0xa1c9c9c9,0xa1c9c9c9,0x00000000
0x130c34fc,0xc9d9d3d3,0xc9d9d3d3,0x00000000
0x130c3508,0xc9d9ce80,0xc9d9ce80,0x00000000
0x130c350c,0xbabababa,0xbabababa,0x00000000
0x130c3510,0xd3d32220,0xd3d32220,0x00000000
0x130c3514,0x20202080,0x20202080,0x00000000
0x130c3518,0xc9d99680,0xc9d99680,0x00000000
0x130c351c,0x76baba76,0x76baba76,0x00000000
0x130c352c,0xa164a1a1,0xa164a1a1,0x00000000
0x130c3530,0x20f0eed9,0x20f0eed9,0x00000000
0x130c3534,0x8686a186,0x8686a186,0x00000000
0x130c3538,0x7680ca65,0x7680ca65,0x00000000
0x130c353c,0xa1a1a1a1,0xa1a1a1a1,0x00000000
0x130c354c,0x6464a1c0,0x6464a1c0,0x00000000
0x130c3550,0xe086c9a1,0xe086c9a1,0x00000000
0x130c3554,0x8686a1ee,0x8686a1ee,0x00000000
0x130c3558,0xa1a16464,0xa1a16464,0x00000000
0x130c355c,0x6464a1d2,0x6464a1d2,0x00000000
0x130c356c,0xe6f79595,0xe6f79595,0x00000000
0x130c3570,0x202020ba,0x202020ba,0x00000000
0x130c3574,0xbabababa,0xbabababa,0x00000000
0x130c3578,0xbabaf3e6,0xbabaf3e6,0x00000000
0x130c357c,0xe6e6e6e3,0xe6e6e6e3,0x00000000
0x130c358c,0xe3e6e3e6,0xe3e6e3e6,0x00000000
0x130c3590,0xf3f3f3f3,0xf3f3f3f3,0x00000000
0x130c3594,0xf3f3baec,0xf3f3baec,0x00000000
0x130c3598,0xe3e3e3e3,0xe3e3e3e3,0x00000000
0x130c359c,0xe3e6f3f3,0xe3e6f3f3,0x00000000
0x130c35a8,0x95e6e6e6,0x95e6e6e6,0x00000000
0x130c35ac,0xe3e3e6e6,0xe3e3e6e6,0x00000000
0x130c35b0,0xbaf3f3f3,0xbaf3f3f3,0x00000000
0x130c35b4,0x95f3f3f3,0x95f3f3f3,0x00000000
0x130c35b8,0xe6e3e3e6,0xe6e3e3e6,0x00000000
0x130c35bc,0xe6e6f7e3,0xe6e6f7e3,0x00000000
0x130c35cc,0xe39fe3e6,0xe39fe3e6,0x00000000
0x130c35d0,0x95baf395,0x95baf395,0x00000000
0x130c35d4,0xe6e6f7f3,0xe6e6f7f3,0x00000000
0x130c35d8,0xe3e3e3e3,0xe3e3e3e3,0x00000000
0x130c35dc,0x9f9fe39f,0x9f9fe39f,0x00000000
0x130c35e0,0xe3f7f7e3,0xe3f7f7e3,0x00000000
0x130c35e4,0x9fe3e32a,0x9fe3e32a,0x00000000
0x130c35e8,0xf795f7e3,0xf795f7e3,0x00000000
0x130c35ec,0xe3e3e3e3,0xe3e3e3e3,0x00000000
0x130c35f0,0xba95f7e6,0xba95f7e6,0x00000000
0x130c35f4,0xe3e6e3f7,0xe3e6e3f7,0x00000000
0x130c35f8,0x9f9f9f9f,0x9f9f9f9f,0x00000000
0x130c35fc,0x2a2a2a9f,0x2a2a2a9f,0x00000000
0x130c3608,0x2a2a2a2a,0x2a2a2a2a,0x00000000
0x130c360c,0x2ae3e32a,0x2ae3e32a,0x00000000
0x130c3610,0xe3e3e3e6,0xe3e3e3e6,0x00000000
0x130c3614,0xe3e3e3e3,0xe3e3e3e3,0x00000000
0x130c3618,0x9f2ae3e3,0x9f2ae3e3,0x00000000
0x130c361c,0x2a2a2a2a,0x2a2a2a2a,0x00000000
0x130c362c,0x2a2a2a2a,0x2a2a2a2a,0x00000000
0x130c3630,0xe3e3e3e3,0xe3e3e3e3,0x00000000
0x130c3634,0xe3e3e3e3,0xe3e3e3e3,0x00000000
0x130c3638,0x2a2a2a2a,0x2a2a2a2a,0x00000000
0x130c363c,0x2a2a2a2a,0x2a2a2a2a,0x00000000
0x130c3648,0x2a2a2a2a,0x2a2a2a2a,0x00000000
0x130c364c,0x2a2a2ad4,0x2a2a2ad4,0x00000000
0x130c3650,0x2ad42ad4,0x2ad42ad4,0x00000000
0x130c3654,0x2a2ae3e3,0x2a2ae3e3,0x00000000
0x130c3658,0x2a2a2a2a,0x2a2a2a2a,0x00000000
0x130c365c,0x2a2ad42a,0x2a2ad42a,0x00000000
0x130c366c,0x2a2a2a2a,0x2a2a2a2a,0x00000000
0x130c3670,0x2ad42a2a,0x2ad42a2a,0x00000000
0x130c3674,0x2a2a2a2a,0x2a2a2a2a,0x00000000
0x130c3678,0x2ae3e3d4,0x2ae3e3d4,0x00000000
0x130c367c,0x2a2a2ad4,0x2a2a2ad4,0x00000000
0x130c3688,0x2a2a2a2a,0x2a2a2a2a,0x00000000
0x130c368c,0x2a2a2a2a,0x2a2a2a2a,0x00000000
0x130c3690,0x2a2a2a2a,0x2a2a2a2a,0x00000000
0x130c3694,0xd42a2a2a,0xd42a2a2a,0x00000000
0x130c3698,0x2a2a2a2a,0x2a2a2a2a,0x00000000
0x130c369c,0x2a2a2a2a,0x2a2a2a2a,0x00000000
0x130c36a8,0x2a2a2a2a,0x2a2a2a2a,0x00000000
0x130c36ac,0x2a2a2a2a,0x2a2a2a2a,0x00000000
0x130c36b0,0x2a2a2a2a,0x2a2a2a2a,0x00000000
0x130c36b4,0x2a2ad42a,0x2a2ad42a,0x00000000
0x130c36b8,0x2a2a2a2a,0x2a2a2a2a,0x00000000
0x130c36bc,0x2a2a2a2a,0x2a2a2a2a,0x00000000
0x130c36c8,0x2a2ad42a,0x2a2ad42a,0x00000000
0x130c36cc,0x2a2a2a2a,0x2a2a2a2a,0x00000000
0x130c36d0,0x2a2a2a2a,0x2a2a2a2a,0x00000000
0x130c36d4,0x2a2a2a2a,0x2a2a2a2a,0x00000000
0x130c36d8,0x2a2a2a2a,0x2a2a2a2a,0x00000000
0x130c36dc,0x2a2a2a2a,0x2a2a2a2a,0x00000000
0x130c36f0,0x2ad4d4d4,0x2ad4d4d4,0x00000000
0x130c36f4,0xd4e3bb78,0xd4e3bb78,0x00000000
0x130c36f8,0xd4d42ad4,0xd4d42ad4,0x00000000
0x130c36fc,0xd4e3bbbb,0xd4e3bbbb,0x00000000
0x130c370c,0xdfdf6666,0xdfdf6666,0x00000000
0x130c3710,0xfbdfdfdf,0xfbdfdfdf,0x00000000
0x130c3714,0xdf666666,0xdf666666,0x00000000
0x130c3718,0x783e66df,0x783e66df,0x00000000
0x130c371c,0x666666df,0x666666df,0x00000000
0x130c372c,0x6666df66,0x6666df66,0x00000000
0x130c3730,0x6666df66,0x6666df66,0x00000000
0x130c3734,0x66dfdfdf,0x66dfdfdf,0x00000000
0x130c3738,0x6666df66,0x6666df66,0x00000000
0x130c373c,0x6666df66,0x6666df66,0x00000000
0x130c374c,0x666666df,0x666666df,0x00000000
0x130c3750,0xdfdfdfdf,0xdfdfdfdf,0x00000000
0x130c3754,0x66dfdfd7,0x66dfdfd7,0x00000000
0x130c3758,0x66dfdf66,0x66dfdf66,0x00000000
0x130c375c,0x666666df,0x666666df,0x00000000
0x130c376c,0x666666df,0x666666df,0x00000000
0x130c3770,0xdfdfdfd7,0xdfdfdfd7,0x00000000
0x130c3774,0xdfd7d7df,0xdfd7d7df,0x00000000
0x130c3778,0x6666dfdf,0x6666dfdf,0x00000000
0x130c377c,0x6666df66,0x6666df66,0x00000000
0x130c378c,0xdf666666,0xdf666666,0x00000000
0x130c3790,0xdfdfd7d7,0xdfdfd7d7,0x00000000
0x130c3794,0xdfdfdfdf,0xdfdfdfdf,0x00000000
0x130c3798,0xdf66df66,0xdf66df66,0x00000000
0x130c379c,0x6666df66,0x6666df66,0x00000000
0x130c37ac,0xdfe9bb78,0xdfe9bb78,0x00000000
0x130c37b0,0xd7d7d7d7,0xd7d7d7d7,0x00000000
0x130c37b4,0xdf7b93aa,0xdf7b93aa,0x00000000
0x130c37b8,0xdf66dfdf,0xdf66dfdf,0x00000000
0x130c37bc,0x66dffb78,0x66dffb78,0x00000000
0x130c37cc,0xd428bbd4,0xd428bbd4,0x00000000
0x130c37d0,0x8aae2baa,0x8aae2baa,0x00000000
0x130c37d4,0x78aaaa78,0x78aaaa78,0x00000000
0x130c37d8,0xbbaee878,0xbbaee878,0x00000000
0x130c37dc,0x282828d4,0x282828d4,0x00000000
0x130c37ec,0xd4d4d4d4,0xd4d4d4d4,0x00000000
0x130c37f0,0x7878aab3,0x7878aab3,0x00000000
0x130c37f4,0x78b378aa,0x78b378aa,0x00000000
0x130c37f8,0xd4d4d4d4,0xd4d4d4d4,0x00000000
0x130c37fc,0xd42a2a28,0xd42a2a28,0x00000000
0x130c3800,0xdadadada,0xdadadada,0x00000000
0x130c3804,0xda7f9292,0xda7f9292,0x00000000
0x130c3808,0x92239292,0x92239292,0x00000000
0x130c380c,0x92239223,0x92239223,0x00000000
0x130c3810,0xdadadada,0xdadadada,0x00000000
0x130c3814,0xdadada7f,0xdadada7f,0x00000000
0x130c3818,0xdadadada,0xdadadada,0x00000000
0x130c381c,0xda929292,0xda929292,0x00000000
0x130c3828,0x23922323,0x23922323,0x00000000
0x130c382c,0x92232335,0x92232335,0x00000000
0x130c3830,0x92dadada,0x92dadada,0x00000000
0x130c3834,0xda7fa235,0xda7fa235,0x00000000
0x130c3838,0x927f7f7f,0x927f7f7f,0x00000000
0x130c383c,0xdadac535,0xdadac535,0x00000000
0x130c3848,0xa6b45a5b,0xa6b45a5b,0x00000000
0x130c384c,0x5b5b5b5b,0x5b5b5b5b,0x00000000
0x130c3850,0xa2495b5b,0xa2495b5b,0x00000000
0x130c3854,0x5b5b5b5b,0x5b5b5b5b,0x00000000
0x130c3858,0x7f595b5b,0x7f595b5b,0x00000000
0x130c385c,0x5b5b5b5b,0x5b5b5b5b,0x00000000
0x130c3868,0x5b5b5b5b,0x5b5b5b5b,0x00000000
0x130c386c,0x471f1f1f,0x471f1f1f,0x00000000
0x130c3870,0x5b5b5b5b,0x5b5b5b5b,0x00000000
0x130c3874,0x471f1f1f,0x471f1f1f,0x00000000
0x130c3878,0x5b5b5b5b,0x5b5b5b5b,0x00000000
0x130c387c,0x471f1f1f,0x471f1f1f,0x00000000
0x130c388c,0xcdc1c1c1,0xcdc1c1c1,0x00000000
0x130c3890,0x1f1f1f21,0x1f1f1f21,0x00000000
0x130c3894,0xcdc1cdc1,0xcdc1cdc1,0x00000000
0x130c3898,0x1f1f1f21,0x1f1f1f21,0x00000000
0x130c389c,0xcdc1cdcd,0xcdc1cdcd,0x00000000
0x130c38a8,0xc1311f1f,0xc1311f1f,0x00000000
0x130c38ac,0x1f1f1f1f,0x1f1f1f1f,0x00000000
0x130c38b0,0xc1311f1f,0xc1311f1f,0x00000000
0x130c38b4,0x1f1f1f1f,0x1f1f1f1f,0x00000000
0x130c38b8,0xcd311f1f,0xcd311f1f,0x00000000
0x130c38bc,0x1f1f1f1f,0x1f1f1f1f,0x00000000
0x130c38c8,0x1f1f1f1f,0x1f1f1f1f,0x00000000
0x130c38cc,0x1f475b5b,0x1f475b5b,0x00000000
0x130c38d0,0x1f1f1f1f,0x1f1f1f1f,0x00000000
0x130c38d4,0x1f475b5b,0x1f475b5b,0x00000000
0x130c38d8,0x1f1f1f1f,0x1f1f1f1f,0x00000000
0x130c38dc,0x1f475b5b,0x1f475b5b,0x00000000
0x130c38e8,0x5b5b5b5b,0x5b5b5b5b,0x00000000
0x130c38ec,0x5b5b5b77,0x5b5b5b77,0x00000000
0x130c38f0,0x5b5b5b5b,0x5b5b5b5b,0x00000000
0x130c38f4,0x5b5b5b4a,0x5b5b5b4a,0x00000000
0x130c38f8,0x5b5b5b5b,0x5b5b5b5b,0x00000000
0x130c38fc,0x5b5b5b5b,0x5b5b5b5b,0x00000000
0x130c390c,0x7d1f7d7d,0x7d1f7d7d,0x00000000
0x130c3910,0xda7f7f7f,0xda7f7f7f,0x00000000
0x130c3914,0x7f92927f,0x7f92927f,0x00000000
0x130c3918,0x5a4a24da,0x5a4a24da,0x00000000
0x130c391c,0x23239292,0x23239292,0x00000000
0x130c392c,0x5b5b5b49,0x5b5b5b49,0x00000000
0x130c3930,0x92239224,0x92239224,0x00000000
0x130c3934,0x4a5b5b51,0x4a5b5b51,0x00000000
0x130c3938,0x92927f7f,0x92927f7f,0x00000000
0x130c393c,0x7f8249c8,0x7f8249c8,0x00000000
0x130c394c,0xf0000000,0xf0000000,0x00000000
0x130c3950,0xe6e6e6e6,0xe6e6e6e6,0x00000000
0x130c3954,0x20000000,0x20000000,0x00000000
0x130c3958,0xe6e6e69e,0xe6e6e69e,0x00000000
0x130c395c,0x20000000,0x20000000,0x00000000
0x130c396c,0x191b1c1c,0x191b1c1c,0x00000000
0x130c3974,0x191b85a7,0x191b85a7,0x00000000
0x130c397c,0x191ba7a7,0x191ba7a7,0x00000000
0x130c398c,0x1c1c1c1c,0x1c1c1c1c,0x00000000
0x130c3990,0xa7858585,0xa7858585,0x00000000
0x130c3994,0x85a78585,0x85a78585,0x00000000
0x130c3998,0xa7a7a7a7,0xa7a7a7a7,0x00000000
0x130c399c,0xa71ca7a7,0xa71ca7a7,0x00000000
0x130c39ac,0x1c1c1d1d,0x1c1c1d1d,0x00000000
0x130c39b0,0x85858585,0x85858585,0x00000000
0x130c39b4,0x859d8585,0x859d8585,0x00000000
0x130c39b8,0xa785a785,0xa785a785,0x00000000
0x130c39bc,0x85a78585,0x85a78585,0x00000000
0x130c39cc,0x1d1d1d1d,0x1d1d1d1d,0x00000000
0x130c39d0,0x859d9d9d,0x859d9d9d,0x00000000
0x130c39d4,0x9d9d9d85,0x9d9d9d85,0x00000000
0x130c39d8,0xa7858585,0xa7858585,0x00000000
0x130c39dc,0x859d8585,0x859d8585,0x00000000
0x130c39ec,0xa7a7a71c,0xa7a7a71c,0x00000000
0x130c39f0,0x9d9d9d9d,0x9d9d9d9d,0x00000000
0x130c39f4,0x9d9d9d9d,0x9d9d9d9d,0x00000000
0x130c39f8,0x9d859d9d,0x9d859d9d,0x00000000
0x130c39fc,0x9d9d9d85,0x9d9d9d85,0x00000000
0x130c3a0c,0xa7858585,0xa7858585,0x00000000
0x130c3a10,0x9d9d9d9d,0x9d9d9d9d,0x00000000
0x130c3a14,0x9d919d9d,0x9d919d9d,0x00000000
0x130c3a18,0x859d9d9d,0x859d9d9d,0x00000000
0x130c3a1c,0x9d9d9d85,0x9d9d9d85,0x00000000
0x130c3a2c,0x85858585,0x85858585,0x00000000
0x130c3a30,0x9d9d9d91,0x9d9d9d91,0x00000000
0x130c3a34,0x919191b8,0x919191b8,0x00000000
0x130c3a38,0x859d9d9d,0x859d9d9d,0x00000000
0x130c3a3c,0x9d9d9d9d,0x9d9d9d9d,0x00000000
0x130c3a48,0x85858585,0x85858585,0x00000000
0x130c3a4c,0x8585851d,0x8585851d,0x00000000
0x130c3a50,0x9d8591b8,0x9d8591b8,0x00000000
0x130c3a54,0x9d85b8b8,0x9d85b8b8,0x00000000
0x130c3a58,0x9d9d9191,0x9d9d9191,0x00000000
0x130c3a5c,0x9d85b891,0x9d85b891,0x00000000
0x130c3a68,0x859d9d9d,0x859d9d9d,0x00000000
0x130c3a6c,0x9d9d9d1d,0x9d9d9d1d,0x00000000
0x130c3a70,0xb8b8b8b8,0xb8b8b8b8,0x00000000
0x130c3a74,0x9db8b89d,0x9db8b89d,0x00000000
0x130c3a78,0xb8b8b89d,0xb8b8b89d,0x00000000
0x130c3a7c,0x9db8b89d,0x9db8b89d,0x00000000
0x130c3a88,0x9dc3c3c3,0x9dc3c3c3,0x00000000
0x130c3a8c,0xc3c3c3b8,0xc3c3c3b8,0x00000000
0x130c3a90,0x9db8c3c3,0x9db8c3c3,0x00000000
0x130c3a94,0xb8b89db8,0xb8b89db8,0x00000000
0x130c3a98,0x9db8b89d,0x9db8b89d,0x00000000
0x130c3a9c,0x9d859d9d,0x9d859d9d,0x00000000
0x130c3aac,0xc3c39d9d,0xc3c39d9d,0x00000000
0x130c3ab0,0xb8c3b8b8,0xb8c3b8b8,0x00000000
0x130c3ab4,0xc3c39db8,0xc3c39db8,0x00000000
0x130c3ab8,0xb8c3b8b8,0xb8c3b8b8,0x00000000
0x130c3abc,0xb89d9d9d,0xb89d9d9d,0x00000000
0x130c3ac8,0x9dc38666,0x9dc38666,0x00000000
0x130c3acc,0xabb8b8b8,0xabb8b8b8,0x00000000
0x130c3ad0,0x9d9b68c9,0x9d9b68c9,0x00000000
0x130c3ad4,0xb8b8b8b8,0xb8b8b8b8,0x00000000
0x130c3ad8,0xad6686b8,0xad6686b8,0x00000000
0x130c3adc,0xb8b8b8c3,0xb8b8b8c3,0x00000000
0x130c3ae0,0xb8b89dc3,0xb8b89dc3,0x00000000
0x130c3ae4,0xb8b8b8c3,0xb8b8b8c3,0x00000000
0x130c3ae8,0xc3c3c3b8,0xc3c3c3b8,0x00000000
0x130c3aec,0xb8b8b89d,0xb8b8b89d,0x00000000
0x130c3af0,0xb8c3c3b8,0xb8c3c3b8,0x00000000
0x130c3af4,0xb8b8c39d,0xb8b8c39d,0x00000000
0x130c3af8,0xb8b8b8b8,0xb8b8b8b8,0x00000000
0x130c3afc,0xb8b8c3b8,0xb8b8c3b8,0x00000000
0x130c3b0c,0xb8c39dc3,0xb8c39dc3,0x00000000
0x130c3b10,0xb8b8b8b8,0xb8b8b8b8,0x00000000
0x130c3b14,0xb8c3c3b8,0xb8c3c3b8,0x00000000
0x130c3b18,0xc39db8b8,0xc39db8b8,0x00000000
0x130c3b1c,0xb8b8c3b8,0xb8b8c3b8,0x00000000
0x130c3b28,0xb885c3b8,0xb885c3b8,0x00000000
0x130c3b2c,0xb8c3b8c3,0xb8c3b8c3,0x00000000
0x130c3b30,0x9dc3b8b8,0x9dc3b8b8,0x00000000
0x130c3b34,0xb8c3c3c3,0xb8c3c3c3,0x00000000
0x130c3b38,0xb8b8c3c3,0xb8b8c3c3,0x00000000
0x130c3b3c,0xb8c3f285,0xb8c3f285,0x00000000
0x130c3b48,0x1d191919,0x1d191919,0x00000000
0x130c3b4c,0x03000000,0x03000000,0x00000000
0x130c3b50,0x1a191903,0x1a191903,0x00000000
0x130c3b58,0x19191902,0x19191902,0x00000000
0x130c3bac,0xc3c31d19,0xc3c31d19,0x00000000
0x130c3bb0,0x1d8c8c8c,0x1d8c8c8c,0x00000000
0x130c3bb4,0xb18db119,0xb18db119,0x00000000
0x130c3bb8,0x1a8c8c8d,0x1a8c8c8d,0x00000000
0x130c3bbc,0x8d8cb119,0x8d8cb119,0x00000000
0x130c3bcc,0x00031919,0x00031919,0x00000000
0x130c3bd0,0x03000000,0x03000000,0x00000000
0x130c3bd4,0x00031919,0x00031919,0x00000000
0x130c3bd8,0x12000000,0x12000000,0x00000000
0x130c3bdc,0x00021919,0x00021919,0x00000000
0x130c3bec,0x7878bbbb,0x7878bbbb,0x00000000
0x130c3bf0,0x190200fe,0x190200fe,0x00000000
0x130c3bf4,0x78282a2a,0x78282a2a,0x00000000
0x130c3bf8,0x19100094,0x19100094,0x00000000
0x130c3bfc,0xaa28d4d4,0xaa28d4d4,0x00000000
0x130c3c0c,0xb3787878,0xb3787878,0x00000000
0x130c3c10,0x2a2ad4d4,0x2a2ad4d4,0x00000000
0x130c3c14,0xd4d42ad4,0xd4d42ad4,0x00000000
0x130c3c18,0xd4d4d4b3,0xd4d4d4b3,0x00000000
0x130c3c1c,0xbbd428d4,0xbbd428d4,0x00000000
0x130c3c2c,0x78bbba76,0x78bbba76,0x00000000
0x130c3c30,0xa8d4d42a,0xa8d4d42a,0x00000000
0x130c3c34,0xd4e3e6e6,0xd4e3e6e6,0x00000000
0x130c3c38,0xd4d428bb,0xd4d428bb,0x00000000
0x130c3c3c,0x282ae69e,0x282ae69e,0x00000000
0x130c3c4c,0x76767676,0x76767676,0x00000000
0x130c3c50,0xe6e6e6e6,0xe6e6e6e6,0x00000000
0x130c3c54,0xe6e6e6e6,0xe6e6e6e6,0x00000000
0x130c3c58,0x9e9e9e9e,0x9e9e9e9e,0x00000000
0x130c3c5c,0x9e9e9e9e,0x9e9e9e9e,0x00000000
0x130c3c68,0x76767676,0x76767676,0x00000000
0x130c3c6c,0x80808080,0x80808080,0x00000000
0x130c3c70,0x9e9e9e9e,0x9e9e9e9e,0x00000000
0x130c3c74,0x9ef37676,0x9ef37676,0x00000000
0x130c3c78,0x9e9e9ef3,0x9e9e9ef3,0x00000000
0x130c3c7c,0x767676d5,0x767676d5,0x00000000
0x130c3c8c,0xd3d3d3d3,0xd3d3d3d3,0x00000000
0x130c3c90,0xd5c9c984,0xd5c9c984,0x00000000
0x130c3c94,0xc9c9c9c9,0xc9c9c9c9,0x00000000
0x130c3c98,0x84848484,0x84848484,0x00000000
0x130c3c9c,0x84848484,0x84848484,0x00000000
0x130c3ca8,0xd3d3d3d3,0xd3d3d3d3,0x00000000
0x130c3cac,0xd3d3d3d3,0xd3d3d3d3,0x00000000
0x130c3cb0,0xc9c9c9c9,0xc9c9c9c9,0x00000000
0x130c3cb4,0xc9c9c9c9,0xc9c9c9c9,0x00000000
0x130c3cb8,0x84848484,0x84848484,0x00000000
0x130c3cbc,0xc9c9c9c9,0xc9c9c9c9,0x00000000
0x130c3ccc,0xd3d3c9d3,0xd3d3c9d3,0x00000000
0x130c3cd0,0xc9c9d3c9,0xc9c9d3c9,0x00000000
0x130c3cd4,0xc9c9c9d3,0xc9c9c9d3,0x00000000
0x130c3cd8,0xd3d3d3d3,0xd3d3d3d3,0x00000000
0x130c3cdc,0x84c9c9d3,0x84c9c9d3,0x00000000
0x130c3cec,0xd3d3d3d3,0xd3d3d3d3,0x00000000
0x130c3cf0,0xd9c9c9c9,0xd9c9c9c9,0x00000000
0x130c3cf4,0xc9c9c9c9,0xc9c9c9c9,0x00000000
0x130c3cf8,0xd3d9c9d9,0xd3d9c9d9,0x00000000
0x130c3cfc,0xd9d9c9d9,0xd9d9c9d9,0x00000000
0x130c3d0c,0x80808080,0x80808080,0x00000000
0x130c3d10,0xc9f476ba,0xc9f476ba,0x00000000
0x130c3d14,0xbabababa,0xbabababa,0x00000000
0x130c3d18,0xd9f48076,0xd9f48076,0x00000000
0x130c3d1c,0xbaba8080,0xbaba8080,0x00000000
0x130c3d2c,0xd386e086,0xd386e086,0x00000000
0x130c3d30,0xba76af64,0xba76af64,0x00000000
0x130c3d34,0xa1a186a1,0xa1a186a1,0x00000000
0x130c3d38,0x8076de64,0x8076de64,0x00000000
0x130c3d3c,0xa1a1e0e0,0xa1a1e0e0,0x00000000
0x130c3d4c,0xa1e0a187,0xa1e0a187,0x00000000
0x130c3d50,0x6464a164,0x6464a164,0x00000000
0x130c3d54,0x646465e5,0x646465e5,0x00000000
0x130c3d58,0xa1a164a1,0xa1a164a1,0x00000000
0x130c3d5c,0x64a16479,0x64a16479,0x00000000
0x130c3d68,0xf0808080,0xf0808080,0x00000000
0x130c3d6c,0xbabababa,0xbabababa,0x00000000
0x130c3d70,0xbaf3f3f7,0xbaf3f3f7,0x00000000
0x130c3d74,0xe6e6e6e3,0xe6e6e6e3,0x00000000
0x130c3d78,0x80baba95,0x80baba95,0x00000000
0x130c3d7c,0x9ee6e695,0x9ee6e695,0x00000000
0x130c3d88,0xf3f3f3f3,0xf3f3f3f3,0x00000000
0x130c3d90,0xe6e3e6e3,0xe6e3e6e3,0x00000000
0x130c3d94,0xe3e3e3e3,0xe3e3e3e3,0x00000000
0x130c3d98,0xe6e6f7e6,0xe6e6f7e6,0x00000000
0x130c3d9c,0xe6e6e6e6,0xe6e6e6e6,0x00000000
0x130c3da8,0xf3babaf3,0xf3babaf3,0x00000000
0x130c3db0,0xe3e6e3e3,0xe3e6e3e3,0x00000000
0x130c3db4,0xe3e3e3e3,0xe3e3e3e3,0x00000000
0x130c3db8,0xe3e6e6e6,0xe3e6e6e6,0x00000000
0x130c3dbc,0xe6e6e6e3,0xe6e6e6e3,0x00000000
0x130c3dcc,0xf7f7e6e6,0xf7f7e6e6,0x00000000
0x130c3dd0,0xe3e3e6e3,0xe3e3e6e3,0x00000000
0x130c3dd4,0x9f9fe32a,0x9f9fe32a,0x00000000
0x130c3dd8,0xe3e6e6e6,0xe3e6e6e6,0x00000000
0x130c3ddc,0x9fe3e39f,0x9fe3e39f,0x00000000
0x130c3dec,0xe6f7e3e6,0xe6f7e3e6,0x00000000
0x130c3df0,0x9f9fe32a,0x9f9fe32a,0x00000000
0x130c3df4,0x9f2a2a2a,0x9f2a2a2a,0x00000000
0x130c3df8,0xe3e6e6e3,0xe3e6e6e3,0x00000000
0x130c3dfc,0xe3e3e39f,0xe3e3e39f,0x00000000
0x130c3e08,0xf7e6e3e3,0xf7e6e3e3,0x00000000
0x130c3e0c,0xe3e3e3f7,0xe3e3e3f7,0x00000000
0x130c3e10,0x2a2a9fe3,0x2a2a9fe3,0x00000000
0x130c3e14,0x2a2a2ae3,0x2a2a2ae3,0x00000000
0x130c3e18,0x9f9fe3e3,0x9f9fe3e3,0x00000000
0x130c3e1c,0x9f2ae3e3,0x9f2ae3e3,0x00000000
0x130c3e2c,0xe3e3e3d4,0xe3e3e3d4,0x00000000
0x130c3e30,0x2a2a2a2a,0x2a2a2a2a,0x00000000
0x130c3e34,0x2a2a2a2a,0x2a2a2a2a,0x00000000
0x130c3e38,0xe32a2a2a,0xe32a2a2a,0x00000000
0x130c3e3c,0x2ae3e32a,0x2ae3e32a,0x00000000
0x130c3e48,0xe3f7e32a,0xe3f7e32a,0x00000000
0x130c3e4c,0x2a2a2ad4,0x2a2a2ad4,0x00000000
0x130c3e50,0x2ae3e32a,0x2ae3e32a,0x00000000
0x130c3e54,0x2a2a2a2a,0x2a2a2a2a,0x00000000
0x130c3e58,0x2a2ae32a,0x2a2ae32a,0x00000000
0x130c3e5c,0x2a2ae3e3,0x2a2ae3e3,0x00000000
0x130c3e6c,0x2a2ad42a,0x2a2ad42a,0x00000000
0x130c3e70,0xd42a2a2a,0xd42a2a2a,0x00000000
0x130c3e74,0x2a2a2a2a,0x2a2a2a2a,0x00000000
0x130c3e78,0xe3d42a2a,0xe3d42a2a,0x00000000
0x130c3e7c,0x2a2a2a2a,0x2a2a2a2a,0x00000000
0x130c3e88,0x2ad42a2a,0x2ad42a2a,0x00000000
0x130c3e8c,0x2ad42a2a,0x2ad42a2a,0x00000000
0x130c3e90,0xd42a2ad4,0xd42a2ad4,0x00000000
0x130c3e94,0x2a2a2a2a,0x2a2a2a2a,0x00000000
0x130c3e98,0x2a2a2a2a,0x2a2a2a2a,0x00000000
0x130c3e9c,0x2a2a2a2a,0x2a2a2a2a,0x00000000
0x130c3eac,0x2a2a2a2a,0x2a2a2a2a,0x00000000
0x130c3eb0,0x2a2a2a2a,0x2a2a2a2a,0x00000000
0x130c3eb4,0x2a2a2a2a,0x2a2a2a2a,0x00000000
0x130c3eb8,0x2a2a2a2a,0x2a2a2a2a,0x00000000
0x130c3ebc,0x2a2a2a2a,0x2a2a2a2a,0x00000000
0x130c3ec0,0x2a2a2a2a,0x2a2a2a2a,0x00000000
0x130c3ec4,0x2a2a2a2a,0x2a2a2a2a,0x00000000
0x130c3ec8,0x2ad4d42a,0x2ad4d42a,0x00000000
0x130c3ecc,0x2a2a2ad4,0x2a2a2ad4,0x00000000
0x130c3ed0,0x2ad42a2a,0x2ad42a2a,0x00000000
0x130c3ed4,0x2a2a2a2a,0x2a2a2a2a,0x00000000
0x130c3ed8,0xd42a2ad4,0xd42a2ad4,0x00000000
0x130c3edc,0x2a2a2a2a,0x2a2a2a2a,0x00000000
0x130c3ee8,0xd4d42abb,0xd4d42abb,0x00000000
0x130c3eec,0xe3e3e3f7,0xe3e3e3f7,0x00000000
0x130c3ef0,0x2a2ad4e3,0x2a2ad4e3,0x00000000
0x130c3ef4,0xd4d4d4bb,0xd4d4d4bb,0x00000000
0x130c3ef8,0x2a2a2a2a,0x2a2a2a2a,0x00000000
0x130c3efc,0xd4e3d4e3,0xd4e3d4e3,0x00000000
0x130c3f0c,0x66666668,0x66666668,0x00000000
0x130c3f10,0x7878e966,0x7878e966,0x00000000
0x130c3f14,0xdf666666,0xdf666666,0x00000000
0x130c3f18,0x787881df,0x787881df,0x00000000
0x130c3f1c,0x66df66df,0x66df66df,0x00000000
0x130c3f2c,0xdfdf66df,0xdfdf66df,0x00000000
0x130c3f30,0x66df6666,0x66df6666,0x00000000
0x130c3f34,0x6666dfdf,0x6666dfdf,0x00000000
0x130c3f38,0xdf66dfdf,0xdf66dfdf,0x00000000
0x130c3f3c,0x66dfdfdf,0x66dfdfdf,0x00000000
0x130c3f4c,0x666666df,0x666666df,0x00000000
0x130c3f50,0x6666dfdf,0x6666dfdf,0x00000000
0x130c3f54,0x66666666,0x66666666,0x00000000
0x130c3f58,0x686666df,0x686666df,0x00000000
0x130c3f5c,0x66666666,0x66666666,0x00000000
0x130c3f6c,0xdfdfdfdf,0xdfdfdfdf,0x00000000
0x130c3f70,0x68686668,0x68686668,0x00000000
0x130c3f74,0x686866df,0x686866df,0x00000000
0x130c3f78,0x68686668,0x68686668,0x00000000
0x130c3f7c,0x68666666,0x68666666,0x00000000
0x130c3f8c,0xdfdfdfd7,0xdfdfdfd7,0x00000000
0x130c3f90,0x66666666,0x66666666,0x00000000
0x130c3f94,0x666666df,0x666666df,0x00000000
0x130c3f98,0xdf6666df,0xdf6666df,0x00000000
0x130c3f9c,0x666666df,0x666666df,0x00000000
0x130c3fac,0xd7dfe520,0xd7dfe520,0x00000000
0x130c3fb0,0xdf6666df,0xdf6666df,0x00000000
0x130c3fb4,0xdf66d7b5,0xdf66d7b5,0x00000000
0x130c3fb8,0xdf6666df,0xdf6666df,0x00000000
0x130c3fbc,0xd766dfc0,0xd766dfc0,0x00000000
0x130c3fc8,0x937b3e78,0x937b3e78,0x00000000
0x130c3fd0,0x783adf8b,0x783adf8b,0x00000000
0x130c3fd4,0xbbb3d428,0xbbb3d428,0x00000000
0x130c3fd8,0x93b0df2c,0x93b0df2c,0x00000000
0x130c3fdc,0xbb7878b3,0xbb7878b3,0x00000000
0x130c3fec,0xb3b378bb,0xb3b378bb,0x00000000
0x130c3ff0,0xd4d4d4d4,0xd4d4d4d4,0x00000000
0x130c3ff4,0xd42ad4d4,0xd42ad4d4,0x00000000
0x130c3ff8,0x2828d428,0x2828d428,0x00000000
0x130c3ffc,0x2828b32a,0x2828b32a,0x00000000
0x130c400c,0xdadadada,0xdadadada,0x00000000
0x130c4010,0xdadadada,0xdadadada,0x00000000
0x130c4014,0xdadada7f,0xdadada7f,0x00000000
0x130c4018,0x927d2392,0x927d2392,0x00000000
0x130c401c,0x9292927d,0x9292927d,0x00000000
0x130c4028,0x7fdadada,0x7fdadada,0x00000000
0x130c402c,0x7fa235b2,0x7fa235b2,0x00000000
0x130c4030,0x7fda7f7f,0x7fda7f7f,0x00000000
0x130c4034,0x7f333392,0x7f333392,0x00000000
0x130c4038,0x7d239223,0x7d239223,0x00000000
0x130c403c,0x23352577,0x23352577,0x00000000
0x130c404c,0x5b5b5b5b,0x5b5b5b5b,0x00000000
0x130c4050,0x595b5b5b,0x595b5b5b,0x00000000
0x130c4054,0x5b5b5b5b,0x5b5b5b5b,0x00000000
0x130c4058,0x5b5b5b5b,0x5b5b5b5b,0x00000000
0x130c405c,0x5b5b5b5b,0x5b5b5b5b,0x00000000
0x130c4068,0x5b5b5b5b,0x5b5b5b5b,0x00000000
0x130c406c,0x241f1f1f,0x241f1f1f,0x00000000
0x130c4070,0x5b5b5b5b,0x5b5b5b5b,0x00000000
0x130c4074,0x821f1f1f,0x821f1f1f,0x00000000
0x130c4078,0x5b5b5b5a,0x5b5b5b5a,0x00000000
0x130c407c,0xb41f1f1f,0xb41f1f1f,0x00000000
0x130c4088,0x1f1f1f2f,0x1f1f1f2f,0x00000000
0x130c408c,0xcdc1cdcd,0xcdc1cdcd,0x00000000
0x130c4090,0x1f1f1f31,0x1f1f1f31,0x00000000
0x130c4094,0xc1c1cdcd,0xc1c1cdcd,0x00000000
0x130c4098,0x1f1f1f31,0x1f1f1f31,0x00000000
0x130c409c,0xcdcdc1cd,0xcdcdc1cd,0x00000000
0x130c40a8,0xcd311f1f,0xcd311f1f,0x00000000
0x130c40ac,0x1f1f1f1f,0x1f1f1f1f,0x00000000
0x130c40b0,0xcd311f1f,0xcd311f1f,0x00000000
0x130c40b4,0x1f1f1f1f,0x1f1f1f1f,0x00000000
0x130c40b8,0xcd2f1f1f,0xcd2f1f1f,0x00000000
0x130c40bc,0x1f1f1f1f,0x1f1f1f1f,0x00000000
0x130c40cc,0x1f475b5b,0x1f475b5b,0x00000000
0x130c40d0,0x1f1f1f1f,0x1f1f1f1f,0x00000000
0x130c40d4,0x1f475b5b,0x1f475b5b,0x00000000
0x130c40d8,0x1f1f1f1f,0x1f1f1f1f,0x00000000
0x130c40dc,0x7d485b5b,0x7d485b5b,0x00000000
0x130c40e8,0x5b5b5b5b,0x5b5b5b5b,0x00000000
0x130c40ec,0x5b5b5b5b,0x5b5b5b5b,0x00000000
0x130c40f0,0x5b5b5b5b,0x5b5b5b5b,0x00000000
0x130c40f4,0x5b5b5b5b,0x5b5b5b5b,0x00000000
0x130c40f8,0x5b5b5b5b,0x5b5b5b5b,0x00000000
0x130c40fc,0x5b5b5b5b,0x5b5b5b5b,0x00000000
0x130c4108,0x5b5b5b5b,0x5b5b5b5b,0x00000000
0x130c410c,0x5b5b5949,0x5b5b5949,0x00000000
0x130c4110,0x5b5b5b5b,0x5b5b5b5b,0x00000000
0x130c4114,0x5b5b5b5b,0x5b5b5b5b,0x00000000
0x130c4118,0x5b5b5b5b,0x5b5b5b5b,0x00000000
0x130c411c,0x5b5b5b5b,0x5b5b5b5b,0x00000000
0x130c4128,0x82da7f7f,0x82da7f7f,0x00000000
0x130c412c,0xdadada9e,0xdadada9e,0x00000000
0x130c4130,0x5b594982,0x5b594982,0x00000000
0x130c4134,0x7f7f7f9e,0x7f7f7f9e,0x00000000
0x130c4138,0x5b5b5b5b,0x5b5b5b5b,0x00000000
0x130c413c,0x59497776,0x59497776,0x00000000
0x130c4148,0x9fe6e6e6,0x9fe6e6e6,0x00000000
0x130c4150,0xe6e6e69e,0xe6e6e69e,0x00000000
0x130c4154,0x20000000,0x20000000,0x00000000
0x130c4158,0xf3f3baf3,0xf3f3baf3,0x00000000
0x130c415c,0xf0000000,0xf0000000,0x00000000
0x130c4174,0x191aa71c,0x191aa71c,0x00000000
0x130c417c,0x19191c1c,0x19191c1c,0x00000000
0x130c4190,0xa7a7a7a7,0xa7a7a7a7,0x00000000
0x130c4194,0xa71c1ca7,0xa71c1ca7,0x00000000
0x130c4198,0x1b1c1c1c,0x1b1c1c1c,0x00000000
0x130c419c,0x1c1c1c1c,0x1c1c1c1c,0x00000000
0x130c41ac,0x9d9d8585,0x9d9d8585,0x00000000
0x130c41b0,0xa7a7a7a7,0xa7a7a7a7,0x00000000
0x130c41b4,0x85a7a7a7,0x85a7a7a7,0x00000000
0x130c41b8,0x1c1c1c1c,0x1c1c1c1c,0x00000000
0x130c41bc,0x1c1c1c1d,0x1c1c1c1d,0x00000000
0x130c41cc,0x9d859d9d,0x9d859d9d,0x00000000
0x130c41d0,0xa71d8585,0xa71d8585,0x00000000
0x130c41d4,0x85858585,0x85858585,0x00000000
0x130c41d8,0x1d1d1d1d,0x1d1d1d1d,0x00000000
0x130c41dc,0x1d1d1da7,0x1d1d1da7,0x00000000
0x130c41e8,0x9d9d9d9d,0x9d9d9d9d,0x00000000
0x130c41ec,0x9d9d9d85,0x9d9d9d85,0x00000000
0x130c41f0,0x85a78585,0x85a78585,0x00000000
0x130c41f4,0x85858585,0x85858585,0x00000000
0x130c41f8,0x1d1da71d,0x1d1da71d,0x00000000
0x130c41fc,0x1d1ca71d,0x1d1ca71d,0x00000000
0x130c4208,0x9d9d9d9d,0x9d9d9d9d,0x00000000
0x130c420c,0x9d9d9d9d,0x9d9d9d9d,0x00000000
0x130c4210,0x859d851d,0x859d851d,0x00000000
0x130c4214,0xa785859d,0xa785859d,0x00000000
0x130c4218,0x1c1d1d1d,0x1c1d1d1d,0x00000000
0x130c421c,0xa785a7a7,0xa785a7a7,0x00000000
0x130c4228,0x859d8585,0x859d8585,0x00000000
0x130c422c,0x85859d9d,0x85859d9d,0x00000000
0x130c4230,0x859d9d9d,0x859d9d9d,0x00000000
0x130c4234,0x859d859d,0x859d859d,0x00000000
0x130c4238,0x85a7851d,0x85a7851d,0x00000000
0x130c423c,0x85851d85,0x85851d85,0x00000000
0x130c424c,0x9d9d91b8,0x9d9d91b8,0x00000000
0x130c4250,0x9d9d9d9d,0x9d9d9d9d,0x00000000
0x130c4254,0x9d9d9d9d,0x9d9d9d9d,0x00000000
0x130c4258,0x85858585,0x85858585,0x00000000
0x130c425c,0x85858585,0x85858585,0x00000000
0x130c426c,0xb8b8b8b8,0xb8b8b8b8,0x00000000
0x130c4270,0x9dc39d9d,0x9dc39d9d,0x00000000
0x130c4274,0x9d9d9dc3,0x9d9d9dc3,0x00000000
0x130c4278,0x9d9d9d9d,0x9d9d9d9d,0x00000000
0x130c427c,0x9d9d9d9d,0x9d9d9d9d,0x00000000
0x130c4280,0x859d9d9d,0x859d9d9d,0x00000000
0x130c4288,0xb8b8b8b8,0xb8b8b8b8,0x00000000
0x130c428c,0xb8c3c3b8,0xb8c3c3b8,0x00000000
0x130c4290,0xb8b8b89d,0xb8b8b89d,0x00000000
0x130c4294,0xb8b8b8b8,0xb8b8b8b8,0x00000000
0x130c4298,0x9d9d9d9d,0x9d9d9d9d,0x00000000
0x130c429c,0xc3b8c3b8,0xc3b8c3b8,0x00000000
0x130c42a8,0xb8b8b8b8,0xb8b8b8b8,0x00000000
0x130c42ac,0x9d9db166,0x9d9db166,0x00000000
0x130c42b0,0xb8b8b8b8,0xb8b8b8b8,0x00000000
0x130c42b4,0x9d9dad86,0x9d9dad86,0x00000000
0x130c42b8,0xc3b8b8c3,0xc3b8b8c3,0x00000000
0x130c42bc,0x9d9d86ab,0x9d9d86ab,0x00000000
0x130c42d4,0xb88db8c3,0xb88db8c3,0x00000000
0x130c42d8,0xc38585b8,0xc38585b8,0x00000000
0x130c42dc,0x8db18dc3,0x8db18dc3,0x00000000
0x130c42e8,0x9dc3b89d,0x9dc3b89d,0x00000000
0x130c42f0,0xb8b8b8b8,0xb8b8b8b8,0x00000000
0x130c42f4,0xb8b8b8b8,0xb8b8b8b8,0x00000000
0x130c430c,0xc3b8b8c3,0xc3b8b8c3,0x00000000
0x130c4310,0xb8c3b8b8,0xb8c3b8b8,0x00000000
0x130c4314,0xc3b8b89d,0xc3b8b89d,0x00000000
0x130c4318,0xb8b8b8b8,0xb8b8b8b8,0x00000000
0x130c431c,0xb8b8b8b8,0xb8b8b8b8,0x00000000
0x130c4328,0xb8b8c3b8,0xb8b8c3b8,0x00000000
0x130c432c,0xb8b8c319,0xb8b8c319,0x00000000
0x130c4330,0xb89d9db8,0xb89d9db8,0x00000000
0x130c4334,0xb8b81d19,0xb8b81d19,0x00000000
0x130c4348,0x19131917,0x19131917,0x00000000
0x130c4350,0x12021917,0x12021917,0x00000000
0x130c4358,0x03001719,0x03001719,0x00000000
0x130c452c,0x64a1a164,0x64a1a164,0x00000000
0x130c4538,0x3f4ba1c9,0x3f4ba1c9,0x00000000
0x130c453c,0xd8c9a1e0,0xd8c9a1e0,0x00000000
0x130c4540,0x8686a1c9,0x8686a1c9,0x00000000
0x130c4544,0x8686a1f4,0x8686a1f4,0x00000000
0x130c4548,0xa1a16464,0xa1a16464,0x00000000
0x130c454c,0x646464e5,0x646464e5,0x00000000
0x130c4560,0xf0802080,0xf0802080,0x00000000
0x130c4564,0xbabababa,0xbabababa,0x00000000
0x130c4568,0x80baf39e,0x80baf39e,0x00000000
0x130c4570,0x80babaf3,0x80babaf3,0x00000000
0x130c4574,0xf3f3e6e6,0xf3f3e6e6,0x00000000
0x130c4578,0x22808080,0x22808080,0x00000000
0x130c4584,0xf3baf3f3,0xf3baf3f3,0x00000000
0x130c4588,0xe6e6e3e6,0xe6e6e3e6,0x00000000
0x130c458c,0xe3e3e3e3,0xe3e3e3e3,0x00000000
0x130c4598,0xbaf3f3f3,0xbaf3f3f3,0x00000000
0x130c459c,0xf3f3f3f3,0xf3f3f3f3,0x00000000
0x130c4764,0x66dfdf66,0x66dfdf66,0x00000000
0x130c4784,0xdfdfdfd7,0xdfdfdfd7,0x00000000
0x130c47a4,0xd7df66cb,0xd7df66cb,0x00000000
0x130c47c4,0xaaaaaa78,0xaaaaaa78,0x00000000
0x130c47e4,0xaa78aab3,0xaa78aab3,0x00000000
0x130c4804,0xdadada92,0xdadada92,0x00000000
0x130c4824,0xe1357f49,0xe1357f49,0x00000000
0x130c4ba4,0x8cb1b88d,0x8cb1b88d,0x00000000
0x130c4be4,0x04282a2a,0x04282a2a,0x00000000
0x130c4c04,0xd4d4d4a8,0xd4d4d4a8,0x00000000
0x130c4c24,0x2ae3e6e6,0x2ae3e6e6,0x00000000
0x130c4c44,0x9e9e9e9e,0x9e9e9e9e,0x00000000
0x130c4c64,0xc984c984,0xc984c984,0x00000000
0x130c4c84,0xc9c9c9c9,0xc9c9c9c9,0x00000000
0x130c4ca4,0x8484c9c9,0x8484c9c9,0x00000000
0x130c4cc4,0xc9c9c9c9,0xc9c9c9c9,0x00000000
0x130c4ce4,0xd9c9c9c9,0xd9c9c9c9,0x00000000
0x130c4d04,0xf347f3ba,0xf347f3ba,0x00000000
0x130c4d24,0xc96464a1,0xc96464a1,0x00000000
0x130c4d44,0x64a1a164,0x64a1a164,0x00000000
0x130c4d64,0xe6e6e6e6,0xe6e6e6e6,0x00000000
0x130c4d84,0xe3e3e3e3,0xe3e3e3e3,0x00000000
0x130c4da4,0xe3e3e3e3,0xe3e3e3e3,0x00000000
0x130c4dc4,0x9f9f2a2a,0x9f9f2a2a,0x00000000
0x130c4de4,0x9f9f2a9f,0x9f9f2a9f,0x00000000
0x130c4e04,0x2a2a2a2a,0x2a2a2a2a,0x00000000
0x130c4e24,0x2a2a2a2a,0x2a2a2a2a,0x00000000
0x130c55e4,0xe3e3e3e6,0xe3e3e3e6,0x00000000
0x130c562c,0xe3e3e3e3,0xe3e3e3e3,0x00000000
0x130c6ef4,0x2a2a2a2a,0x2a2a2a2a,0x00000000
0x130c6f0c,0x2a2a2a2a,0x2a2a2a2a,0x00000000
0x130c7118,0x5b5b5b5b,0x5b5b5b5b,0x00000000
0x130c7308,0xb8b8b8b8,0xb8b8b8b8,0x00000000
0x130c7334,0x19030000,0x19030000,0x00000000
0x130c759c,0xe6e6e6e6,0xe6e6e6e6,0x00000000
0x130c7f34,0x2a2a2a2a,0x2a2a2a2a,0x00000000
0x130c8570,0xa1a1c9d3,0xa1a1c9d3,0x00000000
0x130c867c,0x65656565,0x65656565,0x00000000
0x130c8988,0x19191a1c,0x19191a1c,0x00000000
0x130c8b68,0x10000000,0x10000000,0x00000000
0x130c92cc,0x19171912,0x19171912,0x00000000
0x130ca12c,0x5b5b5b5b,0x5b5b5b5b,0x00000000
0x130ca14c,0x0e000000,0x0e000000,0x00000000
0x130ca5e0,0x64646464,0x64646464,0x00000000
0x130ca8f4,0x5b5b5b5b,0x5b5b5b5b,0x00000000
0x130ca914,0x5b5b5b5b,0x5b5b5b5b,0x00000000
0x130ca930,0x5b5b5b5b,0x5b5b5b5b,0x00000000
0x130ca950,0x5b5b5b5b,0x5b5b5b5b,0x00000000
0x130ca984,0xdc171919,0xdc171919,0x00000000
0x130ca98c,0x00dc1719,0x00dc1719,0x00000000
0x130ca9a4,0x91919191,0x91919191,0x00000000
0x130ca9a8,0x19191b7c,0x19191b7c,0x00000000
0x130ca9b0,0x1919191c,0x1919191c,0x00000000
0x130ca9f4,0xd8d8d8d8,0xd8d8d8d8,0x00000000
0x130caa30,0xd8d8d8d8,0xd8d8d8d8,0x00000000
0x130caa3c,0x919d9191,0x919d9191,0x00000000
0x130caa64,0x91919191,0x91919191,0x00000000
0x130caa88,0xd8d89d19,0xd8d89d19,0x00000000
0x130caa94,0xdc000003,0xdc000003,0x00000000
0x130caab4,0x1a1a1a19,0x1a1a1a19,0x00000000
0x130caabc,0x1919191a,0x1919191a,0x00000000
0x130caad8,0x1a191910,0x1a191910,0x00000000
0x130cab54,0x19191a19,0x19191a19,0x00000000
0x130cab5c,0x191a1919,0x191a1919,0x00000000
0x130cab60,0x11000000,0x11000000,0x00000000
0x130cac14,0xe3e3d4d4,0xe3e3d4d4,0x00000000
0x130cac24,0xbbe37676,0xbbe37676,0x00000000
0x130cac6c,0x9e9e9e82,0x9e9e9e82,0x00000000
0x130cac7c,0x76767676,0x76767676,0x00000000
0x130cac90,0x9e9e8276,0x9e9e8276,0x00000000
0x130cac94,0x7676d584,0x7676d584,0x00000000
0x130cac98,0x76767680,0x76767680,0x00000000
0x130cacbc,0xedededed,0xedededed,0x00000000
0x130cacd4,0xef555657,0xef555657,0x00000000
0x130cacec,0x5b5b5b5b,0x5b5b5b5b,0x00000000
0x130cacf0,0x57575b5b,0x57575b5b,0x00000000
0x130cad14,0x5b575756,0x5b575756,0x00000000
0x130cad18,0x5b5b5b5b,0x5b5b5b5b,0x00000000
0x130cad1c,0x5b575756,0x5b575756,0x00000000
0x130cad6c,0xa1e0a1a1,0xa1e0a1a1,0x00000000
0x130cad70,0x64e0a164,0x64e0a164,0x00000000
0x130cad74,0x64a16464,0x64a16464,0x00000000
0x130cad7c,0xe0e0e0c9,0xe0e0e0c9,0x00000000
0x130cadec,0xa1a16464,0xa1a16464,0x00000000
0x130cadf0,0x6486e064,0x6486e064,0x00000000
0x130cadf4,0x64646464,0x64646464,0x00000000
0x130cadf8,0xa1d3c9a1,0xa1d3c9a1,0x00000000
0x130cadfc,0xa1a1e086,0xa1a1e086,0x00000000
0x130cae00,0xa1c9e0a1,0xa1c9e0a1,0x00000000
0x130cae04,0xa1a1a1e0,0xa1a1a1e0,0x00000000
0x130cae08,0xa1a16464,0xa1a16464,0x00000000
0x130cae0c,0xa1a164a1,0xa1a164a1,0x00000000
0x130cae10,0x64646464,0x64646464,0x00000000
0x130cae14,0x64646464,0x64646464,0x00000000
0x130cae18,0xe0a1a1e0,0xe0a1a1e0,0x00000000
0x130cae1c,0xe086a1a1,0xe086a1a1,0x00000000
0x130cae28,0xa1a164a1,0xa1a164a1,0x00000000
0x130cae2c,0x64a1a164,0x64a1a164,0x00000000
0x130cae30,0xa1646464,0xa1646464,0x00000000
0x130cae34,0x64e0a164,0x64e0a164,0x00000000
0x130cae38,0x86a1e0e0,0x86a1e0e0,0x00000000
0x130cae3c,0xa1d986a1,0xa1d986a1,0x00000000
0x130cae48,0x64a164a1,0x64a164a1,0x00000000
0x130cae4c,0x64a1a164,0x64a1a164,0x00000000
0x130cae50,0x64646464,0x64646464,0x00000000
0x130cae54,0x64a1a165,0x64a1a165,0x00000000
0x130cae58,0xa1a1a1a1,0xa1a1a1a1,0x00000000
0x130cae5c,0xa1a1a1a1,0xa1a1a1a1,0x00000000
0x130cae68,0xa1a1a1a1,0xa1a1a1a1,0x00000000
0x130cae6c,0x646586d9,0x646586d9,0x00000000
0x130cae70,0x86a1a164,0x86a1a164,0x00000000
0x130cae74,0x65a1d9c9,0x65a1d9c9,0x00000000
0x130cae78,0xa1a1a1a1,0xa1a1a1a1,0x00000000
0x130cae7c,0x86d9d3d9,0x86d9d3d9,0x00000000
0x130cae88,0xd9d9d9d9,0xd9d9d9d9,0x00000000
0x130cae8c,0xd9d9d986,0xd9d9d986,0x00000000
0x130cae90,0xc9c9c9c9,0xc9c9c9c9,0x00000000
0x130cae94,0xc9c9d986,0xc9c9d986,0x00000000
0x130cae98,0xd9d9d9d9,0xd9d9d9d9,0x00000000
0x130cae9c,0xd9d9d986,0xd9d9d986,0x00000000
0x130caea8,0x65656565,0x65656565,0x00000000
0x130caeac,0x65656565,0x65656565,0x00000000
0x130caeb0,0xa1a16565,0xa1a16565,0x00000000
0x130caeb4,0x65656565,0x65656565,0x00000000
0x130caeb8,0xa1a16565,0xa1a16565,0x00000000
0x130caebc,0x65a1eece,0x65a1eece,0x00000000
0x130caec8,0x65656565,0x65656565,0x00000000
0x130caed0,0x65656565,0x65656565,0x00000000
0x130caed4,0x65656565,0x65656565,0x00000000
0x130caed8,0xa9d2ffe5,0xa9d2ffe5,0x00000000
0x130caedc,0xde636565,0xde636565,0x00000000
0x130caee8,0x65656565,0x65656565,0x00000000
0x130caef0,0x65656565,0x65656565,0x00000000
0x130caef4,0x65656565,0x65656565,0x00000000
0x130caef8,0x65656565,0x65656565,0x00000000
0x130caefc,0x65656565,0x65656565,0x00000000
0x130caf08,0x65656565,0x65656565,0x00000000
0x130caf10,0x65656565,0x65656565,0x00000000
0x130caf14,0x65656565,0x65656565,0x00000000
0x130caf18,0x65656565,0x65656565,0x00000000
0x130caf28,0x65d2f7e3,0x65d2f7e3,0x00000000
0x130caf38,0x6565def7,0x6565def7,0x00000000
0x130caf3c,0xe3e3e3e3,0xe3e3e3e3,0x00000000
0x130caf48,0x2a2a2ae3,0x2a2a2ae3,0x00000000
0x130caf54,0x2ae32a2a,0x2ae32a2a,0x00000000
0x130caf58,0x2a2a2ae3,0x2a2a2ae3,0x00000000
0x130caf5c,0x2a2a2a2a,0x2a2a2a2a,0x00000000
0x130caf60,0xd42ad4bb,0xd42ad4bb,0x00000000
0x130caf64,0xe3e32ad4,0xe3e32ad4,0x00000000
0x130caf68,0x2a2a2ae3,0x2a2a2ae3,0x00000000
0x130caf6c,0x2a2ad42a,0x2a2ad42a,0x00000000
0x130caf70,0x2a2a2a2a,0x2a2a2a2a,0x00000000
0x130caf74,0x2a2ad4d4,0x2a2ad4d4,0x00000000
0x130caf78,0x2a2a2ad4,0x2a2a2ad4,0x00000000
0x130caf7c,0x2a2ad4e3,0x2a2ad4e3,0x00000000
0x130caf88,0xd4d42ad4,0xd4d42ad4,0x00000000
0x130caf8c,0xd4515b52,0xd4515b52,0x00000000
0x130caf90,0x2a2a2ad4,0x2a2a2ad4,0x00000000
0x130caf94,0xd4515b5a,0xd4515b5a,0x00000000
0x130caf98,0xd42a2ae3,0xd42a2ae3,0x00000000
0x130caf9c,0xd42a5b5b,0xd42a5b5b,0x00000000
0x130cafa8,0xe3d4e3e3,0xe3d4e3e3,0x00000000
0x130cafac,0x2ae3e32a,0x2ae3e32a,0x00000000
0x130cafb0,0x2a2a2ad4,0x2a2a2ad4,0x00000000
0x130cafb4,0x2a2a2a2a,0x2a2a2a2a,0x00000000
0x130cafb8,0x2ad4d4d4,0x2ad4d4d4,0x00000000
0x130cafbc,0xe3e3e3e3,0xe3e3e3e3,0x00000000
0x130cafc8,0xd4e3d4d4,0xd4e3d4d4,0x00000000
0x130cafd0,0x2ad42ad4,0x2ad42ad4,0x00000000
0x130cafd4,0x2a2a2ae3,0x2a2a2ae3,0x00000000
0x130cafd8,0xd4e3e3bb,0xd4e3e3bb,0x00000000
0x130cafdc,0x2ae39595,0x2ae39595,0x00000000
0x130cafe8,0xb3e3e3e3,0xb3e3e3e3,0x00000000
0x130cafec,0xd4d42ad4,0xd4d42ad4,0x00000000
0x130caff0,0xd4d4d4e3,0xd4d4d4e3,0x00000000
0x130caff4,0x2ae3e3e3,0x2ae3e3e3,0x00000000
0x130caff8,0x78959578,0x78959578,0x00000000
0x130caffc,0x957893aa,0x957893aa,0x00000000
0x130cb008,0x5b5b5b5b,0x5b5b5b5b,0x00000000
0x130cb00c,0x5b5b5b5b,0x5b5b5b5b,0x00000000
0x130cb010,0x5b5b5b5b,0x5b5b5b5b,0x00000000
0x130cb014,0x5b5b5b5b,0x5b5b5b5b,0x00000000
0x130cb018,0x5b5b5b5b,0x5b5b5b5b,0x00000000
0x130cb01c,0x5b5b5b5b,0x5b5b5b5b,0x00000000
0x130cb028,0x5b5b5b5b,0x5b5b5b5b,0x00000000
0x130cb02c,0x5b599292,0x5b599292,0x00000000
0x130cb030,0x5b5b5b5b,0x5b5b5b5b,0x00000000
0x130cb034,0x5b492392,0x5b492392,0x00000000
0x130cb038,0x5b5b5b5b,0x5b5b5b5b,0x00000000
0x130cb03c,0x5b497fda,0x5b497fda,0x00000000
0x130cb040,0xdada927d,0xdada927d,0x00000000
0x130cb044,0x1f1f1f1f,0x1f1f1f1f,0x00000000
0x130cb048,0x7fdada7d,0x7fdada7d,0x00000000
0x130cb04c,0x1f1f1f1f,0x1f1f1f1f,0x00000000
0x130cb050,0x9292231f,0x9292231f,0x00000000
0x130cb054,0x1f1f1f1f,0x1f1f1f1f,0x00000000
0x130cb058,0x7f7f921f,0x7f7f921f,0x00000000
0x130cb05c,0x1f1f1f1f,0x1f1f1f1f,0x00000000
0x130cb068,0x1f1f1f1f,0x1f1f1f1f,0x00000000
0x130cb06c,0x2fcdc1c1,0x2fcdc1c1,0x00000000
0x130cb070,0x1f1f1f1f,0x1f1f1f1f,0x00000000
0x130cb074,0x31cdc1c1,0x31cdc1c1,0x00000000
0x130cb078,0x1f1f1f1f,0x1f1f1f1f,0x00000000
0x130cb07c,0x31c1c1c1,0x31c1c1c1,0x00000000
0x130cb088,0xc1c1c1c1,0xc1c1c1c1,0x00000000
0x130cb08c,0xc1c1c1c1,0xc1c1c1c1,0x00000000
0x130cb090,0xc1c1c1c1,0xc1c1c1c1,0x00000000
0x130cb094,0xc1c1c1c1,0xc1c1c1c1,0x00000000
0x130cb098,0xc1c1c1cd,0xc1c1c1cd,0x00000000
0x130cb09c,0xcdc1c1c1,0xcdc1c1c1,0x00000000
0x130cb0a8,0xc1c1311f,0xc1c1311f,0x00000000
0x130cb0ac,0x1f1f1f7d,0x1f1f1f7d,0x00000000
0x130cb0b0,0xc1cd2f1f,0xc1cd2f1f,0x00000000
0x130cb0b4,0x1f1f1fb4,0x1f1f1fb4,0x00000000
0x130cb0b8,0xc1cda61f,0xc1cda61f,0x00000000
0x130cb0bc,0x1f1f1f77,0x1f1f1f77,0x00000000
0x130cb0c8,0x485b5b5b,0x485b5b5b,0x00000000
0x130cb0cc,0x5b5b5b5b,0x5b5b5b5b,0x00000000
0x130cb0d0,0x505b5b5b,0x505b5b5b,0x00000000
0x130cb0d4,0x5b5b5b5b,0x5b5b5b5b,0x00000000
0x130cb0d8,0x585b5b5b,0x585b5b5b,0x00000000
0x130cb0dc,0x5b5b5b5b,0x5b5b5b5b,0x00000000
0x130cb0e8,0x5b5b5b5b,0x5b5b5b5b,0x00000000
0x130cb0ec,0x5b5b5b5b,0x5b5b5b5b,0x00000000
0x130cb0f0,0x5b5b5b5b,0x5b5b5b5b,0x00000000
0x130cb0f4,0x5b5b5b5b,0x5b5b5b5b,0x00000000
0x130cb0f8,0x5b5b5b5b,0x5b5b5b5b,0x00000000
0x130cb0fc,0x5b5b5b5b,0x5b5b5b5b,0x00000000
0x130cb108,0x5b5b5b5b,0x5b5b5b5b,0x00000000
0x130cb10c,0x5b5b5b5b,0x5b5b5b5b,0x00000000
0x130cb110,0x5b5b5b5b,0x5b5b5b5b,0x00000000
0x130cb114,0x5b5b5b5b,0x5b5b5b5b,0x00000000
0x130cb118,0x5b5b5b5b,0x5b5b5b5b,0x00000000
0x130cb11c,0x5b5b5b5b,0x5b5b5b5b,0x00000000
0x130cb12c,0x5b5b5b5b,0x5b5b5b5b,0x00000000
0x130cb130,0x5b5b5b5b,0x5b5b5b5b,0x00000000
0x130cb134,0x5b5b5b5b,0x5b5b5b5b,0x00000000
0x130cb138,0x5b5b5b5b,0x5b5b5b5b,0x00000000
0x130cb13c,0x5b5b5b5b,0x5b5b5b5b,0x00000000
0x130cb14c,0x0c000000,0x0c000000,0x00000000
0x130cb150,0x5b5b5b5b,0x5b5b5b5b,0x00000000
0x130cb154,0x0c000000,0x0c000000,0x00000000
0x130cb158,0x5b5b5b5b,0x5b5b5b5b,0x00000000
0x130cb15c,0x0c000000,0x0c000000,0x00000000
0x130cb1a8,0x00dc1719,0x00dc1719,0x00000000
0x130cb1f0,0x19191c91,0x19191c91,0x00000000
0x130cb1f4,0x91919191,0x91919191,0x00000000
0x130cb1f8,0x1919191c,0x1919191c,0x00000000
0x130cb1fc,0x7c7c7c7c,0x7c7c7c7c,0x00000000
0x130cb200,0x7cd87c7c,0x7cd87c7c,0x00000000
0x130cb204,0x7cd87c91,0x7cd87c91,0x00000000
0x130cb208,0x7cd8d87c,0x7cd8d87c,0x00000000
0x130cb20c,0xd8d87c7c,0xd8d87c7c,0x00000000
0x130cb210,0x91919191,0x91919191,0x00000000
0x130cb214,0x91919191,0x91919191,0x00000000
0x130cb218,0x7c7c7c7c,0x7c7c7c7c,0x00000000
0x130cb21c,0x7c7c7c7c,0x7c7c7c7c,0x00000000
0x130cb230,0x91919d91,0x91919d91,0x00000000
0x130cb240,0xd8d8d8d8,0xd8d8d8d8,0x00000000
0x130cb244,0x7cd8d87c,0x7cd8d87c,0x00000000
0x130cb248,0xd8d8d8d8,0xd8d8d8d8,0x00000000
0x130cb24c,0xd8d8d8d8,0xd8d8d8d8,0x00000000
0x130cb250,0x91919191,0x91919191,0x00000000
0x130cb25c,0xd8d8d87c,0xd8d8d87c,0x00000000
0x130cb268,0xd8d8d8d8,0xd8d8d8d8,0x00000000
0x130cb26c,0xd8d8d81a,0xd8d8d81a,0x00000000
0x130cb270,0x9191919d,0x9191919d,0x00000000
0x130cb274,0x917c1a19,0x917c1a19,0x00000000
0x130cb278,0x917cd8d8,0x917cd8d8,0x00000000
0x130cb27c,0xd81b1903,0xd81b1903,0x00000000
0x130cb290,0x03000000,0x03000000,0x00000000
0x130cb2a0,0x00dc1017,0x00dc1017,0x00000000
0x130cb2a4,0x19191a1a,0x19191a1a,0x00000000
0x130cb2ac,0x1119191a,0x1119191a,0x00000000
0x130cb2b4,0x11191719,0x11191719,0x00000000
0x130cb2b8,0xdc031217,0xdc031217,0x00000000
0x130cb2bc,0x1202dc12,0x1202dc12,0x00000000
0x130cb2c8,0x1a1a1a1a,0x1a1a1a1a,0x00000000
0x130cb2cc,0x19191702,0x19191702,0x00000000
0x130cb2d0,0x191a1a1a,0x191a1a1a,0x00000000
0x130cb2d8,0x1919191a,0x1919191a,0x00000000
0x130cb2dc,0x1a1a1a19,0x1a1a1a19,0x00000000
0x130cb2f0,0x11dc0000,0x11dc0000,0x00000000
0x130cb2f8,0x19191202,0x19191202,0x00000000
0x130cb34c,0x191a1910,0x191a1910,0x00000000
0x130cb354,0x1a1a1902,0x1a1a1902,0x00000000
0x130cb35c,0x1a1a1902,0x1a1a1902,0x00000000
0x130cb384,0x19190200,0x19190200,0x00000000
0x130cb38c,0x19191700,0x19191700,0x00000000
0x130cb394,0x17191911,0x17191911,0x00000000
0x130cb39c,0x02191919,0x02191919,0x00000000
0x130cb3b8,0x02000000,0x02000000,0x00000000
0x130cb3e0,0x8db8c3b8,0x8db8c3b8,0x00000000
0x130cb3e4,0x1b17dc00,0x1b17dc00,0x00000000
0x130cb3e8,0x8db8b88d,0x8db8b88d,0x00000000
0x130cb3ec,0x1d190200,0x1d190200,0x00000000
0x130cb3f0,0xb8c3b8b8,0xb8c3b8b8,0x00000000
0x130cb3f4,0x85190300,0x85190300,0x00000000
0x130cb3f8,0x85b8b8b8,0x85b8b8b8,0x00000000
0x130cb3fc,0xb8191200,0xb8191200,0x00000000
0x130cb40c,0x95d4d4d4,0x95d4d4d4,0x00000000
0x130cb414,0xec959595,0xec959595,0x00000000
0x130cb41c,0xaae3e3e3,0xaae3e3e3,0x00000000
0x130cb42c,0xbbe69e24,0xbbe69e24,0x00000000
0x130cb430,0x959578ec,0x959578ec,0x00000000
0x130cb434,0xecba7676,0xecba7676,0x00000000
0x130cb438,0xf795e395,0xf795e395,0x00000000
0x130cb43c,0x95e39e9e,0x95e39e9e,0x00000000
0x130cb448,0x9e9e9e9e,0x9e9e9e9e,0x00000000
0x130cb44c,0x9e9e2424,0x9e9e2424,0x00000000
0x130cb450,0x76767676,0x76767676,0x00000000
0x130cb454,0x76767676,0x76767676,0x00000000
0x130cb458,0x9e9e9e9e,0x9e9e9e9e,0x00000000
0x130cb45c,0x9e9e9e9e,0x9e9e9e9e,0x00000000
0x130cb460,0x9e9e9e9e,0x9e9e9e9e,0x00000000
0x130cb464,0x9e9e9e82,0x9e9e9e82,0x00000000
0x130cb468,0x2424249e,0x2424249e,0x00000000
0x130cb46c,0x9e9e9e9e,0x9e9e9e9e,0x00000000
0x130cb470,0x76767676,0x76767676,0x00000000
0x130cb474,0x76767676,0x76767676,0x00000000
0x130cb478,0x9e9e9e9e,0x9e9e9e9e,0x00000000
0x130cb47c,0x9e9e9e9e,0x9e9e9e9e,0x00000000
0x130cb488,0x9e9e9e82,0x9e9e9e82,0x00000000
0x130cb48c,0x828276d5,0x828276d5,0x00000000
0x130cb490,0x76767676,0x76767676,0x00000000
0x130cb494,0x80808026,0x80808026,0x00000000
0x130cb498,0x9e827676,0x9e827676,0x00000000
0x130cb49c,0x76767676,0x76767676,0x00000000
0x130cb4a8,0xedd38484,0xedd38484,0x00000000
0x130cb4ac,0x84968076,0x84968076,0x00000000
0x130cb4b0,0xedededed,0xedededed,0x00000000
0x130cb4b4,0x99f0ebeb,0x99f0ebeb,0x00000000
0x130cb4b8,0x9cedd384,0x9cedd384,0x00000000
0x130cb4bc,0xea767676,0xea767676,0x00000000
0x130cb4c8,0x76767647,0x76767647,0x00000000
0x130cb4cc,0x57575757,0x57575757,0x00000000
0x130cb4d0,0x80808076,0x80808076,0x00000000
0x130cb4d4,0x5857575b,0x5857575b,0x00000000
0x130cb4d8,0x76767676,0x76767676,0x00000000
0x130cb4dc,0x4a5b5b5b,0x4a5b5b5b,0x00000000
0x130cb4e8,0x5b5b5b5b,0x5b5b5b5b,0x00000000
0x130cb4f0,0x5b5b5b5b,0x5b5b5b5b,0x00000000
0x130cb4f4,0x5b5b5b5b,0x5b5b5b5b,0x00000000
0x130cb4f8,0x5b5b5b5b,0x5b5b5b5b,0x00000000
0x130cb4fc,0x5b5b5b5b,0x5b5b5b5b,0x00000000
0x130cb508,0x5b5b5b5b,0x5b5b5b5b,0x00000000
0x130cb50c,0x5b575756,0x5b575756,0x00000000
0x130cb510,0x5b5b5b5b,0x5b5b5b5b,0x00000000
0x130cb514,0x5b575756,0x5b575756,0x00000000
0x130cb518,0x5b5b5b5b,0x5b5b5b5b,0x00000000
0x130cb51c,0x5b575756,0x5b575756,0x00000000
0x130cb528,0x54424063,0x54424063,0x00000000
0x130cb538,0x544243e0,0x544243e0,0x00000000
0x130cb574,0xe0e0e0e0,0xe0e0e0e0,0x00000000
0x130cb5cc,0x64a16464,0x64a16464,0x00000000
0x130cb5d8,0x64646464,0x64646464,0x00000000
0x130cb5f8,0x64a16464,0x64a16464,0x00000000
0x130cb600,0xa16464a1,0xa16464a1,0x00000000
0x130cb604,0x6464a164,0x6464a164,0x00000000
0x130cb608,0x646464a1,0x646464a1,0x00000000
0x130cb60c,0x64646464,0x64646464,0x00000000
0x130cb614,0xa1a1a1a1,0xa1a1a1a1,0x00000000
0x130cb618,0xa1a1a1a1,0xa1a1a1a1,0x00000000
0x130cb61c,0xa1a1a164,0xa1a1a164,0x00000000
0x130cb694,0xd9d9d986,0xd9d9d986,0x00000000
0x130cb698,0xc9d9d9c9,0xc9d9d9c9,0x00000000
0x130cb69c,0xd9d9d986,0xd9d9d986,0x00000000
0x130cb6a0,0x65656565,0x65656565,0x00000000
0x130cb6a4,0xe5ce76ba,0xe5ce76ba,0x00000000
0x130cb6cc,0xf7f7f3ba,0xf7f7f3ba,0x00000000
0x130cb6d0,0xf7f7f7f7,0xf7f7f7f7,0x00000000
0x130cb6d4,0xf7f7f7f7,0xf7f7f7f7,0x00000000
0x130cb6e0,0xd239ff3e,0xd239ff3e,0x00000000
0x130cb6e4,0xde636565,0xde636565,0x00000000
0x130cb6f8,0xe6e6f7f7,0xe6e6f7f7,0x00000000
0x130cb6fc,0xf7f7f7f7,0xf7f7f7f7,0x00000000
0x130cb710,0xbababaf7,0xbababaf7,0x00000000
0x130cb72c,0x2ee3e3e3,0x2ee3e3e3,0x00000000
0x130cb750,0xe3d4e3e3,0xe3d4e3e3,0x00000000
0x130cb754,0x2a2a2a2a,0x2a2a2a2a,0x00000000
0x130cb758,0x2a2ae3e3,0x2a2ae3e3,0x00000000
0x130cb77c,0x2ae32a2a,0x2ae32a2a,0x00000000
0x130cb7ac,0x2a2a2a2a,0x2a2a2a2a,0x00000000
0x130cb7b0,0x5ae3d4e3,0x5ae3d4e3,0x00000000
0x130cb7d4,0xf7ec9595,0xf7ec9595,0x00000000
0x130cb7d8,0xd4d4bbe3,0xd4d4bbe3,0x00000000
0x130cb7dc,0xe3bbe3e3,0xe3bbe3e3,0x00000000
0x130cb818,0x5b5b5b5b,0x5b5b5b5b,0x00000000
0x130cb82c,0x5bda9292,0x5bda9292,0x00000000
0x130cb830,0x5b5b5b5b,0x5b5b5b5b,0x00000000
0x130cb834,0x5adadada,0x5adadada,0x00000000
0x130cb858,0xdada7d1f,0xdada7d1f,0x00000000
0x130cb85c,0x1f1f1f1f,0x1f1f1f1f,0x00000000
0x130cb888,0xcdcdcdc1,0xcdcdcdc1,0x00000000
0x130cb88c,0xc1c1c1c1,0xc1c1c1c1,0x00000000
0x130cb8b0,0xc1311f1f,0xc1311f1f,0x00000000
0x130cb8b4,0x1f1ff555,0x1f1ff555,0x00000000
0x130cb8b8,0xc1311f1f,0xc1311f1f,0x00000000
0x130cb8dc,0x5b5b5b5b,0x5b5b5b5b,0x00000000
0x130cb8fc,0x5b5b5b5b,0x5b5b5b5b,0x00000000
0x130cb910,0x5b5b5b5b,0x5b5b5b5b,0x00000000
0x130cbafc,0x1a1a1a19,0x1a1a1a19,0x00000000
0x130cbb10,0x17020000,0x17020000,0x00000000
0x130cbb5c,0x19190200,0x19190200,0x00000000
0x130cbba8,0x19030000,0x19030000,0x00000000
0x130cbbb0,0x1919dc00,0x1919dc00,0x00000000
0x130cbbb8,0x19191100,0x19191100,0x00000000
0x130cbbe0,0x1d8db8b8,0x1d8db8b8,0x00000000
0x130cbbe4,0xb81a1700,0xb81a1700,0x00000000
0x130cbbe8,0x1ab8c3c3,0x1ab8c3c3,0x00000000
0x130cbbec,0xc31b1902,0xc31b1902,0x00000000
0x130cbbf0,0x19b8b8c3,0x19b8b8c3,0x00000000
0x130cbbf4,0xb8f21903,0xb8f21903,0x00000000
0x130cbbf8,0x19f2b89d,0x19f2b89d,0x00000000
0x130cbbfc,0xb8b81912,0xb8b81912,0x00000000
0x130cbc0c,0xdbec78ec,0xdbec78ec,0x00000000
0x130cbc14,0x0495e3e3,0x0495e3e3,0x00000000
0x130cbc1c,0xfe95e395,0xfe95e395,0x00000000
0x130cbc2c,0xaa957676,0xaa957676,0x00000000
0x130cbc34,0xd4e39e9e,0xd4e39e9e,0x00000000
0x130cbc38,0xe3d4e32a,0xe3d4e32a,0x00000000
0x130cbc3c,0x2ae39e9e,0x2ae39e9e,0x00000000
0x130cbc6c,0x76767676,0x76767676,0x00000000
0x130cbc74,0x9e9e9e9e,0x9e9e9e9e,0x00000000
0x130cbc78,0x9e9e9e9e,0x9e9e9e9e,0x00000000
0x130cbc7c,0x9e9e9e9e,0x9e9e9e9e,0x00000000
0x130d198c,0x96969696,0x96969696,0x00000000
0x130d1990,0x96969696,0x96969696,0x00000000
0x130d1994,0x96969696,0x96969696,0x00000000
0x130d1998,0x39969696,0x39969696,0x00000000
0x130d199c,0x96969696,0x96969696,0x00000000
0x130d19b0,0x9696a604,0x9696a604,0x00000000
0x130d19b8,0x96969630,0x96969630,0x00000000
0x130d19bc,0x09000000,0x09000000,0x00000000
0x130d1ab4,0x00023f40,0x00023f40,0x00000000
0x130d1abc,0x00023f40,0x00023f40,0x00000000
0x130d1ad0,0x403f0200,0x403f0200,0x00000000
0x130d1ad8,0x403f0200,0x403f0200,0x00000000
0x130d1d88,0x0005a596,0x0005a596,0x00000000
0x130d1d8c,0x96969696,0x96969696,0x00000000
0x130d1d94,0x3e969696,0x3e969696,0x00000000
0x130d1d9c,0x193b9696,0x193b9696,0x00000000
0x130d1da8,0x96969696,0x96969696,0x00000000
0x130d1dac,0x96aa1000,0x96aa1000,0x00000000
0x130d1db0,0x96969696,0x96969696,0x00000000
0x130d1db4,0x96965476,0x96965476,0x00000000
0x130d1db8,0x96969696,0x96969696,0x00000000
0x130d1dbc,0x9696963c,0x9696963c,0x00000000
0x130d1dd8,0x18000000,0x18000000,0x00000000
0x130d1ea4,0x00023f40,0x00023f40,0x00000000
0x130d1eac,0x00023f40,0x00023f40,0x00000000
0x130d1eb4,0x00023f40,0x00023f40,0x00000000
0x130d1ebc,0x00023f40,0x00023f40,0x00000000
0x130d1ec8,0x403f0200,0x403f0200,0x00000000
0x130d1ed0,0x403f0200,0x403f0200,0x00000000
0x130d1ed8,0x403f0200,0x403f0200,0x00000000
0x130d22ac,0x00023f40,0x00023f40,0x00000000
0x130d22bc,0x00023f40,0x00023f40,0x00000000
0x130d22d0,0x403f0200,0x403f0200,0x00000000
0x130d22d8,0x403f0200,0x403f0200,0x00000000
0x130d25c4,0x962a5800,0x962a5800,0x00000000
0x130d26a4,0x00023f40,0x00023f40,0x00000000
0x130d32ac,0x00023f40,0x00023f40,0x00000000
0x130d32b4,0x00023f40,0x00023f40,0x00000000
0x130d32d0,0x403f0200,0x403f0200,0x00000000
0x130d32d8,0x403f0200,0x403f0200,0x00000000
0x130d5ebc,0x00023f40,0x00023f40,0x00000000
0x130d7280,0x3c969696,0x3c969696,0x00000000
0x130d7284,0x96969696,0x96969696,0x00000000
0x130d7288,0x7f969696,0x7f969696,0x00000000
0x130d7688,0x59389696,0x59389696,0x00000000
0x130d7698,0x00269696,0x00269696,0x00000000
0x130d76a8,0x96760000,0x96760000,0x00000000
0x130d76d8,0x403f0200,0x403f0200,0x00000000
0x130d7ab0,0x96940a00,0x96940a00,0x00000000
0x130d7ad0,0x403f0200,0x403f0200,0x00000000
0x130d7ed8,0x403f0200,0x403f0200,0x00000000
0x130d86b0,0x96963a5a,0x96963a5a,0x00000000
0x130d92a8,0x96962800,0x96962800,0x00000000
0x130d92ac,0x00023f40,0x00023f40,0x00000000
0x130da298,0x96969696,0x96969696,0x00000000
0x130da2b4,0x00023f40,0x00023f40,0x00000000
0x130da6d8,0x403f0200,0x403f0200,0x00000000
0x130daa6c,0x6e4f9696,0x6e4f9696,0x00000000
0x130daa7c,0xa0969696,0xa0969696,0x00000000
0x130daa88,0x96969696,0x96969696,0x00000000
0x130daa8c,0x962a0000,0x962a0000,0x00000000
0x130daa90,0x96969696,0x96969696,0x00000000
0x130daa9c,0x3b080000,0x3b080000,0x00000000
0x130daaa4,0x00023f40,0x00023f40,0x00000000
0x130daaac,0x00023f40,0x00023f40,0x00000000
0x130daab4,0x00023f40,0x00023f40,0x00000000
0x130daabc,0x00023f40,0x00023f40,0x00000000
0x130db66c,0x96969696,0x96969696,0x00000000
0x130db670,0x55969696,0x55969696,0x00000000
0x130db674,0x96969696,0x96969696,0x00000000
0x130db678,0x96969696,0x96969696,0x00000000
0x130db67c,0x9696963e,0x9696963e,0x00000000
0x130db690,0x326d0000,0x326d0000,0x00000000
0x130db698,0x13000000,0x13000000,0x00000000
0x130db6ac,0x00023f40,0x00023f40,0x00000000
0x130db6b4,0x00023f40,0x00023f40,0x00000000
0x130db6bc,0x00023f40,0x00023f40,0x00000000
0x130db6d0,0x403f0200,0x403f0200,0x00000000
0x130db6d8,0x403f0200,0x403f0200,0x00000000
0x130dba4c,0x00422d96,0x00422d96,0x00000000
0x130dba54,0x00139696,0x00139696,0x00000000
0x130dba5c,0x01689696,0x01689696,0x00000000
0x130dba68,0x96969696,0x96969696,0x00000000
0x130dba6c,0x96963e74,0x96963e74,0x00000000
0x130dba70,0x96969696,0x96969696,0x00000000
0x130dba74,0x96962b6e,0x96962b6e,0x00000000
0x130dba78,0x96969696,0x96969696,0x00000000
0x130dba7c,0x96ac0d00,0x96ac0d00,0x00000000
0x130dbaac,0x00023f40,0x00023f40,0x00000000
0x130dbab4,0x00023f40,0x00023f40,0x00000000
0x130dbabc,0x00023f40,0x00023f40,0x00000000
0x130dbad0,0x403f0200,0x403f0200,0x00000000
0x130dbad8,0x403f0200,0x403f0200,0x00000000
0x130dbe5c,0x96969696,0x96969696,0x00000000
0x130dbe68,0x96969696,0x96969696,0x00000000
0x130dbe70,0x96969696,0x96969696,0x00000000
0x130dbe74,0x63000000,0x63000000,0x00000000
0x130dbe78,0x9696963a,0x9696963a,0x00000000
0x130dbe7c,0x08000000,0x08000000,0x00000000
0x130dbeac,0x00023f40,0x00023f40,0x00000000
0x130dbebc,0x00023f40,0x00023f40,0x00000000
0x130dbec0,0x403f0200,0x403f0200,0x00000000
0x130dbec8,0x403f0200,0x403f0200,0x00000000
0x130dbed0,0x403f0200,0x403f0200,0x00000000
0x130dc248,0x0006aa96,0x0006aa96,0x00000000
0x130dc24c,0x96969696,0x96969696,0x00000000
0x130dc258,0x0e3d9696,0x0e3d9696,0x00000000
0x130dc25c,0x96969696,0x96969696,0x00000000
0x130dc260,0x96969620,0x96969620,0x00000000
0x130dc268,0x96963806,0x96963806,0x00000000
0x130dc270,0x96968a00,0x96968a00,0x00000000
0x130dc2c8,0x403f0200,0x403f0200,0x00000000
0x130dc2d0,0x403f0200,0x403f0200,0x00000000
0x130dcec8,0x403f0200,0x403f0200,0x00000000
0x130dced8,0x403f0200,0x403f0200,0x00000000
0x130dd6a4,0x00023f40,0x00023f40,0x00000000
0x130ddaa4,0x00023f40,0x00023f40,0x00000000
0x130dde10,0x69969696,0x69969696,0x00000000
0x130dde14,0x96969696,0x96969696,0x00000000
0x130dde18,0x96969696,0x96969696,0x00000000
0x130dde1c,0x96969696,0x96969696,0x00000000
0x130dde28,0x96945a00,0x96945a00,0x00000000
0x130dde30,0x96780000,0x96780000,0x00000000
0x130dde38,0x30010000,0x30010000,0x00000000
0x130df6d0,0x403f0200,0x403f0200,0x00000000
0x130e0998,0x96969696,0x96969696,0x00000000
0x130e09b0,0x87000000,0x87000000,0x00000000
0x130e0d7c,0x96969696,0x96969696,0x00000000
0x130e0ed0,0x403f0200,0x403f0200,0x00000000
0x130e7c94,0x7f010000,0x7f010000,0x00000000
0x130f5f98,0x8c518430,0x8c518430,0x00000000
0x131022c0,0xab16abab,0xab16abab,0x00000000
0x1310242c,0x2a2a2a2a,0x2a2a2a2a,0x00000000
0x131025d8,0x9d0b0b0b,0x9d0b0b0b,0x00000000
0x13102654,0x99999999,0x99999999,0x00000000
0x131028e8,0xf5f5f5f5,0xf5f5f5f5,0x00000000
0x131028fc,0xf5ecf5f5,0xf5ecf5f5,0x00000000
0x1310296c,0x75e2ecec,0x75e2ecec,0x00000000
0x13102980,0xec7ef3ec,0xec7ef3ec,0x00000000
0x131029ec,0xf3f33c95,0xf3f33c95,0x00000000
0x13102a54,0x16161616,0x16161616,0x00000000
0x13102a90,0x161616ab,0x161616ab,0x00000000
0x13102ab0,0x16ab1616,0x16ab1616,0x00000000
0x13102b2c,0x1615d9d9,0x1615d9d9,0x00000000
0x13102b58,0x15151515,0x15151515,0x00000000
0x13102b84,0x1515d9d9,0x1515d9d9,0x00000000
0x13102bcc,0x2a2a2a2a,0x2a2a2a2a,0x00000000
0x13102c34,0x2a2a2a2a,0x2a2a2a2a,0x00000000
0x13102c6c,0x2a2a2a2a,0x2a2a2a2a,0x00000000
0x13102edc,0x8d990b99,0x8d990b99,0x00000000
0x131042ec,0xb3b3b6b6,0xb3b3b6b6,0x00000000
0x13104344,0xb3b3b6b6,0xb3b3b6b6,0x00000000
0x13104390,0xd3777777,0xd3777777,0x00000000
0x131043fc,0x2a2a2a2a,0x2a2a2a2a,0x00000000
0x13104718,0x0b0b8d0b,0x0b0b8d0b,0x00000000
0x131047dc,0xa5a5a5a5,0xa5a5a5a5,0x00000000
0x131047f8,0xa5a5a5a5,0xa5a5a5a5,0x00000000
0x131047fc,0xa5a5a5a5,0xa5a5a5a5,0x00000000
0x13104810,0xa5ed8aed,0xa5ed8aed,0x00000000
0x131049f0,0x8686d4cd,0x8686d4cd,0x00000000
0x13104a1c,0x16161616,0x16161616,0x00000000
0x13104a4c,0x16ab1616,0x16ab1616,0x00000000
0x13104a58,0x16161616,0x16161616,0x00000000
0x13104d30,0x9d9d9d9d,0x9d9d9d9d,0x00000000
0x13104e70,0x0b0b0b0b,0x0b0b0b0b,0x00000000
0x13104e94,0x0b0b0b0b,0x0b0b0b0b,0x00000000
0x13104e98,0x0b0b0b0b,0x0b0b0b0b,0x00000000
0x1310541c,0x2a2a2a28,0x2a2a2a28,0x00000000
0x13105728,0x8d8d8d8d,0x8d8d8d8d,0x00000000
0x1310572c,0x8db0b08d,0x8db0b08d,0x00000000
0x13105730,0x0b0b0b0b,0x0b0b0b0b,0x00000000
0x13105738,0x8d8d8dc9,0x8d8d8dc9,0x00000000
0x1310573c,0x9d8d8dc9,0x9d8d8dc9,0x00000000
0x1310575c,0xc98dc9c9,0xc98dc9c9,0x00000000
0x1310576c,0x8d7c8ddf,0x8d7c8ddf,0x00000000
0x13105770,0x6e0b0b99,0x6e0b0b99,0x00000000
0x13105774,0x990b0b0b,0x990b0b0b,0x00000000
0x13105778,0xc9b06e6e,0xc9b06e6e,0x00000000
0x1310577c,0x6ecf6e8d,0x6ecf6e8d,0x00000000
0x1310578c,0xb0b0b0b0,0xb0b0b0b0,0x00000000
0x13105790,0x99b08d8d,0x99b08d8d,0x00000000
0x13105794,0x8d8ddfdf,0x8d8ddfdf,0x00000000
0x13105798,0x8db08dc9,0x8db08dc9,0x00000000
0x1310579c,0x6eb0b0b0,0x6eb0b0b0,0x00000000
0x131057ac,0x71310e6e,0x71310e6e,0x00000000
0x131057b0,0x8d8d8d8d,0x8d8d8d8d,0x00000000
0x131057b4,0xb0b0b0b0,0xb0b0b0b0,0x00000000
0x131057b8,0x8db0b0b0,0x8db0b0b0,0x00000000
0x131057bc,0xb0c9c96e,0xb0c9c96e,0x00000000
0x131057cc,0x6e7c7cb0,0x6e7c7cb0,0x00000000
0x131057d0,0xb0b08d8d,0xb0b08d8d,0x00000000
0x131057d4,0x8ddfdfdf,0x8ddfdfdf,0x00000000
0x131057d8,0xc9c96eb0,0xc9c96eb0,0x00000000
0x131057dc,0xb08d8d8d,0xb08d8d8d,0x00000000
0x131057ec,0x8d7c8d8d,0x8d7c8d8d,0x00000000
0x131057f0,0x9999dfdf,0x9999dfdf,0x00000000
0x131057f4,0x99997499,0x99997499,0x00000000
0x131057f8,0xdfdf7c8d,0xdfdf7c8d,0x00000000
0x131057fc,0xdfdfdfdf,0xdfdfdfdf,0x00000000
0x1310580c,0xdfdfdf7c,0xdfdfdf7c,0x00000000
0x13105810,0x99dfe3b0,0x99dfe3b0,0x00000000
0x13105814,0xdf745168,0xdf745168,0x00000000
0x13105818,0x8d8dd6df,0x8d8dd6df,0x00000000
0x1310581c,0x516b6d6d,0x516b6d6d,0x00000000
0x1310582c,0x51837474,0x51837474,0x00000000
0x13105830,0x6d6d6d6d,0x6d6d6d6d,0x00000000
0x13105834,0x6d6d6d6d,0x6d6d6d6d,0x00000000
0x13105838,0x6d6d6d6d,0x6d6d6d6d,0x00000000
0x1310583c,0x6d6d6d6d,0x6d6d6d6d,0x00000000
0x1310584c,0xb0dfdfdf,0xb0dfdfdf,0x00000000
0x13105850,0x6d6d6d6b,0x6d6d6d6b,0x00000000
0x13105854,0x685c5c5c,0x685c5c5c,0x00000000
0x13105858,0x6d6d6d6d,0x6d6d6d6d,0x00000000
0x1310585c,0x6d6d6d6d,0x6d6d6d6d,0x00000000
0x1310586c,0xdfa6a6df,0xdfa6a6df,0x00000000
0x13105870,0x58551774,0x58551774,0x00000000
0x13105874,0x74747474,0x74747474,0x00000000
0x13105878,0x6d6d6d6d,0x6d6d6d6d,0x00000000
0x1310587c,0x6b6b6b5c,0x6b6b6b5c,0x00000000
0x1310588c,0xdfdfa6d6,0xdfdfa6d6,0x00000000
0x13105890,0x74dfdfa0,0x74dfdfa0,0x00000000
0x13105894,0xa0a07474,0xa0a07474,0x00000000
0x13105898,0x5b518374,0x5b518374,0x00000000
0x1310589c,0x99dfa0df,0x99dfa0df,0x00000000
0x131058ac,0xe8a47cdf,0xe8a47cdf,0x00000000
0x131058b0,0xa074a074,0xa074a074,0x00000000
0x131058b4,0x74dfdfa0,0x74dfdfa0,0x00000000
0x131058b8,0xdfdfd686,0xdfdfd686,0x00000000
0x131058bc,0xdfdfdfe8,0xdfdfdfe8,0x00000000
0x131058cc,0xa6a6a2df,0xa6a6a2df,0x00000000
0x131058d0,0x74a0a074,0x74a0a074,0x00000000
0x131058d4,0xdfa07474,0xdfa07474,0x00000000
0x131058d8,0xd6dfa017,0xd6dfa017,0x00000000
0x131058dc,0xa074df17,0xa074df17,0x00000000
0x131058e8,0x86a674df,0x86a674df,0x00000000
0x131058ec,0xb57c86e8,0xb57c86e8,0x00000000
0x131058f0,0xdfa017df,0xdfa017df,0x00000000
0x131058f4,0xe8a017d6,0xe8a017d6,0x00000000
0x131058f8,0x74747474,0x74747474,0x00000000
0x131058fc,0xa686df86,0xa686df86,0x00000000
0x13105900,0x8ebdbebb,0x8ebdbebb,0x00000000
0x13105904,0xf5ed75f5,0xf5ed75f5,0x00000000
0x13105908,0xe8860971,0xe8860971,0x00000000
0x1310590c,0x8e31a9bb,0x8e31a9bb,0x00000000
0x13105910,0xd6e8e8e3,0xd6e8e8e3,0x00000000
0x13105914,0x7ce87ce8,0x7ce87ce8,0x00000000
0x13105918,0xd6d6e8e3,0xd6d6e8e3,0x00000000
0x1310591c,0xe3e3e8e8,0xe3e3e8e8,0x00000000
0x13105928,0x8080f5f5,0x8080f5f5,0x00000000
0x1310592c,0xf5808075,0xf5808075,0x00000000
0x13105930,0x8efd98bb,0x8efd98bb,0x00000000
0x13105934,0x8080f5f5,0x8080f5f5,0x00000000
0x13105938,0xb5b5b5c4,0xb5b5b5c4,0x00000000
0x1310593c,0xcc98f580,0xcc98f580,0x00000000
0x1310594c,0xf5f57575,0xf5f57575,0x00000000
0x13105950,0x8080f575,0x8080f575,0x00000000
0x13105954,0xf5f57575,0xf5f57575,0x00000000
0x13105958,0x80f5f5ed,0x80f5f5ed,0x00000000
0x1310595c,0x7580f580,0x7580f580,0x00000000
0x13105968,0xf5f575ec,0xf5f575ec,0x00000000
0x1310596c,0xf5f5f5f5,0xf5f5f5f5,0x00000000
0x13105970,0xf5f5f5f5,0xf5f5f5f5,0x00000000
0x13105974,0xf5f5f5f5,0xf5f5f5f5,0x00000000
0x13105978,0xf5f5f5f5,0xf5f5f5f5,0x00000000
0x1310597c,0xf5f5f5f5,0xf5f5f5f5,0x00000000
0x13105988,0xf5f5ecf5,0xf5f5ecf5,0x00000000
0x1310598c,0xf5ececf5,0xf5ececf5,0x00000000
0x13105990,0xececf575,0xececf575,0x00000000
0x13105994,0xf5f5ecec,0xf5f5ecec,0x00000000
0x13105998,0xf5f5f5f5,0xf5f5f5f5,0x00000000
0x1310599c,0xf5ececf5,0xf5ececf5,0x00000000
0x131059a8,0xecececec,0xecececec,0x00000000
0x131059ac,0xecececf5,0xecececf5,0x00000000
0x131059b0,0xf5f5ecec,0xf5f5ecec,0x00000000
0x131059b4,0xecececf5,0xecececf5,0x00000000
0x131059b8,0xf5ececf5,0xf5ececf5,0x00000000
0x131059bc,0xf5f5ecf5,0xf5f5ecf5,0x00000000
0x131059c8,0x7ee27eec,0x7ee27eec,0x00000000
0x131059d0,0x7eececec,0x7eececec,0x00000000
0x131059d4,0xececf5ec,0xececf5ec,0x00000000
0x131059d8,0xf5ececec,0xf5ececec,0x00000000
0x131059dc,0xecececec,0xecececec,0x00000000
0x131059e8,0xecececf5,0xecececf5,0x00000000
0x131059f0,0xececec7e,0xececec7e,0x00000000
0x131059f4,0xecec7e7e,0xecec7e7e,0x00000000
0x131059f8,0xecececec,0xecececec,0x00000000
0x131059fc,0xecececec,0xecececec,0x00000000
0x13105a08,0xe9128787,0xe9128787,0x00000000
0x13105a10,0xbd128686,0xbd128686,0x00000000
0x13105a14,0x87d4cdcd,0x87d4cdcd,0x00000000
0x13105a18,0xec7fe712,0xec7fe712,0x00000000
0x13105a1c,0x8787d4cd,0x8787d4cd,0x00000000
0x13105a28,0xabab1616,0xabab1616,0x00000000
0x13105a30,0xabab16ab,0xabab16ab,0x00000000
0x13105a34,0x16161616,0x16161616,0x00000000
0x13105a38,0xcdababab,0xcdababab,0x00000000
0x13105a3c,0x1616ab16,0x1616ab16,0x00000000
0x13105a48,0x16161616,0x16161616,0x00000000
0x13105a50,0x16cdab16,0x16cdab16,0x00000000
0x13105a54,0x16161616,0x16161616,0x00000000
0x13105a58,0xabab1616,0xabab1616,0x00000000
0x13105a5c,0xab161616,0xab161616,0x00000000
0x13105a68,0x16161616,0x16161616,0x00000000
0x13105a70,0x16161616,0x16161616,0x00000000
0x13105a74,0xababab16,0xababab16,0x00000000
0x13105a78,0x16161616,0x16161616,0x00000000
0x13105a7c,0x16d9ab16,0x16d9ab16,0x00000000
0x13105a88,0x1616abd9,0x1616abd9,0x00000000
0x13105a90,0x1616abd9,0x1616abd9,0x00000000
0x13105a94,0xd9d9d9ab,0xd9d9d9ab,0x00000000
0x13105a98,0x161616ab,0x161616ab,0x00000000
0x13105a9c,0xd9d9d916,0xd9d9d916,0x00000000
0x13105aa8,0x16161616,0x16161616,0x00000000
0x13105aac,0xd9d9d9d9,0xd9d9d9d9,0x00000000
0x13105ab0,0x16ab1616,0x16ab1616,0x00000000
0x13105ab4,0xabd9d9d9,0xabd9d9d9,0x00000000
0x13105ab8,0xd9d916ab,0xd9d916ab,0x00000000
0x13105abc,0xd9d9d9ab,0xd9d9d9ab,0x00000000
0x13105ac8,0xd9ababd9,0xd9ababd9,0x00000000
0x13105acc,0xd9d9d9d9,0xd9d9d9d9,0x00000000
0x13105ad0,0xd9ababd9,0xd9ababd9,0x00000000
0x13105ad4,0xd9d9d9d9,0xd9d9d9d9,0x00000000
0x13105ad8,0xd9ab16ab,0xd9ab16ab,0x00000000
0x13105adc,0xd9d9d9d9,0xd9d9d9d9,0x00000000
0x13105ae8,0xd4d9abd9,0xd4d9abd9,0x00000000
0x13105aec,0xd47712d4,0xd47712d4,0x00000000
0x13105af0,0xd9ababd9,0xd9ababd9,0x00000000
0x13105af4,0xd4d477ab,0xd4d477ab,0x00000000
0x13105af8,0xabababab,0xabababab,0x00000000
0x13105afc,0xd9d477d9,0xd9d477d9,0x00000000
0x13105b08,0xd1d5b3f7,0xd1d5b3f7,0x00000000
0x13105b0c,0xb3f4b3f4,0xb3f4b3f4,0x00000000
0x13105b10,0xd3d4aefc,0xd3d4aefc,0x00000000
0x13105b14,0x34b3f4f4,0x34b3f4f4,0x00000000
0x13105b18,0xd4121210,0xd4121210,0x00000000
0x13105b1c,0x796fa795,0x796fa795,0x00000000
0x13105b28,0xf4f4f4f7,0xf4f4f4f7,0x00000000
0x13105b2c,0xb3b3b3f4,0xb3b3b3f4,0x00000000
0x13105b30,0xf4b3f4f4,0xf4b3f4f4,0x00000000
0x13105b34,0xf4f4f4b3,0xf4f4f4b3,0x00000000
0x13105b38,0xb3b2f7b3,0xb3b2f7b3,0x00000000
0x13105b3c,0xb3f4b3b3,0xb3f4b3b3,0x00000000
0x13105b4c,0xb3f4f4f4,0xb3f4f4f4,0x00000000
0x13105b50,0xf4f4f4f4,0xf4f4f4f4,0x00000000
0x13105b54,0xb3f4f4f4,0xb3f4f4f4,0x00000000
0x13105b58,0xf4f4b6f4,0xf4f4b6f4,0x00000000
0x13105b5c,0xb3f4f4f4,0xb3f4f4f4,0x00000000
0x13105b68,0xf4f4f4b6,0xf4f4f4b6,0x00000000
0x13105b6c,0xf4f4b6f4,0xf4f4b6f4,0x00000000
0x13105b70,0xf4f4f4f4,0xf4f4f4f4,0x00000000
0x13105b74,0xb6b6b3f4,0xb6b6b3f4,0x00000000
0x13105b78,0xf4f4f4b3,0xf4f4f4b3,0x00000000
0x13105b7c,0xf4f4f4f4,0xf4f4f4f4,0x00000000
0x13105b88,0xf4f4f4f7,0xf4f4f4f7,0x00000000
0x13105b8c,0xb3f73b79,0xb3f73b79,0x00000000
0x13105b90,0xf4f4f4b3,0xf4f4f4b3,0x00000000
0x13105b94,0xf7f7f7f6,0xf7f7f7f6,0x00000000
0x13105b98,0xb6b6f4f4,0xb6b6f4f4,0x00000000
0x13105b9c,0xb3f7f7f7,0xb3f7f7f7,0x00000000
0x13105ba8,0x101277d9,0x101277d9,0x00000000
0x13105bac,0xd9d9d9d4,0xd9d9d9d4,0x00000000
0x13105bb0,0x101012d9,0x101012d9,0x00000000
0x13105bb4,0xd9d9d977,0xd9d9d977,0x00000000
0x13105bb8,0x9f1012d9,0x9f1012d9,0x00000000
0x13105bbc,0xd9d9d914,0xd9d9d914,0x00000000
0x13105bd4,0x2a2a2a2a,0x2a2a2a2a,0x00000000
0x13105bd8,0x77772b28,0x77772b28,0x00000000
0x13105bdc,0x2a2a2a28,0x2a2a2a28,0x00000000
0x13105be8,0x28282828,0x28282828,0x00000000
0x13105bf0,0x2a2a2a2a,0x2a2a2a2a,0x00000000
0x13105bf4,0x2a2a2a2a,0x2a2a2a2a,0x00000000
0x13105c0c,0x28282828,0x28282828,0x00000000
0x13105c10,0x2a2a2a2a,0x2a2a2a2a,0x00000000
0x13105c14,0x2a2a2a2a,0x2a2a2a2a,0x00000000
0x13105c18,0x28282828,0x28282828,0x00000000
0x13105c1c,0x28282828,0x28282828,0x00000000
0x13105c2c,0x28282828,0x28282828,0x00000000
0x13105c30,0x2a2a2a2a,0x2a2a2a2a,0x00000000
0x13105c34,0x2a2a2a2a,0x2a2a2a2a,0x00000000
0x13105c50,0x2a2a2a2a,0x2a2a2a2a,0x00000000
0x13105c54,0x2a2a2a2a,0x2a2a2a2a,0x00000000
0x13105c58,0x28282828,0x28282828,0x00000000
0x13105c68,0x28282828,0x28282828,0x00000000
0x13105c6c,0x28282828,0x28282828,0x00000000
0x13105c70,0x2a2a2a2a,0x2a2a2a2a,0x00000000
0x13105c74,0x2a2a2a2a,0x2a2a2a2a,0x00000000
0x13105c78,0x28282828,0x28282828,0x00000000
0x13105c7c,0x28282828,0x28282828,0x00000000
0x13105e1c,0x9d9d9d9d,0x9d9d9d9d,0x00000000
0x13105e2c,0x9d9d9d9d,0x9d9d9d9d,0x00000000
0x13105e38,0x9d9d9d9d,0x9d9d9d9d,0x00000000
0x13105e3c,0x9d9d9d9d,0x9d9d9d9d,0x00000000
0x13105e4c,0x9d9d9d9d,0x9d9d9d9d,0x00000000
0x13105e5c,0x9d9d9d9d,0x9d9d9d9d,0x00000000
0x13105e68,0x9d9d9d9d,0x9d9d9d9d,0x00000000
0x13105e6c,0x9d9d9d9d,0x9d9d9d9d,0x00000000
0x13105e70,0x9d9d9d9d,0x9d9d9d9d,0x00000000
0x13105e74,0x9d9d9d9d,0x9d9d9d9d,0x00000000
0x13105e78,0x9d9d9d9d,0x9d9d9d9d,0x00000000
0x13105e7c,0x9d9d9d9d,0x9d9d9d9d,0x00000000
0x13105e80,0x9d0b0b0b,0x9d0b0b0b,0x00000000
0x13105e84,0x0b0b0b9d,0x0b0b0b9d,0x00000000
0x13105e88,0x9d9d9d9d,0x9d9d9d9d,0x00000000
0x13105e8c,0x9d9d9d9d,0x9d9d9d9d,0x00000000
0x13105e98,0x9d9d9d9d,0x9d9d9d9d,0x00000000
0x13105e9c,0x9d9d9d9d,0x9d9d9d9d,0x00000000
0x13105ea8,0x9d9d9d9d,0x9d9d9d9d,0x00000000
0x13105eac,0x9d6e9d9d,0x9d6e9d9d,0x00000000
0x13105eb8,0x9d9d9d9d,0x9d9d9d9d,0x00000000
0x13105ebc,0x9d9d9d9d,0x9d9d9d9d,0x00000000
0x13105ecc,0x9d9d9d9d,0x9d9d9d9d,0x00000000
0x13105ed0,0x9d9d9d9d,0x9d9d9d9d,0x00000000
0x13105ed4,0xc99d9d9d,0xc99d9d9d,0x00000000
0x13105ed8,0x9d9d9d9d,0x9d9d9d9d,0x00000000
0x13105edc,0x0b0b9d9d,0x0b0b9d9d,0x00000000
0x13105ee0,0x0b0b0b8d,0x0b0b0b8d,0x00000000
0x13105ee4,0x8d0b8d9d,0x8d0b8d9d,0x00000000
0x13105ee8,0x9d9d9d8d,0x9d9d9d8d,0x00000000
0x13105eec,0xc99d8dc9,0xc99d8dc9,0x00000000
0x13105f64,0x8d8d8d8d,0x8d8d8d8d,0x00000000
0x13106044,0x6d6d6d6d,0x6d6d6d6d,0x00000000
0x131060c4,0x74a0d6a0,0x74a0d6a0,0x00000000
0x13106104,0xd6d686e8,0xd6d686e8,0x00000000
0x131061a4,0xf5ececec,0xf5ececec,0x00000000
0x131061e4,0xecececec,0xecececec,0x00000000
0x13106324,0xf3f4f7f4,0xf3f4f7f4,0x00000000
0x131063a4,0xd9d9d9d4,0xd9d9d9d4,0x00000000
0x131063e4,0x2a2a2a2a,0x2a2a2a2a,0x00000000
0x13106484,0x2a2a2a2a,0x2a2a2a2a,0x00000000
0x13106584,0x9d9d9d72,0x9d9d9d72,0x00000000
0x13106604,0x9d9d9d9d,0x9d9d9d9d,0x00000000
0x13106644,0x9d9d9d9d,0x9d9d9d9d,0x00000000
0x131066e4,0x8d8d8d9d,0x8d8d8d9d,0x00000000
0x13106784,0x6e6e6e6e,0x6e6e6e6e,0x00000000
0x131067c4,0x6e6e6e6e,0x6e6e6e6e,0x00000000
0x13106944,0xe8e9e909,0xe8e9e909,0x00000000
0x131069e4,0xecececec,0xecececec,0x00000000
0x13106a24,0x86878787,0x86878787,0x00000000
0x13106ae4,0xd9d477d4,0xd9d477d4,0x00000000
0x13106b24,0xd9777777,0xd9777777,0x00000000
0x13106b84,0xf4b6f7f7,0xf4b6f7f7,0x00000000
0x13106bac,0x88d3d3d4,0x88d3d3d4,0x00000000
0x13106bb0,0xf7f7f7b3,0xf7f7f7b3,0x00000000
0x13106bb4,0xd57777d3,0xd57777d3,0x00000000
0x13106bb8,0xf7f7f7f4,0xf7f7f7f4,0x00000000
0x13106bbc,0xf4aa10d3,0xf4aa10d3,0x00000000
0x13106bc8,0xd9d9d977,0xd9d9d977,0x00000000
0x13106bcc,0x2d2a2b2d,0x2d2a2b2d,0x00000000
0x13106bd0,0x14d4d3d4,0x14d4d3d4,0x00000000
0x13106bd4,0xd1c3109f,0xd1c3109f,0x00000000
0x13106bd8,0xd9d9d4d4,0xd9d9d4d4,0x00000000
0x13106bdc,0xd4d37777,0xd4d37777,0x00000000
0x13106be8,0x2a2a2a2a,0x2a2a2a2a,0x00000000
0x13106bf0,0x2a282828,0x2a282828,0x00000000
0x13106bf4,0x28282828,0x28282828,0x00000000
0x13106bf8,0x2d282a2a,0x2d282a2a,0x00000000
0x13106bfc,0x2a2a2a2a,0x2a2a2a2a,0x00000000
0x13106c08,0x282a2a2a,0x282a2a2a,0x00000000
0x13106c0c,0x2a2a2a2a,0x2a2a2a2a,0x00000000
0x13106c10,0x28282828,0x28282828,0x00000000
0x13106c14,0x28282828,0x28282828,0x00000000
0x13106c18,0x2a2a2a2a,0x2a2a2a2a,0x00000000
0x13106c1c,0x2a2a2a2a,0x2a2a2a2a,0x00000000
0x13106c2c,0x2a2a2a2a,0x2a2a2a2a,0x00000000
0x13106c30,0x28282828,0x28282828,0x00000000
0x13106c34,0x28282828,0x28282828,0x00000000
0x13106c38,0x2a2a2a2a,0x2a2a2a2a,0x00000000
0x13106c3c,0x2a2a2a2a,0x2a2a2a2a,0x00000000
0x13106c48,0x2a2a2a2a,0x2a2a2a2a,0x00000000
0x13106c4c,0x2a2a2a2a,0x2a2a2a2a,0x00000000
0x13106c50,0x28282828,0x28282828,0x00000000
0x13106c54,0x28282828,0x28282828,0x00000000
0x13106c58,0x2a2a2a2a,0x2a2a2a2a,0x00000000
0x13106c5c,0x2a2a2a28,0x2a2a2a28,0x00000000
0x13106c68,0x2a2a2a2a,0x2a2a2a2a,0x00000000
0x13106c70,0x28282828,0x28282828,0x00000000
0x13106c74,0x28282828,0x28282828,0x00000000
0x13106c78,0x2a2a2a2a,0x2a2a2a2a,0x00000000
0x13106c7c,0x2a2a2a2a,0x2a2a2a2a,0x00000000
0x13106c88,0x2a2a2a2a,0x2a2a2a2a,0x00000000
0x13106c90,0x28282828,0x28282828,0x00000000
0x13106c94,0x28282828,0x28282828,0x00000000
0x13106c98,0x2a2a2a2a,0x2a2a2a2a,0x00000000
0x13106c9c,0x2a2a2a2a,0x2a2a2a2a,0x00000000
0x13106cb0,0x28282828,0x28282828,0x00000000
0x13106cb4,0x28282828,0x28282828,0x00000000
0x13106cb8,0x2a2a2a2a,0x2a2a2a2a,0x00000000
0x13106cbc,0x2a2a2a2a,0x2a2a2a2a,0x00000000
0x13106cc8,0x2a2a2a2a,0x2a2a2a2a,0x00000000
0x13106ccc,0x2a2a2a2a,0x2a2a2a2a,0x00000000
0x13106cd0,0x28282828,0x28282828,0x00000000
0x13106cd4,0x28282828,0x28282828,0x00000000
0x13106cd8,0x2a2a2a2a,0x2a2a2a2a,0x00000000
0x13106cdc,0x2a2a2a2a,0x2a2a2a2a,0x00000000
0x13106ce8,0x2a2a2a2a,0x2a2a2a2a,0x00000000
0x13106cec,0x2a2a2a2a,0x2a2a2a2a,0x00000000
0x13106cf0,0x28282828,0x28282828,0x00000000
0x13106cf4,0x28282828,0x28282828,0x00000000
0x13106cf8,0x2a2a2a2a,0x2a2a2a2a,0x00000000
0x13106cfc,0x2a2a2a2c,0x2a2a2a2c,0x00000000
0x13106d0c,0x72727272,0x72727272,0x00000000
0x13106d10,0x7272c772,0x7272c772,0x00000000
0x13106d14,0x72727272,0x72727272,0x00000000
0x13106d18,0x72727272,0x72727272,0x00000000
0x13106d1c,0x7272c7c7,0x7272c7c7,0x00000000
0x13106d28,0xc7729d72,0xc7729d72,0x00000000
0x13106d2c,0x72727272,0x72727272,0x00000000
0x13106d30,0xc7727272,0xc7727272,0x00000000
0x13106d34,0xc7727272,0xc7727272,0x00000000
0x13106d38,0x72c7c772,0x72c7c772,0x00000000
0x13106d3c,0x72727272,0x72727272,0x00000000
0x13106d48,0x72727272,0x72727272,0x00000000
0x13106d50,0x72c7c7c7,0x72c7c7c7,0x00000000
0x13106d54,0xc7c77272,0xc7c77272,0x00000000
0x13106d58,0x7272c7c7,0x7272c7c7,0x00000000
0x13106d5c,0xc7c77272,0xc7c77272,0x00000000
0x13106d70,0x72727272,0x72727272,0x00000000
0x13106d74,0x72729d72,0x72729d72,0x00000000
0x13106d78,0x7272729d,0x7272729d,0x00000000
0x13106d7c,0x9d9d9d72,0x9d9d9d72,0x00000000
0x13106d8c,0x72727272,0x72727272,0x00000000
0x13106d90,0xc7727272,0xc7727272,0x00000000
0x13106d94,0x72727272,0x72727272,0x00000000
0x13106d98,0xc7727272,0xc7727272,0x00000000
0x13106d9c,0x72727272,0x72727272,0x00000000
0x13106da0,0x9d727272,0x9d727272,0x00000000
0x13106da8,0x72727272,0x72727272,0x00000000
0x13106dac,0x9d9d9d9d,0x9d9d9d9d,0x00000000
0x13106db0,0x7272729d,0x7272729d,0x00000000
0x13106db4,0x9d9d9d9d,0x9d9d9d9d,0x00000000
0x13106db8,0x72729d9d,0x72729d9d,0x00000000
0x13106dbc,0x9d9d9d9d,0x9d9d9d9d,0x00000000
0x13106dcc,0x9d9d9d9d,0x9d9d9d9d,0x00000000
0x13106dd0,0x9d9d9d9d,0x9d9d9d9d,0x00000000
0x13106dd4,0x9d9d9d9d,0x9d9d9d9d,0x00000000
0x13106dd8,0x9d9d9d9d,0x9d9d9d9d,0x00000000
0x13106ddc,0x9d9d9d9d,0x9d9d9d9d,0x00000000
0x13106df4,0x9d9d9d9d,0x9d9d9d9d,0x00000000
0x13106df8,0x9d9d9d9d,0x9d9d9d9d,0x00000000
0x13106dfc,0x9d9d9d9d,0x9d9d9d9d,0x00000000
0x13106e08,0x9d9d9d9d,0x9d9d9d9d,0x00000000
0x13106e10,0x9d9d9d9d,0x9d9d9d9d,0x00000000
0x13106e14,0x9d9d9d9d,0x9d9d9d9d,0x00000000
0x13106e2c,0x9d9d9d9d,0x9d9d9d9d,0x00000000
0x13106e30,0x9d9d9d9d,0x9d9d9d9d,0x00000000
0x13106e34,0x9d9d9d9d,0x9d9d9d9d,0x00000000
0x13106e38,0x9d9d9d9d,0x9d9d9d9d,0x00000000
0x13106e3c,0x9d9d9d9d,0x9d9d9d9d,0x00000000
0x13106e40,0x9d9d9d9d,0x9d9d9d9d,0x00000000
0x13106e44,0x9d9d9d9d,0x9d9d9d9d,0x00000000
0x13106e48,0x9d9d9d9d,0x9d9d9d9d,0x00000000
0x13106e4c,0x9d9d9d9d,0x9d9d9d9d,0x00000000
0x13106e50,0x9d9d9d9d,0x9d9d9d9d,0x00000000
0x13106e54,0x9d9d9d9d,0x9d9d9d9d,0x00000000
0x13106e70,0x9d9d9d9d,0x9d9d9d9d,0x00000000
0x13106e74,0x9d9d9d9d,0x9d9d9d9d,0x00000000
0x13106e78,0x9d9d9d9d,0x9d9d9d9d,0x00000000
0x13106e88,0x9d9d9d9d,0x9d9d9d9d,0x00000000
0x13106e8c,0x9d9d9d9d,0x9d9d9d9d,0x00000000
0x13106e90,0x9d9d9d9d,0x9d9d9d9d,0x00000000
0x13106e94,0x9d9d9d9d,0x9d9d9d9d,0x00000000
0x13106e98,0x9d9d9d9d,0x9d9d9d9d,0x00000000
0x13106e9c,0x9d9d9d9d,0x9d9d9d9d,0x00000000
0x13107ecc,0x9d9d9d9d,0x9d9d9d9d,0x00000000
0x13108078,0x6d6d6d6d,0x6d6d6d6d,0x00000000
0x1310a6cc,0x9d9d9d9d,0x9d9d9d9d,0x00000000
0x13118e9c,0x3f800000,0x3f800000,0x00000000
0x13119278,0xadadadad,0xadadadad,0x00000000
0x131192d0,0x2e198399,0x2e198399,0x00000000
0x13119590,0x5f646563,0x5f646563,0x00000000
0x1311a8d4,0x2000001f,0x2000001f,0x00000000
0x1311aadc,0x6e642f6d,0x6e642f6d,0x00000000
0x1311ae8c,0x9311ae80,0x9311ae80,0x00000000
0x1311b05c,0x6e642f30,0x6e642f30,0x00000000
0x1311b9a8,0xff0f0d85,0xff0f0d85,0x00000000
0x1311b9ac,0x0d600d72,0x0d600d72,0x00000000
0x1311b9b8,0x06100fe6,0x06100fe6,0x00000000
0x1311bbdc,0xc0fd743c,0xc0fd743c,0x00000000
0x1311bc30,0x3f800000,0x3f800000,0x00000000
0x1311bc34,0x3f800000,0x3f800000,0x00000000
0x1311bc38,0x00010000,0x00010000,0x00000000
0x1311bc70,0x3f800000,0x3f800000,0x00000000
0x1311bccc,0x204e696b,0x204e696b,0x00000000
0x1311bcd0,0x5f476974,0x5f476974,0x00000000
0x1311bcd4,0x74696e73,0x74696e73,0x00000000
0x1311bcd8,0x404e696b,0x404e696b,0x00000000
0x1311bcdc,0x47697474,0x47697474,0x00000000
0x1311bce0,0x3f2dba37,0x3f2dba37,0x00000000
0x1311bce4,0x3e868aff,0x3e868aff,0x00000000
0x1311bce8,0x3f7fdf37,0x3f7fdf37,0x00000000
0x1311bcec,0x3e868afe,0x3e868afe,0x00000000
0x1311bcf0,0x3f7fdf52,0x3f7fdf52,0x00000000
0x1311bcf4,0x3f2d7602,0x3f2d7602,0x00000000
0x1311bcf8,0x3f2dba47,0x3f2dba47,0x00000000
0x1311bcfc,0x3f2d75f9,0x3f2d75f9,0x00000000
0x1311bd0c,0x02020203,0x02020203,0x00000000
0x1311bd14,0xff000000,0xff000000,0x00000000
0x1311bd4c,0x3f800000,0x3f800000,0x00000000
0x1311bd54,0x3f800000,0x3f800000,0x00000000
0x1311bd58,0x3f800000,0x3f800000,0x00000000
0x1311bd5c,0x3f800000,0x3f800000,0x00000000
0x1311bd7c,0x3f800000,0x3f800000,0x00000000
0x1311bd8c,0x00010000,0x00010000,0x00000000
0x1311bd98,0x3f800000,0x3f800000,0x00000000
0x1311bd9c,0x3f800000,0x3f800000,0x00000000
0x1311bda0,0x3f800000,0x3f800000,0x00000000
0x1311bed4,0xfbfbfbfb,0xfbfbfbfb,0x00000000
0x1311bed8,0xfbfbfbfb,0xfbfbfbfb,0x00000000
0x1311bedc,0xfbfbfbfb,0xfbfbfbfb,0x00000000
0x1311bef0,0xfbfbfbfb,0xfbfbfbfb,0x00000000
0x1311bef4,0xfbfbfbfb,0xfbfbfbfb,0x00000000
0x1311bef8,0xfbfbfbfb,0xfbfbfbfb,0x00000000
0x1311bf1c,0xfbfbfbfb,0xfbfbfbfb,0x00000000
0x1311bf2c,0xfbfbfbfb,0xfbfbfbfb,0x00000000
0x1311bf30,0xfbfbfbfb,0xfbfbfbfb,0x00000000
0x1311bf34,0xfbfbfbfb,0xfbfbfbfb,0x00000000
0x1311bf38,0xfbfbfbfb,0xfbfbfbfb,0x00000000
0x1311bf3c,0xfbfbfbfb,0xfbfbfbfb,0x00000000
0x1311bf4c,0xfbfbfbfb,0xfbfbfbfb,0x00000000
0x1311bf50,0xfbfbfbfb,0xfbfbfbfb,0x00000000
0x1311bf54,0xfbfbfbfb,0xfbfbfbfb,0x00000000
0x1311bf58,0xfbfbfbfb,0xfbfbfbfb,0x00000000
0x1311bf5c,0xfbfbfbfb,0xfbfbfbfb,0x00000000
0x1311bf6c,0xfbfbfbfb,0xfbfbfbfb,0x00000000
0x1311bf70,0xfbfbfbfb,0xfbfbfbfb,0x00000000
0x1311bf74,0xfbfbfbfb,0xfbfbfbfb,0x00000000
0x1311bf78,0xfbfbfbfb,0xfbfbfbfb,0x00000000
0x1311bf7c,0xfbfbfbfb,0xfbfbfbfb,0x00000000
0x1311bf8c,0xfbfbfbfb,0xfbfbfbfb,0x00000000
0x1311bf90,0xfbfbfbfb,0xfbfbfbfb,0x00000000
0x1311bf94,0xfbfbfbfb,0xfbfbfbfb,0x00000000
0x1311bf98,0xfbfbfbfb,0xfbfbfbfb,0x00000000
0x1311bf9c,0xfbfbfbfb,0xfbfbfbfb,0x00000000
0x1311bfac,0xfbfbfbfb,0xfbfbfbfb,0x00000000
0x1311bfb0,0xfbfbfbfb,0xfbfbfbfb,0x00000000
0x1311bfb4,0xfbfbfbfb,0xfbfbfbfb,0x00000000
0x1311bfb8,0xfbfbfbfb,0xfbfbfbfb,0x00000000
0x1311bfbc,0xfbfbfbfb,0xfbfbfbfb,0x00000000
0x1311bfcc,0xfbfbfbfb,0xfbfbfbfb,0x00000000
0x1311bfd0,0xfbfbfbfb,0xfbfbfbfb,0x00000000
0x1311bfd4,0xfbfbfbfb,0xfbfbfbfb,0x00000000
0x1311bfd8,0xfbfbfbfb,0xfbfbfbfb,0x00000000
0x1311bfdc,0xfbfbfbfb,0xfbfbfbfb,0x00000000
0x1311bfec,0xfbfbfbfb,0xfbfbfbfb,0x00000000
0x1311bff0,0xfbfbfbfb,0xfbfbfbfb,0x00000000
0x1311bff4,0xfbfbfbfb,0xfbfbfbfb,0x00000000
0x1311bff8,0xfbfbfbfb,0xfbfbfbfb,0x00000000
0x1311bffc,0xfbfbfbfb,0xfbfbfbfb,0x00000000
0x1311c00c,0xfbfbfbfb,0xfbfbfbfb,0x00000000
0x1311c010,0xfbfbfbfb,0xfbfbfbfb,0x00000000
0x1311c014,0xfbfbfbfb,0xfbfbfbfb,0x00000000
0x1311c018,0xfbfbfbfb,0xfbfbfbfb,0x00000000
0x1311c01c,0xfbfbfbfb,0xfbfbfbfb,0x00000000
0x1311c02c,0xfbfbfbfb,0xfbfbfbfb,0x00000000
0x1311c030,0xfbfbfbfb,0xfbfbfbfb,0x00000000
0x1311c034,0xfbfbfbfb,0xfbfbfbfb,0x00000000
0x1311c038,0xfbfbfbfb,0xfbfbfbfb,0x00000000
0x1311c03c,0xfbfbfbfb,0xfbfbfbfb,0x00000000
0x1311c04c,0xfbfbfbfb,0xfbfbfbfb,0x00000000
0x1311c050,0xfbfbfbfb,0xfbfbfbfb,0x00000000
0x1311c054,0xfbfbfbfb,0xfbfbfbfb,0x00000000
0x1311c058,0xfbfbfbfb,0xfbfbfbfb,0x00000000
0x1311c05c,0xfbfbfbfb,0xfbfbfbfb,0x00000000
0x1311c06c,0xfbfbfbfb,0xfbfbfbfb,0x00000000
0x1311c070,0xfbfbfbfb,0xfbfbfbfb,0x00000000
0x1311c074,0xfbfbfbfb,0xfbfbfbfb,0x00000000
0x1311c078,0xfbfbfbfb,0xfbfbfbfb,0x00000000
0x1311c07c,0xfbfbfbfb,0xfbfbfbfb,0x00000000
0x1311c08c,0xfbfbfbfb,0xfbfbfbfb,0x00000000
0x1311c090,0xfbfbfbfb,0xfbfbfbfb,0x00000000
0x1311c094,0xfbfbfbfb,0xfbfbfbfb,0x00000000
0x1311c098,0xfbfbfbfb,0xfbfbfbfb,0x00000000
0x1311c09c,0xfbfbfbfb,0xfbfbfbfb,0x00000000
0x1311c0a8,0xfbfbfbfb,0xfbfbfbfb,0x00000000
0x1311c0ac,0xfbfbfbfb,0xfbfbfbfb,0x00000000
0x1311c0b0,0xfbfbfbfb,0xfbfbfbfb,0x00000000
0x1311c0b4,0xfbfbfbfb,0xfbfbfbfb,0x00000000
0x1311c0b8,0xfbfbfbfb,0xfbfbfbfb,0x00000000
0x1311c0bc,0xfbfbfbfb,0xfbfbfbfb,0x00000000
0x1311c0c8,0xfbfbfbfb,0xfbfbfbfb,0x00000000
0x1311c0cc,0xfbfbfbfb,0xfbfbfbfb,0x00000000
0x1311c0d0,0xfbfbfbfb,0xfbfbfbfb,0x00000000
0x1311c0d4,0xfbfbfbfb,0xfbfbfbfb,0x00000000
0x1311c0d8,0xfbfbfbfb,0xfbfbfbfb,0x00000000
0x1311c0dc,0xfbfbfbfb,0xfbfbfbfb,0x00000000
0x1311c0e8,0xfbfbfbfb,0xfbfbfbfb,0x00000000
0x1311c0ec,0xfbfbfbfb,0xfbfbfbfb,0x00000000
0x1311c0f0,0xfbfbfbfb,0xfbfbfbfb,0x00000000
0x1311c0f4,0xfbfbfbfb,0xfbfbfbfb,0x00000000
0x1311c0f8,0xfbfbfbfb,0xfbfbfbfb,0x00000000
0x1311c0fc,0xfbfbfbfb,0xfbfbfbfb,0x00000000
0x1311c108,0xfbfbfbfb,0xfbfbfbfb,0x00000000
0x1311c110,0xfbfbfbfb,0xfbfbfbfb,0x00000000
0x1311c114,0xfbfbfbfb,0xfbfbfbfb,0x00000000
0x1311c118,0xfbfbfbfb,0xfbfbfbfb,0x00000000
0x1311c11c,0xfbfbfbfb,0xfbfbfbfb,0x00000000
0x1311c128,0xfbfbfbfb,0xfbfbfbfb,0x00000000
0x1311c130,0xfbfbfbfb,0xfbfbfbfb,0x00000000
0x1311c134,0x1a110000,0x1a110000,0x00000000
0x1311c138,0xfbfbfbfb,0xfbfbfbfb,0x00000000
0x1311c13c,0x1a110000,0x1a110000,0x00000000
0x1311c168,0x00042a2a,0x00042a2a,0x00000000
0x1311c170,0x00902a2a,0x00902a2a,0x00000000
0x1311c174,0x2a2a2a2a,0x2a2a2a2a,0x00000000
0x1311c178,0x00e62a2a,0x00e62a2a,0x00000000
0x1311c17c,0x2a2a2a2a,0x2a2a2a2a,0x00000000
0x1311c188,0x2a2a2a2a,0x2a2a2a2a,0x00000000
0x1311c190,0x2a2a2a2a,0x2a2a2a2a,0x00000000
0x1311c194,0x2a230000,0x2a230000,0x00000000
0x1311c198,0x2a2a2a2a,0x2a2a2a2a,0x00000000
0x1311c19c,0x2a290000,0x2a290000,0x00000000
0x1311c1fc,0xe6900521,0xe6900521,0x00000000
0x1311c210,0x00e69004,0x00e69004,0x00000000
0x1311c214,0x05202020,0x05202020,0x00000000
0x1311c218,0x282a2a2a,0x282a2a2a,0x00000000
0x1311c21c,0x2a2a2a2a,0x2a2a2a2a,0x00000000
0x1311c230,0x22232323,0x22232323,0x00000000
0x1311c234,0x20202020,0x20202020,0x00000000
0x1311c238,0x2a2a2a2a,0x2a2a2a2a,0x00000000
0x1311c23c,0x2a2a2a2a,0x2a2a2a2a,0x00000000
0x1311c24c,0x00e60523,0x00e60523,0x00000000
0x1311c250,0x050490e6,0x050490e6,0x00000000
0x1311c254,0x20292a2a,0x20292a2a,0x00000000
0x1311c258,0x2a2a2a2a,0x2a2a2a2a,0x00000000
0x1311c25c,0x2a2a2a2a,0x2a2a2a2a,0x00000000
0x1311c268,0x2a2a2a2a,0x2a2a2a2a,0x00000000
0x1311c26c,0x2a2a2a2a,0x2a2a2a2a,0x00000000
0x1311c270,0x2a2a2a2a,0x2a2a2a2a,0x00000000
0x1311c274,0x2a2a2a2a,0x2a2a2a2a,0x00000000
0x1311c278,0x2a2a2a2a,0x2a2a2a2a,0x00000000
0x1311c27c,0x2a2a2a2a,0x2a2a2a2a,0x00000000
0x1311c288,0x2a2a2a2a,0x2a2a2a2a,0x00000000
0x1311c28c,0x2a2a2a2a,0x2a2a2a2a,0x00000000
0x1311c290,0x2a2a2a2a,0x2a2a2a2a,0x00000000
0x1311c294,0x2a2a2a2a,0x2a2a2a2a,0x00000000
0x1311c298,0x2a2a2a2a,0x2a2a2a2a,0x00000000
0x1311c29c,0x2a2a2a2a,0x2a2a2a2a,0x00000000
0x1311c2a8,0x2a2a2a2a,0x2a2a2a2a,0x00000000
0x1311c2ac,0x2a2a2a2a,0x2a2a2a2a,0x00000000
0x1311c2b0,0x2a2a2a2a,0x2a2a2a2a,0x00000000
0x1311c2b4,0x2a2a2a2a,0x2a2a2a2a,0x00000000
0x1311c2b8,0x2a2a2a2a,0x2a2a2a2a,0x00000000
0x1311c2bc,0x2a2a2a2a,0x2a2a2a2a,0x00000000
0x1311c2c8,0xfbfbfbfb,0xfbfbfbfb,0x00000000
0x1311c2cc,0xfbfbfbfb,0xfbfbfbfb,0x00000000
0x1311c2d0,0xfbfbfbfb,0xfbfbfbfb,0x00000000
0x1311c2d4,0xfbfbfbfb,0xfbfbfbfb,0x00000000
0x1311c2d8,0xfbfbfbfb,0xfbfbfbfb,0x00000000
0x1311c2dc,0xfbfbfbfb,0xfbfbfbfb,0x00000000
0x1311c2e8,0xfbfbfbfb,0xfbfbfbfb,0x00000000
0x1311c2ec,0xfbfbfbfb,0xfbfbfbfb,0x00000000
0x1311c2f0,0xfbfbfbfb,0xfbfbfbfb,0x00000000
0x1311c2f4,0xfbfbfbfb,0xfbfbfbfb,0x00000000
0x1311c2f8,0xfbfbfbfb,0xfbfbfbfb,0x00000000
0x1311c2fc,0xfbfbfbfb,0xfbfbfbfb,0x00000000
0x1311c308,0xfbfbfbfb,0xfbfbfbfb,0x00000000
0x1311c30c,0xfbfbfbfb,0xfbfbfbfb,0x00000000
0x1311c310,0xfbfbfbfb,0xfbfbfbfb,0x00000000
0x1311c314,0xfbfbfbfb,0xfbfbfbfb,0x00000000
0x1311c318,0xfbfbfbfb,0xfbfbfbfb,0x00000000
0x1311c31c,0xfbfbfbfb,0xfbfbfbfb,0x00000000
0x1311c328,0xfbfbfbfb,0xfbfbfbfb,0x00000000
0x1311c32c,0xfbfbfbfb,0xfbfbfbfb,0x00000000
0x1311c330,0xfbfbfbfb,0xfbfbfbfb,0x00000000
0x1311c334,0xfbfbfbfb,0xfbfbfbfb,0x00000000
0x1311c338,0xfbfbfbfb,0xfbfbfbfb,0x00000000
0x1311c33c,0xfbfbfbfb,0xfbfbfbfb,0x00000000
0x1311c348,0xfbfbfbfb,0xfbfbfbfb,0x00000000
0x1311c34c,0xfbfbfbfb,0xfbfbfbfb,0x00000000
0x1311c350,0xfbfbfbfb,0xfbfbfbfb,0x00000000
0x1311c354,0xfbfbfbfb,0xfbfbfbfb,0x00000000
0x1311c358,0xfbfbfbfb,0xfbfbfbfb,0x00000000
0x1311c35c,0xfbfbfbfb,0xfbfbfbfb,0x00000000
0x1311c36c,0xfbfbfbfb,0xfbfbfbfb,0x00000000
0x1311c370,0xfbfbfbfb,0xfbfbfbfb,0x00000000
0x1311c374,0xfbfbfbfb,0xfbfbfbfb,0x00000000
0x1311c378,0xfbfbfbfb,0xfbfbfbfb,0x00000000
0x1311c37c,0xfbfbfbfb,0xfbfbfbfb,0x00000000
0x1311c38c,0xfbfbfbfb,0xfbfbfbfb,0x00000000
0x1311c390,0xfbfbfbfb,0xfbfbfbfb,0x00000000
0x1311c394,0xfbfbfbfb,0xfbfbfbfb,0x00000000
0x1311c398,0xfbfbfbfb,0xfbfbfbfb,0x00000000
0x1311c39c,0xfbfbfbfb,0xfbfbfbfb,0x00000000
0x1311c3a8,0xfbfbfbfb,0xfbfbfbfb,0x00000000
0x1311c3ac,0xfbfbfbfb,0xfbfbfbfb,0x00000000
0x1311c3b0,0xfbfbfbfb,0xfbfbfbfb,0x00000000
0x1311c3b4,0xfbfbfbfb,0xfbfbfbfb,0x00000000
0x1311c3b8,0xfbfbfbfb,0xfbfbfbfb,0x00000000
0x1311c3bc,0xfbfbfbfb,0xfbfbfbfb,0x00000000
0x1311c3c8,0xfbfbfbfb,0xfbfbfbfb,0x00000000
0x1311c3cc,0xfbfbfbfb,0xfbfbfbfb,0x00000000
0x1311c3d0,0xfbfbfbfb,0xfbfbfbfb,0x00000000
0x1311c3d4,0xfbfbfbfb,0xfbfbfbfb,0x00000000
0x1311c3d8,0xfbfbfbfb,0xfbfbfbfb,0x00000000
0x1311c3dc,0xfbfbfbfb,0xfbfbfbfb,0x00000000
0x1311c3ec,0xfbfbfbfb,0xfbfbfbfb,0x00000000
0x1311c3f0,0xfbfbfbfb,0xfbfbfbfb,0x00000000
0x1311c3f4,0xfbfbfbfb,0xfbfbfbfb,0x00000000
0x1311c3f8,0xfbfbfbfb,0xfbfbfbfb,0x00000000
0x1311c3fc,0xfbfbfbfb,0xfbfbfbfb,0x00000000
0x1311c410,0xfbfbfbfb,0xfbfbfbfb,0x00000000
0x1311c414,0xfbfbfbfb,0xfbfbfbfb,0x00000000
0x1311c418,0xfbfbfbfb,0xfbfbfbfb,0x00000000
0x1311c41c,0xfbfbfbfb,0xfbfbfbfb,0x00000000
0x1311c428,0xfbfbfbfb,0xfbfbfbfb,0x00000000
0x1311c430,0xfbfbfbfb,0xfbfbfbfb,0x00000000
0x1311c434,0xfbfbfbfb,0xfbfbfbfb,0x00000000
0x1311c438,0xfbfbfbfb,0xfbfbfbfb,0x00000000
0x1311c43c,0xfbfbfbfb,0xfbfbfbfb,0x00000000
0x1311c440,0xfbfbfbfb,0xfbfbfbfb,0x00000000
0x1311c444,0xfbfbfbfb,0xfbfbfbfb,0x00000000
0x1311c448,0xfbfbfbfb,0xfbfbfbfb,0x00000000
0x1311c44c,0xfbfbfbfb,0xfbfbfbfb,0x00000000
0x1311c450,0xfbfbfbfb,0xfbfbfbfb,0x00000000
0x1311c454,0xfbfbfbfb,0xfbfbfbfb,0x00000000
0x1311c458,0xfbfbfbfb,0xfbfbfbfb,0x00000000
0x1311c45c,0xfbfbfbfb,0xfbfbfbfb,0x00000000
0x1311c46c,0xfbfbfbfb,0xfbfbfbfb,0x00000000
0x1311c470,0xfbfbfbfb,0xfbfbfbfb,0x00000000
0x1311c474,0xfbfbfbfb,0xfbfbfbfb,0x00000000
0x1311c478,0xfbfbfbfb,0xfbfbfbfb,0x00000000
0x1311c47c,0xfbfbfbfb,0xfbfbfbfb,0x00000000
0x1311c488,0xfbfbfbfb,0xfbfbfbfb,0x00000000
0x1311c490,0xfbfbfbfb,0xfbfbfbfb,0x00000000
0x1311c494,0xfbfbfbfb,0xfbfbfbfb,0x00000000
0x1311c498,0xfbfbfbfb,0xfbfbfbfb,0x00000000
0x1311c49c,0xfbfbfbfb,0xfbfbfbfb,0x00000000
0x1311c4a8,0xfbfbfbfb,0xfbfbfbfb,0x00000000
0x1311c4b0,0xfbfbfbfb,0xfbfbfbfb,0x00000000
0x1311c4b4,0xfbfbfbfb,0xfbfbfbfb,0x00000000
0x1311c4b8,0xfbfbfbfb,0xfbfbfbfb,0x00000000
0x1311c4bc,0xfbfbfbfb,0xfbfbfbfb,0x00000000
0x1311c4cc,0xfbfbfbfb,0xfbfbfbfb,0x00000000
0x1311c4d0,0xfbfbfbfb,0xfbfbfbfb,0x00000000
0x1311c4d4,0xfbfbfbfb,0xfbfbfbfb,0x00000000
0x1311c4d8,0xfbfbfbfb,0xfbfbfbfb,0x00000000
0x1311c4dc,0xfbfbfbfb,0xfbfbfbfb,0x00000000
0x1311c4ec,0xfbfbfbfb,0xfbfbfbfb,0x00000000
0x1311c4f0,0xfbfbfbfb,0xfbfbfbfb,0x00000000
0x1311c4f4,0xfbfbfbfb,0xfbfbfbfb,0x00000000
0x1311c4f8,0xfbfbfbfb,0xfbfbfbfb,0x00000000
0x1311c4fc,0xfbfbfbfb,0xfbfbfbfb,0x00000000
0x1311c508,0xfbfbfbfb,0xfbfbfbfb,0x00000000
0x1311c50c,0xfbfbfbfb,0xfbfbfbfb,0x00000000
0x1311c510,0xfbfbfbfb,0xfbfbfbfb,0x00000000
0x1311c514,0xfbfbfbfb,0xfbfbfbfb,0x00000000
0x1311c518,0xfbfbfbfb,0xfbfbfbfb,0x00000000
0x1311c51c,0xfbfbfbfb,0xfbfbfbfb,0x00000000
0x1311c528,0xfbfbfbfb,0xfbfbfbfb,0x00000000
0x1311c52c,0xbd139c00,0xbd139c00,0x00000000
0x1311c530,0xfbfbfbfb,0xfbfbfbfb,0x00000000
0x1311c534,0x1a139c00,0x1a139c00,0x00000000
0x1311c538,0xfbfbfbfb,0xfbfbfbfb,0x00000000
0x1311c53c,0xbd139c00,0xbd139c00,0x00000000
0x1311c56c,0x2a2a2a2a,0x2a2a2a2a,0x00000000
0x1311c570,0x00e62a2a,0x00e62a2a,0x00000000
0x1311c574,0x2a2a2a2a,0x2a2a2a2a,0x00000000
0x1311c578,0x00e62a2a,0x00e62a2a,0x00000000
0x1311c57c,0x2a2a2a2a,0x2a2a2a2a,0x00000000
0x1311c58c,0x2a2a0400,0x2a2a0400,0x00000000
0x1311c590,0x2a2a2a2a,0x2a2a2a2a,0x00000000
0x1311c594,0x2a2a2000,0x2a2a2000,0x00000000
0x1311c598,0x2a2a2a2a,0x2a2a2a2a,0x00000000
0x1311c59c,0x2a2a2200,0x2a2a2200,0x00000000
0x1311c5cc,0x00e60523,0x00e60523,0x00000000
0x1311c5d4,0x21292a2a,0x21292a2a,0x00000000
0x1311c5d8,0x0090222a,0x0090222a,0x00000000
0x1311c5dc,0x2a2a2805,0x2a2a2805,0x00000000
0x1311c5ec,0x2a292320,0x2a292320,0x00000000
0x1311c5f0,0x2a282104,0x2a282104,0x00000000
0x1311c5f4,0x90000000,0x90000000,0x00000000
0x1311c5f8,0x90000000,0x90000000,0x00000000
0x1311c634,0x04282a2a,0x04282a2a,0x00000000
0x1311c63c,0x2a2a2a2a,0x2a2a2a2a,0x00000000
0x1311c648,0x2a2a2a2a,0x2a2a2a2a,0x00000000
0x1311c64c,0x2a2a2a2a,0x2a2a2a2a,0x00000000
0x1311c650,0x2a2a2a2a,0x2a2a2a2a,0x00000000
0x1311c654,0x2a2a2a2a,0x2a2a2a2a,0x00000000
0x1311c658,0x2a2a2a2a,0x2a2a2a2a,0x00000000
0x1311c65c,0x2a2a2a2a,0x2a2a2a2a,0x00000000
0x1311c66c,0x2a2a2a2a,0x2a2a2a2a,0x00000000
0x1311c670,0x2a2a2a2a,0x2a2a2a2a,0x00000000
0x1311c674,0x2a2a2a2a,0x2a2a2a2a,0x00000000
0x1311c678,0x2a2a2a2a,0x2a2a2a2a,0x00000000
0x1311c67c,0x2a2a2a28,0x2a2a2a28,0x00000000
0x1311c68c,0x2a2a2a2a,0x2a2a2a2a,0x00000000
0x1311c690,0x2a2a2a2a,0x2a2a2a2a,0x00000000
0x1311c694,0x2a2a2323,0x2a2a2323,0x00000000
0x1311c698,0x292a2a2a,0x292a2a2a,0x00000000
0x1311c69c,0x2a2a2305,0x2a2a2305,0x00000000
0x1311c6a0,0x2a2a2a2a,0x2a2a2a2a,0x00000000
0x1311c6a4,0x2a2a2a2a,0x2a2a2a2a,0x00000000
0x1311c6a8,0x2a2a2a2a,0x2a2a2a2a,0x00000000
0x1311c6ac,0x2a2a2a2a,0x2a2a2a2a,0x00000000
0x1311c6b0,0x23212322,0x23212322,0x00000000
0x1311c6b4,0x23232328,0x23232328,0x00000000
0x1311c6b8,0x90000000,0x90000000,0x00000000
0x1311c6c8,0xfbfbfbfb,0xfbfbfbfb,0x00000000
0x1311c6cc,0xfbfbfbfb,0xfbfbfbfb,0x00000000
0x1311c6d0,0xfbfbfbfb,0xfbfbfbfb,0x00000000
0x1311c6d4,0xfbfbfbfb,0xfbfbfbfb,0x00000000
0x1311c6d8,0xfbfbfbfb,0xfbfbfbfb,0x00000000
0x1311c6dc,0xfbfbfbfb,0xfbfbfbfb,0x00000000
0x1311c6ec,0xfbfbfbfb,0xfbfbfbfb,0x00000000
0x1311c6f0,0xfbfbfbfb,0xfbfbfbfb,0x00000000
0x1311c6f4,0xfbfbfbfb,0xfbfbfbfb,0x00000000
0x1311c6f8,0xfbfbfbfb,0xfbfbfbfb,0x00000000
0x1311c6fc,0xfbfbfbfb,0xfbfbfbfb,0x00000000
0x1311c708,0xfbfbfbfb,0xfbfbfbfb,0x00000000
0x1311c70c,0xfbfbfbfb,0xfbfbfbfb,0x00000000
0x1311c710,0xfbfbfbfb,0xfbfbfbfb,0x00000000
0x1311c714,0xfbfbfbfb,0xfbfbfbfb,0x00000000
0x1311c718,0xfbfbfbfb,0xfbfbfbfb,0x00000000
0x1311c71c,0xfbfbfbfb,0xfbfbfbfb,0x00000000
0x1311c728,0xfbfbfbfb,0xfbfbfbfb,0x00000000
0x1311c730,0xfbfbfbfb,0xfbfbfbfb,0x00000000
0x1311c734,0xfbfbfbfb,0xfbfbfbfb,0x00000000
0x1311c738,0xfbfbfbfb,0xfbfbfbfb,0x00000000
0x1311c73c,0xfbfbfbfb,0xfbfbfbfb,0x00000000
0x1311c748,0xfbfbfbfb,0xfbfbfbfb,0x00000000
0x1311c74c,0xfbfbfbfb,0xfbfbfbfb,0x00000000
0x1311c750,0xfbfbfbfb,0xfbfbfbfb,0x00000000
0x1311c754,0xfbfbfbfb,0xfbfbfbfb,0x00000000
0x1311c758,0xfbfbfbfb,0xfbfbfbfb,0x00000000
0x1311c75c,0xfbfbfbfb,0xfbfbfbfb,0x00000000
0x1311c768,0xfbfbfbfb,0xfbfbfbfb,0x00000000
0x1311c76c,0xfbfbfbfb,0xfbfbfbfb,0x00000000
0x1311c770,0xfbfbfbfb,0xfbfbfbfb,0x00000000
0x1311c774,0xfbfbfbfb,0xfbfbfbfb,0x00000000
0x1311c778,0xfbfbfbfb,0xfbfbfbfb,0x00000000
0x1311c77c,0xfbfbfbfb,0xfbfbfbfb,0x00000000
0x1311c788,0xfbfbfbfb,0xfbfbfbfb,0x00000000
0x1311c78c,0xfbfbfbfb,0xfbfbfbfb,0x00000000
0x1311c790,0xfbfbfbfb,0xfbfbfbfb,0x00000000
0x1311c794,0xfbfbfbfb,0xfbfbfbfb,0x00000000
0x1311c798,0xfbfbfbfb,0xfbfbfbfb,0x00000000
0x1311c79c,0xfbfbfbfb,0xfbfbfbfb,0x00000000
0x1311c7a8,0xfbfbfbfb,0xfbfbfbfb,0x00000000
0x1311c7b0,0xfbfbfbfb,0xfbfbfbfb,0x00000000
0x1311c7b4,0xfbfbfbfb,0xfbfbfbfb,0x00000000
0x1311c7b8,0xfbfbfbfb,0xfbfbfbfb,0x00000000
0x1311c7bc,0xfbfbfbfb,0xfbfbfbfb,0x00000000
0x1311c7cc,0xfbfbfbfb,0xfbfbfbfb,0x00000000
0x1311c7d0,0xfbfbfbfb,0xfbfbfbfb,0x00000000
0x1311c7d4,0xfbfbfbfb,0xfbfbfbfb,0x00000000
0x1311c7d8,0xfbfbfbfb,0xfbfbfbfb,0x00000000
0x1311c7dc,0xfbfbfbfb,0xfbfbfbfb,0x00000000
0x1311c7ec,0xfbfbfbfb,0xfbfbfbfb,0x00000000
0x1311c7f0,0xfbfbfbfb,0xfbfbfbfb,0x00000000
0x1311c7f4,0xfbfbfbfb,0xfbfbfbfb,0x00000000
0x1311c7f8,0xfbfbfbfb,0xfbfbfbfb,0x00000000
0x1311c7fc,0xfbfbfbfb,0xfbfbfbfb,0x00000000
0x1311c800,0xfbfbfbfb,0xfbfbfbfb,0x00000000
0x1311c804,0xfbfbfbfb,0xfbfbfbfb,0x00000000
0x1311c808,0xfbfbfbfb,0xfbfbfbfb,0x00000000
0x1311c80c,0xfbfbfbfb,0xfbfbfbfb,0x00000000
0x1311c810,0xfbfbfbfb,0xfbfbfbfb,0x00000000
0x1311c814,0xfbfbfbfb,0xfbfbfbfb,0x00000000
0x1311c818,0xfbfbfbfb,0xfbfbfbfb,0x00000000
0x1311c81c,0xfbfbfbfb,0xfbfbfbfb,0x00000000
0x1311c828,0xfbfbfbfb,0xfbfbfbfb,0x00000000
0x1311c82c,0xfbfbfbfb,0xfbfbfbfb,0x00000000
0x1311c830,0xfbfbfbfb,0xfbfbfbfb,0x00000000
0x1311c834,0xfbfbfbfb,0xfbfbfbfb,0x00000000
0x1311c838,0xfbfbfbfb,0xfbfbfbfb,0x00000000
0x1311c83c,0xfbfbfbfb,0xfbfbfbfb,0x00000000
0x1311c84c,0xfbfbfbfb,0xfbfbfbfb,0x00000000
0x1311c850,0xfbfbfbfb,0xfbfbfbfb,0x00000000
0x1311c854,0xfbfbfbfb,0xfbfbfbfb,0x00000000
0x1311c858,0xfbfbfbfb,0xfbfbfbfb,0x00000000
0x1311c85c,0xfbfbfbfb,0xfbfbfbfb,0x00000000
0x1311c86c,0xfbfbfbfb,0xfbfbfbfb,0x00000000
0x1311c870,0xfbfbfbfb,0xfbfbfbfb,0x00000000
0x1311c874,0xfbfbfbfb,0xfbfbfbfb,0x00000000
0x1311c878,0xfbfbfbfb,0xfbfbfbfb,0x00000000
0x1311c87c,0xfbfbfbfb,0xfbfbfbfb,0x00000000
0x1311c888,0xfbfbfbfb,0xfbfbfbfb,0x00000000
0x1311c88c,0xfbfbfbfb,0xfbfbfbfb,0x00000000
0x1311c890,0xfbfbfbfb,0xfbfbfbfb,0x00000000
0x1311c894,0xfbfbfbfb,0xfbfbfbfb,0x00000000
0x1311c898,0xfbfbfbfb,0xfbfbfbfb,0x00000000
0x1311c89c,0xfbfbfbfb,0xfbfbfbfb,0x00000000
0x1311c8a8,0xfbfbfbfb,0xfbfbfbfb,0x00000000
0x1311c8ac,0xfbfbfbfb,0xfbfbfbfb,0x00000000
0x1311c8b0,0xfbfbfbfb,0xfbfbfbfb,0x00000000
0x1311c8b4,0xfbfbfbfb,0xfbfbfbfb,0x00000000
0x1311c8b8,0xfbfbfbfb,0xfbfbfbfb,0x00000000
0x1311c8bc,0xfbfbfbfb,0xfbfbfbfb,0x00000000
0x1311c8cc,0xfbfbfbfb,0xfbfbfbfb,0x00000000
0x1311c8d0,0xfbfbfbfb,0xfbfbfbfb,0x00000000
0x1311c8d4,0xfbfbfbfb,0xfbfbfbfb,0x00000000
0x1311c8d8,0xfbfbfbfb,0xfbfbfbfb,0x00000000
0x1311c8dc,0xfbfbfbfb,0xfbfbfbfb,0x00000000
0x1311c8e8,0xfbfbfbfb,0xfbfbfbfb,0x00000000
0x1311c8ec,0xfbfbfbfb,0xfbfbfbfb,0x00000000
0x1311c8f0,0xfbfbfbfb,0xfbfbfbfb,0x00000000
0x1311c8f4,0xfbfbfbfb,0xfbfbfbfb,0x00000000
0x1311c8f8,0xfbfbfbfb,0xfbfbfbfb,0x00000000
0x1311c8fc,0xfbfbfbfb,0xfbfbfbfb,0x00000000
0x1311c908,0xfbfbfbfb,0xfbfbfbfb,0x00000000
0x1311c90c,0xfbfbfbfb,0xfbfbfbfb,0x00000000
0x1311c910,0xfbfbfbfb,0xfbfbfbfb,0x00000000
0x1311c914,0xfbfbfbfb,0xfbfbfbfb,0x00000000
0x1311c918,0xfbfbfbfb,0xfbfbfbfb,0x00000000
0x1311c91c,0xfbfbfbfb,0xfbfbfbfb,0x00000000
0x1311c928,0xfbfbfbfb,0xfbfbfbfb,0x00000000
0x1311c92c,0xbd1a9c00,0xbd1a9c00,0x00000000
0x1311c930,0xfbfbfbfb,0xfbfbfbfb,0x00000000
0x1311c934,0xbd1a9300,0xbd1a9300,0x00000000
0x1311c938,0xfbfbfbfb,0xfbfbfbfb,0x00000000
0x1311c93c,0xbd1a9300,0xbd1a9300,0x00000000
0x1311c96c,0x2a2a2a2a,0x2a2a2a2a,0x00000000
0x1311c970,0x00e62a2a,0x00e62a2a,0x00000000
0x1311c974,0x2a2a2a2a,0x2a2a2a2a,0x00000000
0x1311c97c,0x2a2a2a2a,0x2a2a2a2a,0x00000000
0x1311c98c,0x2a2a2a90,0x2a2a2a90,0x00000000
0x1311c990,0x2a2a2a2a,0x2a2a2a2a,0x00000000
0x1311c994,0x2a2a2a04,0x2a2a2a04,0x00000000
0x1311c998,0x2a2a2a2a,0x2a2a2a2a,0x00000000
0x1311c99c,0x2a2a2a20,0x2a2a2a20,0x00000000
0x1311c9b4,0x00212a2a,0x00212a2a,0x00000000
0x1311c9bc,0x282a2a20,0x282a2a20,0x00000000
0x1311c9d0,0x28040000,0x28040000,0x00000000
0x1311ca2c,0x2a2a2a2a,0x2a2a2a2a,0x00000000
0x1311ca30,0x292a2a2a,0x292a2a2a,0x00000000
0x1311ca34,0x2a2a2a2a,0x2a2a2a2a,0x00000000
0x1311ca38,0x2a2a2a2a,0x2a2a2a2a,0x00000000
0x1311ca3c,0x2a2a2a2a,0x2a2a2a2a,0x00000000
0x1311ca4c,0x2a2a2a2a,0x2a2a2a2a,0x00000000
0x1311ca50,0x2a2a2a2a,0x2a2a2a2a,0x00000000
0x1311ca54,0x2a2920e6,0x2a2920e6,0x00000000
0x1311ca58,0x2a2a2a29,0x2a2a2a29,0x00000000
0x1311ca5c,0x05000000,0x05000000,0x00000000
0x1311ca6c,0x2a230000,0x2a230000,0x00000000
0x1311ca74,0x2a900000,0x2a900000,0x00000000
0x1311ca78,0x00902a2a,0x00902a2a,0x00000000
0x1311ca7c,0x05000000,0x05000000,0x00000000
0x1311ca8c,0xe6052229,0xe6052229,0x00000000
0x1311caac,0x2a220400,0x2a220400,0x00000000
0x1311cab0,0x0420282a,0x0420282a,0x00000000
0x1311cab4,0x2a2a2a28,0x2a2a2a28,0x00000000
0x1311cab8,0x04202023,0x04202023,0x00000000
0x1311cabc,0x2a2a2a2a,0x2a2a2a2a,0x00000000
0x1311cacc,0xfbfbfbfb,0xfbfbfbfb,0x00000000
0x1311cad0,0xfbfbfbfb,0xfbfbfbfb,0x00000000
0x1311cad4,0xfbfbfbfb,0xfbfbfbfb,0x00000000
0x1311cad8,0xfbfbfbfb,0xfbfbfbfb,0x00000000
0x1311cadc,0xfbfbfbfb,0xfbfbfbfb,0x00000000
0x1311cae0,0xfbfbfbfb,0xfbfbfbfb,0x00000000
0x1311cae4,0xfbfbfbfb,0xfbfbfbfb,0x00000000
0x1311cae8,0xfbfbfbfb,0xfbfbfbfb,0x00000000
0x1311caec,0xfbfbfbfb,0xfbfbfbfb,0x00000000
0x1311caf0,0xfbfbfbfb,0xfbfbfbfb,0x00000000
0x1311caf4,0xfbfbfbfb,0xfbfbfbfb,0x00000000
0x1311caf8,0xfbfbfbfb,0xfbfbfbfb,0x00000000
0x1311cafc,0xfbfbfbfb,0xfbfbfbfb,0x00000000
0x1311cb08,0xfbfbfbfb,0xfbfbfbfb,0x00000000
0x1311cb0c,0xfbfbfbfb,0xfbfbfbfb,0x00000000
0x1311cb10,0xfbfbfbfb,0xfbfbfbfb,0x00000000
0x1311cb14,0xfbfbfbfb,0xfbfbfbfb,0x00000000
0x1311cb18,0xfbfbfbfb,0xfbfbfbfb,0x00000000
0x1311cb1c,0xfbfbfbfb,0xfbfbfbfb,0x00000000
0x1311cb28,0xfbfbfbfb,0xfbfbfbfb,0x00000000
0x1311cb2c,0xfbfbfbfb,0xfbfbfbfb,0x00000000
0x1311cb30,0xfbfbfbfb,0xfbfbfbfb,0x00000000
0x1311cb34,0xfbfbfbfb,0xfbfbfbfb,0x00000000
0x1311cb38,0xfbfbfbfb,0xfbfbfbfb,0x00000000
0x1311cb3c,0xfbfbfbfb,0xfbfbfbfb,0x00000000
0x1311cb48,0xfbfbfbfb,0xfbfbfbfb,0x00000000
0x1311cb4c,0xfbfbfbfb,0xfbfbfbfb,0x00000000
0x1311cb50,0xfbfbfbfb,0xfbfbfbfb,0x00000000
0x1311cb54,0xfbfbfbfb,0xfbfbfbfb,0x00000000
0x1311cb58,0xfbfbfbfb,0xfbfbfbfb,0x00000000
0x1311cb5c,0xfbfbfbfb,0xfbfbfbfb,0x00000000
0x1311cb68,0xfbfbfbfb,0xfbfbfbfb,0x00000000
0x1311cb6c,0xfbfbfbfb,0xfbfbfbfb,0x00000000
0x1311cb70,0xfbfbfbfb,0xfbfbfbfb,0x00000000
0x1311cb74,0xfbfbfbfb,0xfbfbfbfb,0x00000000
0x1311cb78,0xfbfbfbfb,0xfbfbfbfb,0x00000000
0x1311cb7c,0xfbfbfbfb,0xfbfbfbfb,0x00000000
0x1311cb88,0xfbfbfbfb,0xfbfbfbfb,0x00000000
0x1311cb8c,0xfbfbfbfb,0xfbfbfbfb,0x00000000
0x1311cb90,0xfbfbfbfb,0xfbfbfbfb,0x00000000
0x1311cb94,0xfbfbfbfb,0xfbfbfbfb,0x00000000
0x1311cb98,0xfbfbfbfb,0xfbfbfbfb,0x00000000
0x1311cb9c,0xfbfbfbfb,0xfbfbfbfb,0x00000000
0x1311cbac,0xfbfbfbfb,0xfbfbfbfb,0x00000000
0x1311cbb0,0xfbfbfbfb,0xfbfbfbfb,0x00000000
0x1311cbb4,0xfbfbfbfb,0xfbfbfbfb,0x00000000
0x1311cbb8,0xfbfbfbfb,0xfbfbfbfb,0x00000000
0x1311cbbc,0xfbfbfbfb,0xfbfbfbfb,0x00000000
0x1311cbc8,0xfbfbfbfb,0xfbfbfbfb,0x00000000
0x1311cbcc,0xfbfbfbfb,0xfbfbfbfb,0x00000000
0x1311cbd0,0xfbfbfbfb,0xfbfbfbfb,0x00000000
0x1311cbd4,0xfbfbfbfb,0xfbfbfbfb,0x00000000
0x1311cbd8,0xfbfbfbfb,0xfbfbfbfb,0x00000000
0x1311cbdc,0xfbfbfbfb,0xfbfbfbfb,0x00000000
0x1311cbe8,0xfbfbfbfb,0xfbfbfbfb,0x00000000
0x1311cbec,0xfbfbfbfb,0xfbfbfbfb,0x00000000
0x1311cbf0,0xfbfbfbfb,0xfbfbfbfb,0x00000000
0x1311cbf4,0xfbfbfbfb,0xfbfbfbfb,0x00000000
0x1311cbf8,0xfbfbfbfb,0xfbfbfbfb,0x00000000
0x1311cbfc,0xfbfbfbfb,0xfbfbfbfb,0x00000000
0x1311cc0c,0xfbfbfbfb,0xfbfbfbfb,0x00000000
0x1311cc10,0xfbfbfbfb,0xfbfbfbfb,0x00000000
0x1311cc14,0xfbfbfbfb,0xfbfbfbfb,0x00000000
0x1311cc18,0xfbfbfbfb,0xfbfbfbfb,0x00000000
0x1311cc1c,0xfbfbfbfb,0xfbfbfbfb,0x00000000
0x1311cc2c,0xfbfbfbfb,0xfbfbfbfb,0x00000000
0x1311cc30,0xfbfbfbfb,0xfbfbfbfb,0x00000000
0x1311cc34,0xfbfbfbfb,0xfbfbfbfb,0x00000000
0x1311cc38,0xfbfbfbfb,0xfbfbfbfb,0x00000000
0x1311cc3c,0xfbfbfbfb,0xfbfbfbfb,0x00000000
0x1311cc4c,0xfbfbfbfb,0xfbfbfbfb,0x00000000
0x1311cc50,0xfbfbfbfb,0xfbfbfbfb,0x00000000
0x1311cc54,0xfbfbfbfb,0xfbfbfbfb,0x00000000
0x1311cc58,0xfbfbfbfb,0xfbfbfbfb,0x00000000
0x1311cc5c,0xfbfbfbfb,0xfbfbfbfb,0x00000000
0x1311cc6c,0xfbfbfbfb,0xfbfbfbfb,0x00000000
0x1311cc70,0xfbfbfbfb,0xfbfbfbfb,0x00000000
0x1311cc74,0xfbfbfbfb,0xfbfbfbfb,0x00000000
0x1311cc78,0xfbfbfbfb,0xfbfbfbfb,0x00000000
0x1311cc7c,0xfbfbfbfb,0xfbfbfbfb,0x00000000
0x1311cc8c,0xfbfbfbfb,0xfbfbfbfb,0x00000000
0x1311cc90,0xfbfbfbfb,0xfbfbfbfb,0x00000000
0x1311cc94,0xfbfbfbfb,0xfbfbfbfb,0x00000000
0x1311cc98,0xfbfbfbfb,0xfbfbfbfb,0x00000000
0x1311cc9c,0xfbfbfbfb,0xfbfbfbfb,0x00000000
0x1311ccac,0xfbfbfbfb,0xfbfbfbfb,0x00000000
0x1311ccb0,0xfbfbfbfb,0xfbfbfbfb,0x00000000
0x1311ccb4,0xfbfbfbfb,0xfbfbfbfb,0x00000000
0x1311ccb8,0xfbfbfbfb,0xfbfbfbfb,0x00000000
0x1311ccbc,0xfbfbfbfb,0xfbfbfbfb,0x00000000
0x1311cccc,0xfbfbfbfb,0xfbfbfbfb,0x00000000
0x1311ccd0,0xfbfbfbfb,0xfbfbfbfb,0x00000000
0x1311ccd4,0xfbfbfbfb,0xfbfbfbfb,0x00000000
0x1311ccd8,0xfbfbfbfb,0xfbfbfbfb,0x00000000
0x1311ccdc,0xfbfbfbfb,0xfbfbfbfb,0x00000000
0x1311ccec,0xfbfbfbfb,0xfbfbfbfb,0x00000000
0x1311ccf0,0xfbfbfbfb,0xfbfbfbfb,0x00000000
0x1311ccf4,0xfbfbfbfb,0xfbfbfbfb,0x00000000
0x1311ccf8,0xfbfbfbfb,0xfbfbfbfb,0x00000000
0x1311ccfc,0xfbfbfbfb,0xfbfbfbfb,0x00000000
0x1311cd0c,0xfbfbfbfb,0xfbfbfbfb,0x00000000
0x1311cd10,0xfbfbfbfb,0xfbfbfbfb,0x00000000
0x1311cd14,0xfbfbfbfb,0xfbfbfbfb,0x00000000
0x1311cd18,0xfbfbfbfb,0xfbfbfbfb,0x00000000
0x1311cd1c,0xfbfbfbfb,0xfbfbfbfb,0x00000000
0x1311cd28,0xfbfbfbfb,0xfbfbfbfb,0x00000000
0x1311cd2c,0xbdf00200,0xbdf00200,0x00000000
0x1311cd30,0xfbfbfbfb,0xfbfbfbfb,0x00000000
0x1311cd34,0x1a1a0200,0x1a1a0200,0x00000000
0x1311cd38,0xfbfbfbfb,0xfbfbfbfb,0x00000000
0x1311cd3c,0x1a1a0200,0x1a1a0200,0x00000000
0x1311cd6c,0x2a2a2a2a,0x2a2a2a2a,0x00000000
0x1311cd74,0x2a2a2a2a,0x2a2a2a2a,0x00000000
0x1311cd7c,0x2a2a2a2a,0x2a2a2a2a,0x00000000
0x1311cd8c,0x2a2a2a29,0x2a2a2a29,0x00000000
0x1311cd90,0x2a2a2a2a,0x2a2a2a2a,0x00000000
0x1311cd94,0x2a2a2a2a,0x2a2a2a2a,0x00000000
0x1311cd98,0x2a2a2a2a,0x2a2a2a2a,0x00000000
0x1311cd9c,0x2a2a2a2a,0x2a2a2a2a,0x00000000
0x1311cda8,0x00052a2a,0x00052a2a,0x00000000
0x1311cdac,0x21e60000,0x21e60000,0x00000000
0x1311cdb0,0x222a2a05,0x222a2a05,0x00000000
0x1311cdb8,0x2a2a9000,0x2a2a9000,0x00000000
0x1311ce0c,0x902a2a2a,0x902a2a2a,0x00000000
0x1311ce14,0x2a2a2a2a,0x2a2a2a2a,0x00000000
0x1311ce1c,0x2a2a2a2a,0x2a2a2a2a,0x00000000
0x1311ce28,0x2a2a2a2a,0x2a2a2a2a,0x00000000
0x1311ce2c,0x2a2a2a2a,0x2a2a2a2a,0x00000000
0x1311ce30,0x2a2a2a2a,0x2a2a2a2a,0x00000000
0x1311ce34,0x2a2a2a04,0x2a2a2a04,0x00000000
0x1311ce38,0x2a2a2a2a,0x2a2a2a2a,0x00000000
0x1311ce3c,0x2a299000,0x2a299000,0x00000000
0x1311ce48,0x21e60000,0x21e60000,0x00000000
0x1311ce70,0x2a2a0400,0x2a2a0400,0x00000000
0x1311ce78,0x2a220000,0x2a220000,0x00000000
0x1311ce7c,0x05282204,0x05282204,0x00000000
0x1311ce8c,0x05900000,0x05900000,0x00000000
0x1311ce90,0x23209000,0x23209000,0x00000000
0x1311cec8,0xfbfbfbfb,0xfbfbfbfb,0x00000000
0x1311cecc,0xfbfbfbfb,0xfbfbfbfb,0x00000000
0x1311ced0,0xfbfbfbfb,0xfbfbfbfb,0x00000000
0x1311ced4,0xfbfbfbfb,0xfbfbfbfb,0x00000000
0x1311ced8,0xfbfbfbfb,0xfbfbfbfb,0x00000000
0x1311cedc,0xfbfbfbfb,0xfbfbfbfb,0x00000000
0x1311ceec,0xfbfbfbfb,0xfbfbfbfb,0x00000000
0x1311cef0,0xfbfbfbfb,0xfbfbfbfb,0x00000000
0x1311cef4,0xfbfbfbfb,0xfbfbfbfb,0x00000000
0x1311cef8,0xfbfbfbfb,0xfbfbfbfb,0x00000000
0x1311cefc,0xfbfbfbfb,0xfbfbfbfb,0x00000000
0x1311cf08,0xfbfbfbfb,0xfbfbfbfb,0x00000000
0x1311cf0c,0xfbfbfbfb,0xfbfbfbfb,0x00000000
0x1311cf10,0xfbfbfbfb,0xfbfbfbfb,0x00000000
0x1311cf14,0xfbfbfbfb,0xfbfbfbfb,0x00000000
0x1311cf18,0xfbfbfbfb,0xfbfbfbfb,0x00000000
0x1311cf1c,0xfbfbfbfb,0xfbfbfbfb,0x00000000
0x1311cf2c,0xfbfbfbfb,0xfbfbfbfb,0x00000000
0x1311cf30,0xfbfbfbfb,0xfbfbfbfb,0x00000000
0x1311cf34,0xfbfbfbfb,0xfbfbfbfb,0x00000000
0x1311cf38,0xfbfbfbfb,0xfbfbfbfb,0x00000000
0x1311cf3c,0xfbfbfbfb,0xfbfbfbfb,0x00000000
0x1311cf4c,0xfbfbfbfb,0xfbfbfbfb,0x00000000
0x1311cf50,0xfbfbfbfb,0xfbfbfbfb,0x00000000
0x1311cf54,0xfbfbfbfb,0xfbfbfbfb,0x00000000
0x1311cf58,0xfbfbfbfb,0xfbfbfbfb,0x00000000
0x1311cf5c,0xfbfbfbfb,0xfbfbfbfb,0x00000000
0x1311cf6c,0xfbfbfbfb,0xfbfbfbfb,0x00000000
0x1311cf70,0xfbfbfbfb,0xfbfbfbfb,0x00000000
0x1311cf74,0xfbfbfbfb,0xfbfbfbfb,0x00000000
0x1311cf78,0xfbfbfbfb,0xfbfbfbfb,0x00000000
0x1311cf7c,0xfbfbfbfb,0xfbfbfbfb,0x00000000
0x1311cf8c,0xfbfbfbfb,0xfbfbfbfb,0x00000000
0x1311cf90,0xfbfbfbfb,0xfbfbfbfb,0x00000000
0x1311cf94,0xfbfbfbfb,0xfbfbfbfb,0x00000000
0x1311cf98,0xfbfbfbfb,0xfbfbfbfb,0x00000000
0x1311cf9c,0xfbfbfbfb,0xfbfbfbfb,0x00000000
0x1311cfac,0xfbfbfbfb,0xfbfbfbfb,0x00000000
0x1311cfb0,0xfbfbfbfb,0xfbfbfbfb,0x00000000
0x1311cfb4,0xfbfbfbfb,0xfbfbfbfb,0x00000000
0x1311cfb8,0xfbfbfbfb,0xfbfbfbfb,0x00000000
0x1311cfbc,0xfbfbfbfb,0xfbfbfbfb,0x00000000
0x1311cfcc,0xfbfbfbfb,0xfbfbfbfb,0x00000000
0x1311cfd0,0xfbfbfbfb,0xfbfbfbfb,0x00000000
0x1311cfd4,0xfbfbfbfb,0xfbfbfbfb,0x00000000
0x1311cfd8,0xfbfbfbfb,0xfbfbfbfb,0x00000000
0x1311cfdc,0xfbfbfbfb,0xfbfbfbfb,0x00000000
0x1311cfec,0xfbfbfbfb,0xfbfbfbfb,0x00000000
0x1311cff0,0xfbfbfbfb,0xfbfbfbfb,0x00000000
0x1311cff4,0xfbfbfbfb,0xfbfbfbfb,0x00000000
0x1311cff8,0xfbfbfbfb,0xfbfbfbfb,0x00000000
0x1311cffc,0xfbfbfbfb,0xfbfbfbfb,0x00000000
0x1311d010,0xfbfbfbfb,0xfbfbfbfb,0x00000000
0x1311d014,0xfbfbfbfb,0xfbfbfbfb,0x00000000
0x1311d018,0xfbfbfbfb,0xfbfbfbfb,0x00000000
0x1311d01c,0xfbfbfbfb,0xfbfbfbfb,0x00000000
0x1311d02c,0xfbfbfbfb,0xfbfbfbfb,0x00000000
0x1311d030,0xfbfbfbfb,0xfbfbfbfb,0x00000000
0x1311d034,0xfbfbfbfb,0xfbfbfbfb,0x00000000
0x1311d038,0xfbfbfbfb,0xfbfbfbfb,0x00000000
0x1311d03c,0xfbfbfbfb,0xfbfbfbfb,0x00000000
0x1311d04c,0xfbfbfbfb,0xfbfbfbfb,0x00000000
0x1311d050,0xfbfbfbfb,0xfbfbfbfb,0x00000000
0x1311d054,0xfbfbfbfb,0xfbfbfbfb,0x00000000
0x1311d058,0xfbfbfbfb,0xfbfbfbfb,0x00000000
0x1311d05c,0xfbfbfbfb,0xfbfbfbfb,0x00000000
0x1311d068,0xfbfbfbfb,0xfbfbfbfb,0x00000000
0x1311d06c,0xfbfbfbfb,0xfbfbfbfb,0x00000000
0x1311d070,0xfbfbfbfb,0xfbfbfbfb,0x00000000
0x1311d074,0xfbfbfbfb,0xfbfbfbfb,0x00000000
0x1311d078,0xfbfbfbfb,0xfbfbfbfb,0x00000000
0x1311d07c,0xfbfbfbfb,0xfbfbfbfb,0x00000000
0x1311d088,0xfbfbfbfb,0xfbfbfbfb,0x00000000
0x1311d090,0xfbfbfbfb,0xfbfbfbfb,0x00000000
0x1311d094,0xfbfbfbfb,0xfbfbfbfb,0x00000000
0x1311d098,0xfbfbfbfb,0xfbfbfbfb,0x00000000
0x1311d09c,0xfbfbfbfb,0xfbfbfbfb,0x00000000
0x1311d0ac,0xfbfbfbfb,0xfbfbfbfb,0x00000000
0x1311d0b0,0xfbfbfbfb,0xfbfbfbfb,0x00000000
0x1311d0b4,0xfbfbfbfb,0xfbfbfbfb,0x00000000
0x1311d0b8,0xfbfbfbfb,0xfbfbfbfb,0x00000000
0x1311d0bc,0xfbfbfbfb,0xfbfbfbfb,0x00000000
0x1311d0cc,0xfbfbfbfb,0xfbfbfbfb,0x00000000
0x1311d0d0,0xfbfbfbfb,0xfbfbfbfb,0x00000000
0x1311d0d4,0xfbfbfbfb,0xfbfbfbfb,0x00000000
0x1311d0d8,0xfbfbfbfb,0xfbfbfbfb,0x00000000
0x1311d0dc,0xfbfbfbfb,0xfbfbfbfb,0x00000000
0x1311d0e8,0xfbfbfbfb,0xfbfbfbfb,0x00000000
0x1311d0ec,0xfbfbfbfb,0xfbfbfbfb,0x00000000
0x1311d0f0,0xfbfbfbfb,0xfbfbfbfb,0x00000000
0x1311d0f4,0xfbfbfbfb,0xfbfbfbfb,0x00000000
0x1311d0f8,0xfbfbfbfb,0xfbfbfbfb,0x00000000
0x1311d0fc,0xfbfbfbfb,0xfbfbfbfb,0x00000000
0x1311d10c,0xfbfbfbfb,0xfbfbfbfb,0x00000000
0x1311d110,0xfbfbfbfb,0xfbfbfbfb,0x00000000
0x1311d114,0xfbfbfbfb,0xfbfbfbfb,0x00000000
0x1311d118,0xfbfbfbfb,0xfbfbfbfb,0x00000000
0x1311d11c,0xfbfbfbfb,0xfbfbfbfb,0x00000000
0x1311d128,0xfbfbfbfb,0xfbfbfbfb,0x00000000
0x1311d12c,0x1a1a0200,0x1a1a0200,0x00000000
0x1311d130,0xfbfbfbfb,0xfbfbfbfb,0x00000000
0x1311d134,0x1a1a0200,0x1a1a0200,0x00000000
0x1311d138,0xfbfbfbfb,0xfbfbfbfb,0x00000000
0x1311d13c,0x1a1a0200,0x1a1a0200,0x00000000
0x1311d16c,0x2a2a2a2a,0x2a2a2a2a,0x00000000
0x1311d174,0x212a2a2a,0x212a2a2a,0x00000000
0x1311d17c,0x00212a2a,0x00212a2a,0x00000000
0x1311d18c,0x2a2a2a2a,0x2a2a2a2a,0x00000000
0x1311d190,0x2a2a2a2a,0x2a2a2a2a,0x00000000
0x1311d194,0x2a2a2a2a,0x2a2a2a2a,0x00000000
0x1311d198,0x2a2a2a2a,0x2a2a2a2a,0x00000000
0x1311d19c,0x2a2a2a2a,0x2a2a2a2a,0x00000000
0x1311d1a8,0x23000000,0x23000000,0x00000000
0x1311d1b0,0x29000000,0x29000000,0x00000000
0x1311d1b8,0x2a900000,0x2a900000,0x00000000
0x1311d20c,0x2a2a2a2a,0x2a2a2a2a,0x00000000
0x1311d210,0x042a2a2a,0x042a2a2a,0x00000000
0x1311d214,0x2a2a2a2a,0x2a2a2a2a,0x00000000
0x1311d218,0x2a2a2a2a,0x2a2a2a2a,0x00000000
0x1311d21c,0x2a2a2a2a,0x2a2a2a2a,0x00000000
0x1311d228,0x2a2a2a21,0x2a2a2a21,0x00000000
0x1311d230,0x2a2a2100,0x2a2a2100,0x00000000
0x1311d238,0x2a210000,0x2a210000,0x00000000
0x1311d24c,0x00902a2a,0x00902a2a,0x00000000
0x1311d254,0x00282a2a,0x00282a2a,0x00000000
0x1311d25c,0x052a2a23,0x052a2a23,0x00000000
0x1311d270,0x29050000,0x29050000,0x00000000
0x1311d278,0x90000000,0x90000000,0x00000000
0x1311d2c8,0xfbfbfbfb,0xfbfbfbfb,0x00000000
0x1311d2cc,0xfbfbfbfb,0xfbfbfbfb,0x00000000
0x1311d2d0,0xfbfbfbfb,0xfbfbfbfb,0x00000000
0x1311d2d4,0xfbfbfbfb,0xfbfbfbfb,0x00000000
0x1311d2d8,0xfbfbfbfb,0xfbfbfbfb,0x00000000
0x1311d2dc,0xfbfbfbfb,0xfbfbfbfb,0x00000000
0x1311d2e8,0xfbfbfbfb,0xfbfbfbfb,0x00000000
0x1311d2ec,0xfbfbfbfb,0xfbfbfbfb,0x00000000
0x1311d2f0,0xfbfbfbfb,0xfbfbfbfb,0x00000000
0x1311d2f4,0xfbfbfbfb,0xfbfbfbfb,0x00000000
0x1311d2f8,0xfbfbfbfb,0xfbfbfbfb,0x00000000
0x1311d2fc,0xfbfbfbfb,0xfbfbfbfb,0x00000000
0x1311d308,0xfbfbfbfb,0xfbfbfbfb,0x00000000
0x1311d30c,0xfbfbfbfb,0xfbfbfbfb,0x00000000
0x1311d310,0xfbfbfbfb,0xfbfbfbfb,0x00000000
0x1311d314,0xfbfbfbfb,0xfbfbfbfb,0x00000000
0x1311d318,0xfbfbfbfb,0xfbfbfbfb,0x00000000
0x1311d31c,0xfbfbfbfb,0xfbfbfbfb,0x00000000
0x1311d32c,0xfbfbfbfb,0xfbfbfbfb,0x00000000
0x1311d330,0xfbfbfbfb,0xfbfbfbfb,0x00000000
0x1311d334,0xfbfbfbfb,0xfbfbfbfb,0x00000000
0x1311d338,0xfbfbfbfb,0xfbfbfbfb,0x00000000
0x1311d33c,0xfbfbfbfb,0xfbfbfbfb,0x00000000
0x1311d348,0xfbfbfbfb,0xfbfbfbfb,0x00000000
0x1311d34c,0xfbfbfbfb,0xfbfbfbfb,0x00000000
0x1311d350,0xfbfbfbfb,0xfbfbfbfb,0x00000000
0x1311d354,0xfbfbfbfb,0xfbfbfbfb,0x00000000
0x1311d358,0xfbfbfbfb,0xfbfbfbfb,0x00000000
0x1311d35c,0xfbfbfbfb,0xfbfbfbfb,0x00000000
0x1311d368,0xfbfbfbfb,0xfbfbfbfb,0x00000000
0x1311d36c,0xfbfbfbfb,0xfbfbfbfb,0x00000000
0x1311d370,0xfbfbfbfb,0xfbfbfbfb,0x00000000
0x1311d374,0xfbfbfbfb,0xfbfbfbfb,0x00000000
0x1311d378,0xfbfbfbfb,0xfbfbfbfb,0x00000000
0x1311d37c,0xfbfbfbfb,0xfbfbfbfb,0x00000000
0x1311d388,0xfbfbfbfb,0xfbfbfbfb,0x00000000
0x1311d38c,0xfbfbfbfb,0xfbfbfbfb,0x00000000
0x1311d390,0xfbfbfbfb,0xfbfbfbfb,0x00000000
0x1311d394,0xfbfbfbfb,0xfbfbfbfb,0x00000000
0x1311d398,0xfbfbfbfb,0xfbfbfbfb,0x00000000
0x1311d39c,0xfbfbfbfb,0xfbfbfbfb,0x00000000
0x1311d3a8,0xfbfbfbfb,0xfbfbfbfb,0x00000000
0x1311d3b0,0xfbfbfbfb,0xfbfbfbfb,0x00000000
0x1311d3b4,0xfbfbfbfb,0xfbfbfbfb,0x00000000
0x1311d3b8,0xfbfbfbfb,0xfbfbfbfb,0x00000000
0x1311d3bc,0xfbfbfbfb,0xfbfbfbfb,0x00000000
0x1311d3c8,0xfbfbfbfb,0xfbfbfbfb,0x00000000
0x1311d3d0,0xfbfbfbfb,0xfbfbfbfb,0x00000000
0x1311d3d4,0xfbfbfbfb,0xfbfbfbfb,0x00000000
0x1311d3d8,0xfbfbfbfb,0xfbfbfbfb,0x00000000
0x1311d3dc,0xfbfbfbfb,0xfbfbfbfb,0x00000000
0x1311d3e8,0xfbfbfbfb,0xfbfbfbfb,0x00000000
0x1311d3f0,0xfbfbfbfb,0xfbfbfbfb,0x00000000
0x1311d3f4,0xfbfbfbfb,0xfbfbfbfb,0x00000000
0x1311d3f8,0xfbfbfbfb,0xfbfbfbfb,0x00000000
0x1311d3fc,0xfbfbfbfb,0xfbfbfbfb,0x00000000
0x1311d408,0xfbfbfbfb,0xfbfbfbfb,0x00000000
0x1311d40c,0xfbfbfbfb,0xfbfbfbfb,0x00000000
0x1311d410,0xfbfbfbfb,0xfbfbfbfb,0x00000000
0x1311d414,0xfbfbfbfb,0xfbfbfbfb,0x00000000
0x1311d418,0xfbfbfbfb,0xfbfbfbfb,0x00000000
0x1311d41c,0xfbfbfbfb,0xfbfbfbfb,0x00000000
0x1311d428,0xfbfbfbfb,0xfbfbfbfb,0x00000000
0x1311d430,0xfbfbfbfb,0xfbfbfbfb,0x00000000
0x1311d434,0xfbfbfbfb,0xfbfbfbfb,0x00000000
0x1311d438,0xfbfbfbfb,0xfbfbfbfb,0x00000000
0x1311d43c,0xfbfbfbfb,0xfbfbfbfb,0x00000000
0x1311d448,0xfbfbfbfb,0xfbfbfbfb,0x00000000
0x1311d450,0xfbfbfbfb,0xfbfbfbfb,0x00000000
0x1311d454,0xfbfbfbfb,0xfbfbfbfb,0x00000000
0x1311d458,0xfbfbfbfb,0xfbfbfbfb,0x00000000
0x1311d45c,0xfbfbfbfb,0xfbfbfbfb,0x00000000
0x1311d468,0xfbfbfbfb,0xfbfbfbfb,0x00000000
0x1311d470,0xfbfbfbfb,0xfbfbfbfb,0x00000000
0x1311d474,0xfbfbfbfb,0xfbfbfbfb,0x00000000
0x1311d478,0xfbfbfbfb,0xfbfbfbfb,0x00000000
0x1311d47c,0xfbfbfbfb,0xfbfbfbfb,0x00000000
0x1311d488,0xfbfbfbfb,0xfbfbfbfb,0x00000000
0x1311d48c,0xfbfbfbfb,0xfbfbfbfb,0x00000000
0x1311d490,0xfbfbfbfb,0xfbfbfbfb,0x00000000
0x1311d494,0xfbfbfbfb,0xfbfbfbfb,0x00000000
0x1311d498,0xfbfbfbfb,0xfbfbfbfb,0x00000000
0x1311d49c,0xfbfbfbfb,0xfbfbfbfb,0x00000000
0x1311d4ac,0xfbfbfbfb,0xfbfbfbfb,0x00000000
0x1311d4b0,0xfbfbfbfb,0xfbfbfbfb,0x00000000
0x1311d4b4,0xfbfbfbfb,0xfbfbfbfb,0x00000000
0x1311d4b8,0xfbfbfbfb,0xfbfbfbfb,0x00000000
0x1311d4bc,0xfbfbfbfb,0xfbfbfbfb,0x00000000
0x1311d4c8,0xfbfbfbfb,0xfbfbfbfb,0x00000000
0x1311d4cc,0xfbfbfbfb,0xfbfbfbfb,0x00000000
0x1311d4d0,0xfbfbfbfb,0xfbfbfbfb,0x00000000
0x1311d4d4,0xfbfbfbfb,0xfbfbfbfb,0x00000000
0x1311d4d8,0xfbfbfbfb,0xfbfbfbfb,0x00000000
0x1311d4dc,0xfbfbfbfb,0xfbfbfbfb,0x00000000
0x1311d4e8,0xfbfbfbfb,0xfbfbfbfb,0x00000000
0x1311d4ec,0xfbfbfbfb,0xfbfbfbfb,0x00000000
0x1311d4f0,0xfbfbfbfb,0xfbfbfbfb,0x00000000
0x1311d4f4,0xfbfbfbfb,0xfbfbfbfb,0x00000000
0x1311d4f8,0xfbfbfbfb,0xfbfbfbfb,0x00000000
0x1311d508,0xfbfbfbfb,0xfbfbfbfb,0x00000000
0x1311d50c,0xfbfbfbfb,0xfbfbfbfb,0x00000000
0x1311d510,0xfbfbfbfb,0xfbfbfbfb,0x00000000
0x1311d514,0xfbfbfbfb,0xfbfbfbfb,0x00000000
0x1311d518,0xfbfbfbfb,0xfbfbfbfb,0x00000000
0x1311d534,0x1a1a0200,0x1a1a0200,0x00000000
0x1311d538,0xfbfbfbfb,0xfbfbfbfb,0x00000000
0x1311d53c,0x1a1a0200,0x1a1a0200,0x00000000
0x1311d6c8,0xfbfbfbfb,0xfbfbfbfb,0x00000000
0x1311d6d0,0xfbfbfbfb,0xfbfbfbfb,0x00000000
0x1311d6d4,0xfbfbfbfb,0xfbfbfbfb,0x00000000
0x1311d6d8,0xfbfbfbfb,0xfbfbfbfb,0x00000000
0x1311d6dc,0xfbfbfbfb,0xfbfbfbfb,0x00000000
0x1311d6e8,0xfbfbfbfb,0xfbfbfbfb,0x00000000
0x1311d6ec,0xfbfbfbfb,0xfbfbfbfb,0x00000000
0x1311d6f0,0xfbfbfbfb,0xfbfbfbfb,0x00000000
0x1311d6f4,0xfbfbfbfb,0xfbfbfbfb,0x00000000
0x1311d6f8,0xfbfbfbfb,0xfbfbfbfb,0x00000000
0x1311d6fc,0xfbfbfbfb,0xfbfbfbfb,0x00000000
0x1311d708,0xfbfbfbfb,0xfbfbfbfb,0x00000000
0x1311d70c,0xfbfbfbfb,0xfbfbfbfb,0x00000000
0x1311d710,0xfbfbfbfb,0xfbfbfbfb,0x00000000
0x1311d714,0xfbfbfbfb,0xfbfbfbfb,0x00000000
0x1311d718,0xfbfbfbfb,0xfbfbfbfb,0x00000000
0x1311d71c,0xfbfbfbfb,0xfbfbfbfb,0x00000000
0x1311d72c,0xfbfbfbfb,0xfbfbfbfb,0x00000000
0x1311d730,0xfbfbfbfb,0xfbfbfbfb,0x00000000
0x1311d734,0xfbfbfbfb,0xfbfbfbfb,0x00000000
0x1311d738,0xfbfbfbfb,0xfbfbfbfb,0x00000000
0x1311d73c,0xfbfbfbfb,0xfbfbfbfb,0x00000000
0x1311d748,0xfbfbfbfb,0xfbfbfbfb,0x00000000
0x1311d750,0xfbfbfbfb,0xfbfbfbfb,0x00000000
0x1311d754,0xfbfbfbfb,0xfbfbfbfb,0x00000000
0x1311d758,0xfbfbfbfb,0xfbfbfbfb,0x00000000
0x1311d75c,0xfbfbfbfb,0xfbfbfbfb,0x00000000
0x1311d768,0xfbfbfbfb,0xfbfbfbfb,0x00000000
0x1311d76c,0xfbfbfbfb,0xfbfbfbfb,0x00000000
0x1311d770,0xfbfbfbfb,0xfbfbfbfb,0x00000000
0x1311d774,0xfbfbfbfb,0xfbfbfbfb,0x00000000
0x1311d778,0xfbfbfbfb,0xfbfbfbfb,0x00000000
0x1311d77c,0xfbfbfbfb,0xfbfbfbfb,0x00000000
0x1311d788,0xfbfbfbfb,0xfbfbfbfb,0x00000000
0x1311d78c,0xfbfbfbfb,0xfbfbfbfb,0x00000000
0x1311d790,0xfbfbfbfb,0xfbfbfbfb,0x00000000
0x1311d794,0xfbfbfbfb,0xfbfbfbfb,0x00000000
0x1311d798,0xfbfbfbfb,0xfbfbfbfb,0x00000000
0x1311d79c,0xfbfbfbfb,0xfbfbfbfb,0x00000000
0x1311d7a8,0xfbfbfbfb,0xfbfbfbfb,0x00000000
0x1311d7ac,0xfbfbfbfb,0xfbfbfbfb,0x00000000
0x1311d7b0,0xfbfbfbfb,0xfbfbfbfb,0x00000000
0x1311d7b4,0xfbfbfbfb,0xfbfbfbfb,0x00000000
0x1311d7b8,0xfbfbfbfb,0xfbfbfbfb,0x00000000
0x1311d7bc,0xfbfbfbfb,0xfbfbfbfb,0x00000000
0x1311d7c8,0xfbfbfbfb,0xfbfbfbfb,0x00000000
0x1311d7cc,0xfbfbfbfb,0xfbfbfbfb,0x00000000
0x1311d7d0,0xfbfbfbfb,0xfbfbfbfb,0x00000000
0x1311d7d4,0xfbfbfbfb,0xfbfbfbfb,0x00000000
0x1311d7d8,0xfbfbfbfb,0xfbfbfbfb,0x00000000
0x1311d7dc,0xfbfbfbfb,0xfbfbfbfb,0x00000000
0x1311d7e8,0xfbfbfbfb,0xfbfbfbfb,0x00000000
0x1311d7ec,0xfbfbfbfb,0xfbfbfbfb,0x00000000
0x1311d7f0,0xfbfbfbfb,0xfbfbfbfb,0x00000000
0x1311d7f4,0xfbfbfbfb,0xfbfbfbfb,0x00000000
0x1311d7f8,0xfbfbfbfb,0xfbfbfbfb,0x00000000
0x1311d7fc,0xfbfbfbfb,0xfbfbfbfb,0x00000000
0x1311d808,0xfbfbfbfb,0xfbfbfbfb,0x00000000
0x1311d80c,0xfbfbfbfb,0xfbfbfbfb,0x00000000
0x1311d810,0xfbfbfbfb,0xfbfbfbfb,0x00000000
0x1311d814,0xfbfbfbfb,0xfbfbfbfb,0x00000000
0x1311d818,0xfbfbfbfb,0xfbfbfbfb,0x00000000
0x1311d81c,0xfbfbfbfb,0xfbfbfbfb,0x00000000
0x1311d828,0xfbfbfbfb,0xfbfbfbfb,0x00000000
0x1311d82c,0xfbfbfbfb,0xfbfbfbfb,0x00000000
0x1311d830,0xfbfbfbfb,0xfbfbfbfb,0x00000000
0x1311d834,0xfbfbfbfb,0xfbfbfbfb,0x00000000
0x1311d838,0xfbfbfbfb,0xfbfbfbfb,0x00000000
0x1311d83c,0xfbfbfbfb,0xfbfbfbfb,0x00000000
0x1311d848,0xfbfbfbfb,0xfbfbfbfb,0x00000000
0x1311d84c,0xfbfbfbfb,0xfbfbfbfb,0x00000000
0x1311d850,0xfbfbfbfb,0xfbfbfbfb,0x00000000
0x1311d854,0xfbfbfbfb,0xfbfbfbfb,0x00000000
0x1311d858,0xfbfbfbfb,0xfbfbfbfb,0x00000000
0x1311d85c,0xfbfbfbfb,0xfbfbfbfb,0x00000000
0x1311d868,0xfbfbfbfb,0xfbfbfbfb,0x00000000
0x1311d86c,0xfbfbfbfb,0xfbfbfbfb,0x00000000
0x1311d870,0xfbfbfbfb,0xfbfbfbfb,0x00000000
0x1311d874,0xfbfbfbfb,0xfbfbfbfb,0x00000000
0x1311d878,0xfbfbfbfb,0xfbfbfbfb,0x00000000
0x1311d87c,0xfbfbfbfb,0xfbfbfbfb,0x00000000
0x1311d888,0xfbfbfbfb,0xfbfbfbfb,0x00000000
0x1311d88c,0xfbfbfbfb,0xfbfbfbfb,0x00000000
0x1311d890,0xfbfbfbfb,0xfbfbfbfb,0x00000000
0x1311d894,0xfbfbfbfb,0xfbfbfbfb,0x00000000
0x1311d898,0xfbfbfbfb,0xfbfbfbfb,0x00000000
0x1311d89c,0xfbfbfbfb,0xfbfbfbfb,0x00000000
0x1311d8a8,0xfbfbfbfb,0xfbfbfbfb,0x00000000
0x1311d8ac,0xfbfbfbfb,0xfbfbfbfb,0x00000000
0x1311d8b0,0xfbfbfbfb,0xfbfbfbfb,0x00000000
0x1311d8b4,0xfbfbfbfb,0xfbfbfbfb,0x00000000
0x1311d8b8,0xfbfbfbfb,0xfbfbfbfb,0x00000000
0x1311d8bc,0xfbfbfbfb,0xfbfbfbfb,0x00000000
0x1311d8c8,0xfbfbfbfb,0xfbfbfbfb,0x00000000
0x1311d8cc,0xfbfbfbfb,0xfbfbfbfb,0x00000000
0x1311d8d0,0xfbfbfbfb,0xfbfbfbfb,0x00000000
0x1311d8d4,0xfbfbfbfb,0xfbfbfbfb,0x00000000
0x1311d8d8,0xfbfbfbfb,0xfbfbfbfb,0x00000000
0x1311d8dc,0xfbfbfbfb,0xfbfbfbfb,0x00000000
0x1311d8e8,0xfbfbfbfb,0xfbfbfbfb,0x00000000
0x1311d8ec,0xfbfbfbfb,0xfbfbfbfb,0x00000000
0x1311d8f0,0xfbfbfbfb,0xfbfbfbfb,0x00000000
0x1311d8f4,0xfbfbfbfb,0xfbfbfbfb,0x00000000
0x1311d8f8,0xfbfbfbfb,0xfbfbfbfb,0x00000000
0x1311d8fc,0xfbfbfbfb,0xfbfbfbfb,0x00000000
0x1311d908,0xfbfbfbfb,0xfbfbfbfb,0x00000000
0x1311d910,0xfbfbfbfb,0xfbfbfbfb,0x00000000
0x1311d914,0xfbfbfbfb,0xfbfbfbfb,0x00000000
0x1311d918,0xfbfbfbfb,0xfbfbfbfb,0x00000000
0x1311d91c,0xfbfbfbfb,0xfbfbfbfb,0x00000000
0x1311d928,0xfbfbfbfb,0xfbfbfbfb,0x00000000
0x1311d92c,0x1a1a0200,0x1a1a0200,0x00000000
0x1311d930,0xfbfbfbfb,0xfbfbfbfb,0x00000000
0x1311d934,0x1a1a0200,0x1a1a0200,0x00000000
0x1311d938,0xfbfbfbfb,0xfbfbfbfb,0x00000000
0x1311d93c,0x1a1a0200,0x1a1a0200,0x00000000
0x1311d988,0x222a2a2a,0x222a2a2a,0x00000000
0x1311d990,0x202a2a29,0x202a2a29,0x00000000
0x1311d994,0x05000000,0x05000000,0x00000000
0x1311d998,0x20280500,0x20280500,0x00000000
0x1311d9dc,0x90202228,0x90202228,0x00000000
0x1311d9ec,0x292a2a2a,0x292a2a2a,0x00000000
0x1311d9f4,0x2a2a2a2a,0x2a2a2a2a,0x00000000
0x1311d9f8,0x2828232a,0x2828232a,0x00000000
0x1311d9fc,0x2a2a2a2a,0x2a2a2a2a,0x00000000
0x1311da08,0x2a2a2a2a,0x2a2a2a2a,0x00000000
0x1311da0c,0x22000000,0x22000000,0x00000000
0x1311da10,0x2a2a2a29,0x2a2a2a29,0x00000000
0x1311da14,0xe6000000,0xe6000000,0x00000000
0x1311da18,0x2a2a2a90,0x2a2a2a90,0x00000000
0x1311da3c,0x00222200,0x00222200,0x00000000
0x1311da48,0x23292a05,0x23292a05,0x00000000
0x1311da50,0x042a2900,0x042a2900,0x00000000
0x1311da58,0x292a0500,0x292a0500,0x00000000
0x1311db10,0xfbfbfbfb,0xfbfbfbfb,0x00000000
0x1311db80,0xfbfbfbfb,0xfbfbfbfb,0x00000000
0x1311db90,0xfbfbfbfb,0xfbfbfbfb,0x00000000
0x1311dba0,0xfbfbfbfb,0xfbfbfbfb,0x00000000
0x1311dbc8,0xfbfbfbfb,0xfbfbfbfb,0x00000000
0x1311dbd0,0xfbfbfbfb,0xfbfbfbfb,0x00000000
0x1311dbd4,0xfbfbfbfb,0xfbfbfbfb,0x00000000
0x1311dbd8,0xfbfbfbfb,0xfbfbfbfb,0x00000000
0x1311dbe0,0xfbfbfbfb,0xfbfbfbfb,0x00000000
0x1311dbec,0xfbfbfbfb,0xfbfbfbfb,0x00000000
0x1311dbf0,0xfbfbfbfb,0xfbfbfbfb,0x00000000
0x1311dbfc,0xfbfbfbfb,0xfbfbfbfb,0x00000000
0x1311dc00,0xfbfbfbfb,0xfbfbfbfb,0x00000000
0x1311dc04,0xfbfbfbfb,0xfbfbfbfb,0x00000000
0x1311dc0c,0xfbfbfbfb,0xfbfbfbfb,0x00000000
0x1311dc10,0xfbfbfbfb,0xfbfbfbfb,0x00000000
0x1311dc1c,0xfbfbfbfb,0xfbfbfbfb,0x00000000
0x1311dc20,0xfbfbfbfb,0xfbfbfbfb,0x00000000
0x1311dc24,0xfbfbfbfb,0xfbfbfbfb,0x00000000
0x1311dc30,0xfbfbfbfb,0xfbfbfbfb,0x00000000
0x1311dc34,0xfbfbfbfb,0xfbfbfbfb,0x00000000
0x1311dc40,0xfbfbfbfb,0xfbfbfbfb,0x00000000
0x1311dc44,0xfbfbfbfb,0xfbfbfbfb,0x00000000
0x1311dc48,0xfbfbfbfb,0xfbfbfbfb,0x00000000
0x1311dc54,0xfbfbfbfb,0xfbfbfbfb,0x00000000
0x1311dc58,0xfbfbfbfb,0xfbfbfbfb,0x00000000
0x1311dc60,0xfbfbfbfb,0xfbfbfbfb,0x00000000
0x1311dc64,0xfbfbfbfb,0xfbfbfbfb,0x00000000
0x1311dc6c,0xfbfbfbfb,0xfbfbfbfb,0x00000000
0x1311dc9c,0xfbfbfbfb,0xfbfbfbfb,0x00000000
0x1311dca0,0xfbfbfbfb,0xfbfbfbfb,0x00000000
0x1311dca4,0xfbfbfbfb,0xfbfbfbfb,0x00000000
0x1311dcb8,0xfbfbfbfb,0xfbfbfbfb,0x00000000
0x1311dcc0,0xfbfbfbfb,0xfbfbfbfb,0x00000000
0x1311dcc4,0xfbfbfbfb,0xfbfbfbfb,0x00000000
0x1311dcc8,0xfbfbfbfb,0xfbfbfbfb,0x00000000
0x1311dcd8,0xfbfbfbfb,0xfbfbfbfb,0x00000000
0x1311dcdc,0xfbfbfbfb,0xfbfbfbfb,0x00000000
0x1311dce0,0xfbfbfbfb,0xfbfbfbfb,0x00000000
0x1311dce4,0xfbfbfbfb,0xfbfbfbfb,0x00000000
0x1311dce8,0xfbfbfbfb,0xfbfbfbfb,0x00000000
0x1311dcec,0xfbfbfbfb,0xfbfbfbfb,0x00000000
0x1311dd1c,0xfbfbfbfb,0xfbfbfbfb,0x00000000
0x1311dd20,0xfbfbfbfb,0xfbfbfbfb,0x00000000
0x1311dd24,0x1a1a0200,0x1a1a0200,0x00000000
0x1311dd28,0xfbfbfbfb,0xfbfbfbfb,0x00000000
0x1311dd2c,0x1a1a0200,0x1a1a0200,0x00000000
0x1311dd38,0xfbfbfbfb,0xfbfbfbfb,0x00000000
0x1311dd3c,0x1a1a0200,0x1a1a0200,0x00000000
0x1311ddc0,0x00e62029,0x00e62029,0x00000000
0x1311ddc4,0x2a2a2a2a,0x2a2a2a2a,0x00000000
0x1311ddc8,0x90292a2a,0x90292a2a,0x00000000
0x1311ddcc,0x28200490,0x28200490,0x00000000
0x1311dde0,0x2a2a2a2a,0x2a2a2a2a,0x00000000
0x1311dde4,0x2a2a2a2a,0x2a2a2a2a,0x00000000
0x1311dde8,0xe6e6292a,0xe6e6292a,0x00000000
0x1311ddec,0x2a2a2a2a,0x2a2a2a2a,0x00000000
0x1311ddf8,0x00232a2a,0x00232a2a,0x00000000
0x1311ddfc,0x2a2a2a2a,0x2a2a2a2a,0x00000000
0x1311de00,0x2a2a2904,0x2a2a2904,0x00000000
0x1311de04,0xe6000000,0xe6000000,0x00000000
0x1311de08,0x2a2a2a2a,0x2a2a2a2a,0x00000000
0x1311de0c,0x29220400,0x29220400,0x00000000
0x1311de18,0x29000000,0x29000000,0x00000000
0x1311de24,0x22220004,0x22220004,0x00000000
0x1311de2c,0x23000029,0x23000029,0x00000000
0x1311de38,0x2a2a2a20,0x2a2a2a20,0x00000000
0x1311de40,0x2a290000,0x2a290000,0x00000000
0x1311de48,0x2a050000,0x2a050000,0x00000000
0x1311dec0,0xfbfbfbfb,0xfbfbfbfb,0x00000000
0x1311dec4,0xfbfbfbfb,0xfbfbfbfb,0x00000000
0x1311dec8,0xfbfbfbfb,0xfbfbfbfb,0x00000000
0x1311decc,0xfbfbfbfb,0xfbfbfbfb,0x00000000
0x1311dedc,0xfbfbfbfb,0xfbfbfbfb,0x00000000
0x1311dee0,0xfbfbfbfb,0xfbfbfbfb,0x00000000
0x1311dee4,0xfbfbfbfb,0xfbfbfbfb,0x00000000
0x1311dee8,0xfbfbfbfb,0xfbfbfbfb,0x00000000
0x1311deec,0xfbfbfbfb,0xfbfbfbfb,0x00000000
0x1311def4,0xfbfbfbfb,0xfbfbfbfb,0x00000000
0x1311def8,0xfbfbfbfb,0xfbfbfbfb,0x00000000
0x1311df04,0xfbfbfbfb,0xfbfbfbfb,0x00000000
0x1311df08,0xfbfbfbfb,0xfbfbfbfb,0x00000000
0x1311df0c,0xfbfbfbfb,0xfbfbfbfb,0x00000000
0x1311df1c,0xfbfbfbfb,0xfbfbfbfb,0x00000000
0x1311df20,0xfbfbfbfb,0xfbfbfbfb,0x00000000
0x1311df24,0xfbfbfbfb,0xfbfbfbfb,0x00000000
0x1311df28,0xfbfbfbfb,0xfbfbfbfb,0x00000000
0x1311df2c,0xfbfbfbfb,0xfbfbfbfb,0x00000000
0x1311df38,0xfbfbfbfb,0xfbfbfbfb,0x00000000
0x1311df3c,0xfbfbfbfb,0xfbfbfbfb,0x00000000
0x1311df40,0xfbfbfbfb,0xfbfbfbfb,0x00000000
0x1311df48,0xfbfbfbfb,0xfbfbfbfb,0x00000000
0x1311df4c,0xfbfbfbfb,0xfbfbfbfb,0x00000000
0x1311df50,0xfbfbfbfb,0xfbfbfbfb,0x00000000
0x1311df5c,0xfbfbfbfb,0xfbfbfbfb,0x00000000
0x1311df60,0xfbfbfbfb,0xfbfbfbfb,0x00000000
0x1311df64,0xfbfbfbfb,0xfbfbfbfb,0x00000000
0x1311df68,0xfbfbfbfb,0xfbfbfbfb,0x00000000
0x1311df6c,0xfbfbfbfb,0xfbfbfbfb,0x00000000
0x1311df74,0xfbfbfbfb,0xfbfbfbfb,0x00000000
0x1311dfa4,0xfbfbfbfb,0xfbfbfbfb,0x00000000
0x1311dfa8,0xfbfbfbfb,0xfbfbfbfb,0x00000000
0x1311dfac,0xfbfbfbfb,0xfbfbfbfb,0x00000000
0x1311dfc0,0xfbfbfbfb,0xfbfbfbfb,0x00000000
0x1311dfc8,0xfbfbfbfb,0xfbfbfbfb,0x00000000
0x1311dfcc,0xfbfbfbfb,0xfbfbfbfb,0x00000000
0x1311dfd0,0xfbfbfbfb,0xfbfbfbfb,0x00000000
0x1311dfe0,0xfbfbfbfb,0xfbfbfbfb,0x00000000
0x1311dfe8,0xfbfbfbfb,0xfbfbfbfb,0x00000000
0x1311dfec,0xfbfbfbfb,0xfbfbfbfb,0x00000000
0x1311dff0,0xfbfbfbfb,0xfbfbfbfb,0x00000000
0x1311dff4,0xfbfbfbfb,0xfbfbfbfb,0x00000000
0x1311dffc,0xfbfbfbfb,0xfbfbfbfb,0x00000000
0x1311eb7c,0xfbfbfbfb,0xfbfbfbfb,0x00000000
0x1311ebe8,0xfbfbfbfb,0xfbfbfbfb,0x00000000
0x1311ebf0,0xfbfbfbfb,0xfbfbfbfb,0x00000000
0x1311ec2c,0xfbfbfbfb,0xfbfbfbfb,0x00000000
0x1311ec30,0xfbfbfbfb,0xfbfbfbfb,0x00000000
0x1311ec34,0xfbfbfbfb,0xfbfbfbfb,0x00000000
0x1311ec38,0xfbfbfbfb,0xfbfbfbfb,0x00000000
0x1311ec3c,0xfbfbfbfb,0xfbfbfbfb,0x00000000
0x1311ec40,0xfbfbfbfb,0xfbfbfbfb,0x00000000
0x1311ec44,0xfbfbfbfb,0xfbfbfbfb,0x00000000
0x1311ec48,0xfbfbfbfb,0xfbfbfbfb,0x00000000
0x1311ec4c,0xfbfbfbfb,0xfbfbfbfb,0x00000000
0x1311ec50,0xfbfbfbfb,0xfbfbfbfb,0x00000000
0x1311ec54,0xfbfbfbfb,0xfbfbfbfb,0x00000000
0x1311ec58,0xfbfbfbfb,0xfbfbfbfb,0x00000000
0x1311ec5c,0xfbfbfbfb,0xfbfbfbfb,0x00000000
0x1311ec60,0xfbfbfbfb,0xfbfbfbfb,0x00000000
0x1311ec64,0xfbfbfbfb,0xfbfbfbfb,0x00000000
0x1311ec68,0xfbfbfbfb,0xfbfbfbfb,0x00000000
0x1311ec6c,0xfbfbfbfb,0xfbfbfbfb,0x00000000
0x1311ec70,0xfbfbfbfb,0xfbfbfbfb,0x00000000
0x1311ec74,0xfbfbfbfb,0xfbfbfbfb,0x00000000
0x1311ec78,0xfbfbfbfb,0xfbfbfbfb,0x00000000
0x1311ec7c,0xfbfbfbfb,0xfbfbfbfb,0x00000000
0x1311ec80,0xfbfbfbfb,0xfbfbfbfb,0x00000000
0x1311ec84,0xfbfbfbfb,0xfbfbfbfb,0x00000000
0x1311ec88,0xfbfbfbfb,0xfbfbfbfb,0x00000000
0x1311ec8c,0xfbfbfbfb,0xfbfbfbfb,0x00000000
0x1311ec90,0xfbfbfbfb,0xfbfbfbfb,0x00000000
0x1311ec94,0xfbfbfbfb,0xfbfbfbfb,0x00000000
0x1311ec98,0xfbfbfbfb,0xfbfbfbfb,0x00000000
0x1311ec9c,0xfbfbfbfb,0xfbfbfbfb,0x00000000
0x1311ecac,0xfbfbfbfb,0xfbfbfbfb,0x00000000
0x1311ecb4,0xfbfbfbfb,0xfbfbfbfb,0x00000000
0x1311ecb8,0xfbfbfbfb,0xfbfbfbfb,0x00000000
0x1311ecbc,0xfbfbfbfb,0xfbfbfbfb,0x00000000
0x1311ecc0,0xfbfbfbfb,0xfbfbfbfb,0x00000000
0x1311ecc8,0xfbfbfbfb,0xfbfbfbfb,0x00000000
0x1311eccc,0xfbfbfbfb,0xfbfbfbfb,0x00000000
0x1311ecd0,0xfbfbfbfb,0xfbfbfbfb,0x00000000
0x1311ecd8,0xfbfbfbfb,0xfbfbfbfb,0x00000000
0x1311ecdc,0xfbfbfbfb,0xfbfbfbfb,0x00000000
0x1311ecfc,0xfbfbfbfb,0xfbfbfbfb,0x00000000
0x1311edac,0x00042a2a,0x00042a2a,0x00000000
0x1311edb4,0x00902a2a,0x00902a2a,0x00000000
0x1311edbc,0x00e6292a,0x00e6292a,0x00000000
0x1311edc4,0x00212a2a,0x00212a2a,0x00000000
0x1311edc8,0x90000000,0x90000000,0x00000000
0x1311edcc,0x00282a2a,0x00282a2a,0x00000000
0x1311edd0,0x21000000,0x21000000,0x00000000
0x1311edd4,0xe62a2a2a,0xe62a2a2a,0x00000000
0x1311edd8,0x29e60000,0x29e60000,0x00000000
0x1311eddc,0x042a2a2a,0x042a2a2a,0x00000000
0x1311ede0,0x2a2a2a29,0x2a2a2a29,0x00000000
0x1311ede4,0xe60000e6,0xe60000e6,0x00000000
0x1311ede8,0x2a2a2a23,0x2a2a2a23,0x00000000
0x1311edf0,0x2a2a2a05,0x2a2a2a05,0x00000000
0x1311edf8,0x2a2a2ae6,0x2a2a2ae6,0x00000000
0x1311ee00,0x29900000,0x29900000,0x00000000
0x1311ee08,0x20000000,0x20000000,0x00000000
0x1311ee38,0x29000000,0x29000000,0x00000000
0x1311eef0,0xfbfbfbfb,0xfbfbfbfb,0x00000000
0x1311ef2c,0xfbfbfbfb,0xfbfbfbfb,0x00000000
0x1311ef30,0xfbfbfbfb,0xfbfbfbfb,0x00000000
0x1311ef34,0xfbfbfbfb,0xfbfbfbfb,0x00000000
0x1311ef38,0xfbfbfbfb,0xfbfbfbfb,0x00000000
0x1311ef3c,0xfbfbfbfb,0xfbfbfbfb,0x00000000
0x1311ef40,0xfbfbfbfb,0xfbfbfbfb,0x00000000
0x1311ef44,0xfbfbfbfb,0xfbfbfbfb,0x00000000
0x1311ef48,0xfbfbfbfb,0xfbfbfbfb,0x00000000
0x1311ef4c,0xfbfbfbfb,0xfbfbfbfb,0x00000000
0x1311ef50,0xfbfbfbfb,0xfbfbfbfb,0x00000000
0x1311ef54,0xfbfbfbfb,0xfbfbfbfb,0x00000000
0x1311ef58,0xfbfbfbfb,0xfbfbfbfb,0x00000000
0x1311ef5c,0xfbfbfbfb,0xfbfbfbfb,0x00000000
0x1311ef60,0xfbfbfbfb,0xfbfbfbfb,0x00000000
0x1311ef64,0xfbfbfbfb,0xfbfbfbfb,0x00000000
0x1311ef68,0xfbfbfbfb,0xfbfbfbfb,0x00000000
0x1311ef6c,0xfbfbfbfb,0xfbfbfbfb,0x00000000
0x1311ef70,0xfbfbfbfb,0xfbfbfbfb,0x00000000
0x1311ef74,0xfbfbfbfb,0xfbfbfbfb,0x00000000
0x1311ef78,0xfbfbfbfb,0xfbfbfbfb,0x00000000
0x1311ef7c,0xfbfbfbfb,0xfbfbfbfb,0x00000000
0x1311ef80,0xfbfbfbfb,0xfbfbfbfb,0x00000000
0x1311ef84,0xfbfbfbfb,0xfbfbfbfb,0x00000000
0x1311ef88,0xfbfbfbfb,0xfbfbfbfb,0x00000000
0x1311ef8c,0xfbfbfbfb,0xfbfbfbfb,0x00000000
0x1311ef90,0xfbfbfbfb,0xfbfbfbfb,0x00000000
0x1311ef94,0xfbfbfbfb,0xfbfbfbfb,0x00000000
0x1311ef98,0xfbfbfbfb,0xfbfbfbfb,0x00000000
0x1311ef9c,0xfbfbfbfb,0xfbfbfbfb,0x00000000
0x1311efac,0xfbfbfbfb,0xfbfbfbfb,0x00000000
0x1311efb4,0xfbfbfbfb,0xfbfbfbfb,0x00000000
0x1311efb8,0xfbfbfbfb,0xfbfbfbfb,0x00000000
0x1311efbc,0xfbfbfbfb,0xfbfbfbfb,0x00000000
0x1311efc0,0xfbfbfbfb,0xfbfbfbfb,0x00000000
0x1311efc8,0xfbfbfbfb,0xfbfbfbfb,0x00000000
0x1311efcc,0xfbfbfbfb,0xfbfbfbfb,0x00000000
0x1311efd0,0xfbfbfbfb,0xfbfbfbfb,0x00000000
0x1311efd8,0xfbfbfbfb,0xfbfbfbfb,0x00000000
0x1311efdc,0xfbfbfbfb,0xfbfbfbfb,0x00000000
0x1311effc,0xfbfbfbfb,0xfbfbfbfb,0x00000000
0x1311f068,0xfbfbfbfb,0xfbfbfbfb,0x00000000
0x1311f070,0xfbfbfbfb,0xfbfbfbfb,0x00000000
0x1311f0ac,0xfbfbfbfb,0xfbfbfbfb,0x00000000
0x1311f0b0,0xfbfbfbfb,0xfbfbfbfb,0x00000000
0x1311f0b4,0xfbfbfbfb,0xfbfbfbfb,0x00000000
0x1311f0b8,0xfbfbfbfb,0xfbfbfbfb,0x00000000
0x1311f0bc,0xfbfbfbfb,0xfbfbfbfb,0x00000000
0x1311f0c0,0xfbfbfbfb,0xfbfbfbfb,0x00000000
0x1311f0c4,0xfbfbfbfb,0xfbfbfbfb,0x00000000
0x1311f0c8,0xfbfbfbfb,0xfbfbfbfb,0x00000000
0x1311f0cc,0xfbfbfbfb,0xfbfbfbfb,0x00000000
0x1311f0d0,0xfbfbfbfb,0xfbfbfbfb,0x00000000
0x1311f0d4,0xfbfbfbfb,0xfbfbfbfb,0x00000000
0x1311f0d8,0xfbfbfbfb,0xfbfbfbfb,0x00000000
0x1311f0dc,0xfbfbfbfb,0xfbfbfbfb,0x00000000
0x1311f0e0,0xfbfbfbfb,0xfbfbfbfb,0x00000000
0x1311f0e4,0xfbfbfbfb,0xfbfbfbfb,0x00000000
0x1311f0e8,0xfbfbfbfb,0xfbfbfbfb,0x00000000
0x1311f0ec,0xfbfbfbfb,0xfbfbfbfb,0x00000000
0x1311f0f0,0xfbfbfbfb,0xfbfbfbfb,0x00000000
0x1311f0f4,0xfbfbfbfb,0xfbfbfbfb,0x00000000
0x1311f0f8,0xfbfbfbfb,0xfbfbfbfb,0x00000000
0x1311f0fc,0xfbfbfbfb,0xfbfbfbfb,0x00000000
0x1311f100,0xfbfbfbfb,0xfbfbfbfb,0x00000000
0x1311f104,0xfbfbfbfb,0xfbfbfbfb,0x00000000
0x1311f108,0xfbfbfbfb,0xfbfbfbfb,0x00000000
0x1311f10c,0xfbfbfbfb,0xfbfbfbfb,0x00000000
0x1311f110,0xfbfbfbfb,0xfbfbfbfb,0x00000000
0x1311f114,0xfbfbfbfb,0xfbfbfbfb,0x00000000
0x1311f118,0xfbfbfbfb,0xfbfbfbfb,0x00000000
0x1311f11c,0xfbfbfbfb,0xfbfbfbfb,0x00000000
0x1311f12c,0x1a1a1100,0x1a1a1100,0x00000000
0x1311f134,0x1af01100,0x1af01100,0x00000000
0x1311f138,0xfbfbfbfb,0xfbfbfbfb,0x00000000
0x1311f13c,0x1af01100,0x1af01100,0x00000000
0x1311f1f0,0x2a2a0400,0x2a2a0400,0x00000000
0x1311f228,0xe6000000,0xe6000000,0x00000000
0x1311f284,0x0090232a,0x0090232a,0x00000000
0x1311f2ac,0xe6000000,0xe6000000,0x00000000
0x1311f2b4,0x29040000,0x29040000,0x00000000
0x1311f2bc,0x2a2a21e6,0x2a2a21e6,0x00000000
0x1311f2c0,0xfbfbfbfb,0xfbfbfbfb,0x00000000
0x1311f2c8,0xfbfbfbfb,0xfbfbfbfb,0x00000000
0x1311f2cc,0xfbfbfbfb,0xfbfbfbfb,0x00000000
0x1311f2d0,0xfbfbfbfb,0xfbfbfbfb,0x00000000
0x1311f2d8,0xfbfbfbfb,0xfbfbfbfb,0x00000000
0x1311f2dc,0xfbfbfbfb,0xfbfbfbfb,0x00000000
0x1311f2fc,0xfbfbfbfb,0xfbfbfbfb,0x00000000
0x1311f370,0xfbfbfbfb,0xfbfbfbfb,0x00000000
0x1311f3ac,0xfbfbfbfb,0xfbfbfbfb,0x00000000
0x1311f3b0,0xfbfbfbfb,0xfbfbfbfb,0x00000000
0x1311f3b4,0xfbfbfbfb,0xfbfbfbfb,0x00000000
0x1311f3b8,0xfbfbfbfb,0xfbfbfbfb,0x00000000
0x1311f3bc,0xfbfbfbfb,0xfbfbfbfb,0x00000000
0x1311f3c0,0xfbfbfbfb,0xfbfbfbfb,0x00000000
0x1311f3c4,0xfbfbfbfb,0xfbfbfbfb,0x00000000
0x1311f3c8,0xfbfbfbfb,0xfbfbfbfb,0x00000000
0x1311f3cc,0xfbfbfbfb,0xfbfbfbfb,0x00000000
0x1311f3d0,0xfbfbfbfb,0xfbfbfbfb,0x00000000
0x1311f3d4,0xfbfbfbfb,0xfbfbfbfb,0x00000000
0x1311f3d8,0xfbfbfbfb,0xfbfbfbfb,0x00000000
0x1311f3dc,0xfbfbfbfb,0xfbfbfbfb,0x00000000
0x1311f3e0,0xfbfbfbfb,0xfbfbfbfb,0x00000000
0x1311f3e4,0xfbfbfbfb,0xfbfbfbfb,0x00000000
0x1311f3e8,0xfbfbfbfb,0xfbfbfbfb,0x00000000
0x1311f3ec,0xfbfbfbfb,0xfbfbfbfb,0x00000000
0x1311f3f0,0xfbfbfbfb,0xfbfbfbfb,0x00000000
0x1311f3f4,0xfbfbfbfb,0xfbfbfbfb,0x00000000
0x1311f3f8,0xfbfbfbfb,0xfbfbfbfb,0x00000000
0x1311f3fc,0xfbfbfbfb,0xfbfbfbfb,0x00000000
0x1311f400,0xfbfbfbfb,0xfbfbfbfb,0x00000000
0x1311f404,0xfbfbfbfb,0xfbfbfbfb,0x00000000
0x1311f408,0xfbfbfbfb,0xfbfbfbfb,0x00000000
0x1311f40c,0xfbfbfbfb,0xfbfbfbfb,0x00000000
0x1311f410,0xfbfbfbfb,0xfbfbfbfb,0x00000000
0x1311f414,0xfbfbfbfb,0xfbfbfbfb,0x00000000
0x1311f418,0xfbfbfbfb,0xfbfbfbfb,0x00000000
0x1311f41c,0xfbfbfbfb,0xfbfbfbfb,0x00000000
0x1311f42c,0xfbfbfbfb,0xfbfbfbfb,0x00000000
0x1311f434,0xfbfbfbfb,0xfbfbfbfb,0x00000000
0x1311f438,0xfbfbfbfb,0xfbfbfbfb,0x00000000
0x1311f43c,0xfbfbfbfb,0xfbfbfbfb,0x00000000
0x1311f440,0xfbfbfbfb,0xfbfbfbfb,0x00000000
0x1311f448,0xfbfbfbfb,0xfbfbfbfb,0x00000000
0x1311f44c,0xfbfbfbfb,0xfbfbfbfb,0x00000000
0x1311f45c,0xfbfbfbfb,0xfbfbfbfb,0x00000000
0x1311f464,0xfbfbfbfb,0xfbfbfbfb,0x00000000
0x1311f468,0xfbfbfbfb,0xfbfbfbfb,0x00000000
0x1311f4a0,0xfbfbfbfb,0xfbfbfbfb,0x00000000
0x1311f4c0,0xfbfbfbfb,0xfbfbfbfb,0x00000000
0x1311f4c4,0xfbfbfbfb,0xfbfbfbfb,0x00000000
0x1311f53c,0x1a1a1300,0x1a1a1300,0x00000000
0x1311f5cc,0x2a2a2a2a,0x2a2a2a2a,0x00000000
0x1311f5dc,0x2a2a2a2a,0x2a2a2a2a,0x00000000
0x1311f60c,0x232a0400,0x232a0400,0x00000000
0x1311f61c,0x2a200000,0x2a200000,0x00000000
0x1311f6ac,0x00052a2a,0x00052a2a,0x00000000
0x1311f6cc,0xfbfbfbfb,0xfbfbfbfb,0x00000000
0x1311f70c,0xfbfbfbfb,0xfbfbfbfb,0x00000000
0x1311f71c,0xfbfbfbfb,0xfbfbfbfb,0x00000000
0x1311f72c,0xfbfbfbfb,0xfbfbfbfb,0x00000000
0x1311f74c,0xfbfbfbfb,0xfbfbfbfb,0x00000000
0x1311f75c,0xfbfbfbfb,0xfbfbfbfb,0x00000000
0x1311f76c,0xfbfbfbfb,0xfbfbfbfb,0x00000000
0x1311f7cc,0xfbfbfbfb,0xfbfbfbfb,0x00000000
0x1311f84c,0xfbfbfbfb,0xfbfbfbfb,0x00000000
0x1311f85c,0xfbfbfbfb,0xfbfbfbfb,0x00000000
0x1311f86c,0xfbfbfbfb,0xfbfbfbfb,0x00000000
0x1311f88c,0xfbfbfbfb,0xfbfbfbfb,0x00000000
0x1311f89c,0xfbfbfbfb,0xfbfbfbfb,0x00000000
0x1311f8ac,0xfbfbfbfb,0xfbfbfbfb,0x00000000
0x1311f8ec,0xfbfbfbfb,0xfbfbfbfb,0x00000000
0x1311f8fc,0xfbfbfbfb,0xfbfbfbfb,0x00000000
0x1311f90c,0xfbfbfbfb,0xfbfbfbfb,0x00000000
0x1311f9cc,0x2a2a2a2a,0x2a2a2a2a,0x00000000
0x1311f9dc,0x2a2a2a2a,0x2a2a2a2a,0x00000000
0x1311facc,0xfbfbfbfb,0xfbfbfbfb,0x00000000
0x1311fadc,0xfbfbfbfb,0xfbfbfbfb,0x00000000
0x1311fb2c,0xfbfbfbfb,0xfbfbfbfb,0x00000000
0x1311fb6c,0xfbfbfbfb,0xfbfbfbfb,0x00000000
0x1311fb7c,0xfbfbfbfb,0xfbfbfbfb,0x00000000
0x1311fb8c,0xfbfbfbfb,0xfbfbfbfb,0x00000000
0x1311fbac,0xfbfbfbfb,0xfbfbfbfb,0x00000000
0x1311fbbc,0xfbfbfbfb,0xfbfbfbfb,0x00000000
0x1311fbcc,0xfbfbfbfb,0xfbfbfbfb,0x00000000
0x1311fc0c,0xfbfbfbfb,0xfbfbfbfb,0x00000000
0x1311fc1c,0xfbfbfbfb,0xfbfbfbfb,0x00000000
0x1311fc4c,0xfbfbfbfb,0xfbfbfbfb,0x00000000
0x1311fc5c,0xfbfbfbfb,0xfbfbfbfb,0x00000000
0x1311fcbc,0xfbfbfbfb,0xfbfbfbfb,0x00000000
0x1311fccc,0xfbfbfbfb,0xfbfbfbfb,0x00000000
0x1311fcec,0xfbfbfbfb,0xfbfbfbfb,0x00000000
0x1311fcfc,0xfbfbfbfb,0xfbfbfbfb,0x00000000
0x1311fd0c,0xfbfbfbfb,0xfbfbfbfb,0x00000000
0x1311fecc,0xfbfbfbfb,0xfbfbfbfb,0x00000000
0x1311fedc,0xfbfbfbfb,0xfbfbfbfb,0x00000000
0x1311feec,0xfbfbfbfb,0xfbfbfbfb,0x00000000
0x1311ff4c,0xfbfbfbfb,0xfbfbfbfb,0x00000000
0x1311ffcc,0xfbfbfbfb,0xfbfbfbfb,0x00000000
0x1311ffdc,0xfbfbfbfb,0xfbfbfbfb,0x00000000
0x1311ffec,0xfbfbfbfb,0xfbfbfbfb,0x00000000
0x1312000c,0xfbfbfbfb,0xfbfbfbfb,0x00000000
0x1312001c,0xfbfbfbfb,0xfbfbfbfb,0x00000000
0x1312002c,0xfbfbfbfb,0xfbfbfbfb,0x00000000
0x1312007c,0xfbfbfbfb,0xfbfbfbfb,0x00000000
0x1312008c,0xfbfbfbfb,0xfbfbfbfb,0x00000000
0x131200cc,0xfbfbfbfb,0xfbfbfbfb,0x00000000
0x131201cc,0x2a2a2a2a,0x2a2a2a2a,0x00000000
0x131202ec,0xfbfbfbfb,0xfbfbfbfb,0x00000000
0x131202fc,0xfbfbfbfb,0xfbfbfbfb,0x00000000
0x1312030c,0xfbfbfbfb,0xfbfbfbfb,0x00000000
0x1312032c,0xfbfbfbfb,0xfbfbfbfb,0x00000000
0x1312033c,0xfbfbfbfb,0xfbfbfbfb,0x00000000
0x1312034c,0xfbfbfbfb,0xfbfbfbfb,0x00000000
0x1312038c,0xfbfbfbfb,0xfbfbfbfb,0x00000000
0x1312039c,0xfbfbfbfb,0xfbfbfbfb,0x00000000
0x131203cc,0xfbfbfbfb,0xfbfbfbfb,0x00000000
0x131203dc,0xfbfbfbfb,0xfbfbfbfb,0x00000000
0x1312042c,0xfbfbfbfb,0xfbfbfbfb,0x00000000
0x1312043c,0xfbfbfbfb,0xfbfbfbfb,0x00000000
0x1312044c,0xfbfbfbfb,0xfbfbfbfb,0x00000000
0x1312046c,0xfbfbfbfb,0xfbfbfbfb,0x00000000
0x1312047c,0xfbfbfbfb,0xfbfbfbfb,0x00000000
0x1312048c,0xfbfbfbfb,0xfbfbfbfb,0x00000000
0x131204cc,0xfbfbfbfb,0xfbfbfbfb,0x00000000
0x131204dc,0xfbfbfbfb,0xfbfbfbfb,0x00000000
0x131204ec,0xfbfbfbfb,0xfbfbfbfb,0x00000000
0x1312050c,0xfbfbfbfb,0xfbfbfbfb,0x00000000
0x1312051c,0xfbfbfbfb,0xfbfbfbfb,0x00000000
0x131205cc,0x2a2a2a2a,0x2a2a2a2a,0x00000000
0x1312075c,0xfbfbfbfb,0xfbfbfbfb,0x00000000
0x1312078c,0xfbfbfbfb,0xfbfbfbfb,0x00000000
0x1312079c,0xfbfbfbfb,0xfbfbfbfb,0x00000000
0x131207ac,0xfbfbfbfb,0xfbfbfbfb,0x00000000
0x131207fc,0xfbfbfbfb,0xfbfbfbfb,0x00000000
0x1312084c,0xfbfbfbfb,0xfbfbfbfb,0x00000000
0x131208cc,0xfbfbfbfb,0xfbfbfbfb,0x00000000
0x131208dc,0xfbfbfbfb,0xfbfbfbfb,0x00000000
0x131208ec,0xfbfbfbfb,0xfbfbfbfb,0x00000000
0x1312093c,0x1a1af09c,0x1a1af09c,0x00000000
0x131209cc,0x2a2a2a2a,0x2a2a2a2a,0x00000000
0x131209dc,0x2a2a2a2a,0x2a2a2a2a,0x00000000
0x13120acc,0xfbfbfbfb,0xfbfbfbfb,0x00000000
0x13120b0c,0xfbfbfbfb,0xfbfbfbfb,0x00000000
0x13120b1c,0xfbfbfbfb,0xfbfbfbfb,0x00000000
0x13120b4c,0xfbfbfbfb,0xfbfbfbfb,0x00000000
0x13120b5c,0xfbfbfbfb,0xfbfbfbfb,0x00000000
0x13120bbc,0xfbfbfbfb,0xfbfbfbfb,0x00000000
0x13120bcc,0xfbfbfbfb,0xfbfbfbfb,0x00000000
0x13120bec,0xfbfbfbfb,0xfbfbfbfb,0x00000000
0x13120bfc,0xfbfbfbfb,0xfbfbfbfb,0x00000000
0x13120c0c,0xfbfbfbfb,0xfbfbfbfb,0x00000000
0x13120c4c,0xfbfbfbfb,0xfbfbfbfb,0x00000000
0x13120c5c,0xfbfbfbfb,0xfbfbfbfb,0x00000000
0x13120c6c,0xfbfbfbfb,0xfbfbfbfb,0x00000000
0x13120c8c,0xfbfbfbfb,0xfbfbfbfb,0x00000000
0x13120c9c,0xfbfbfbfb,0xfbfbfbfb,0x00000000
0x13120d2c,0xbd1a1a9c,0xbd1a1a9c,0x00000000
0x13120d3c,0x1a1a1a9c,0x1a1a1a9c,0x00000000
0x13120dcc,0x2a2a2a2a,0x2a2a2a2a,0x00000000
0x13120ddc,0x2a2a2a2a,0x2a2a2a2a,0x00000000
0x13120dec,0x2a050000,0x2a050000,0x00000000
0x13120ecc,0xfbfbfbfb,0xfbfbfbfb,0x00000000
0x13120edc,0xfbfbfbfb,0xfbfbfbfb,0x00000000
0x13120eec,0xfbfbfbfb,0xfbfbfbfb,0x00000000
0x13120f0c,0xfbfbfbfb,0xfbfbfbfb,0x00000000
0x13120f1c,0xfbfbfbfb,0xfbfbfbfb,0x00000000
0x13120f2c,0xfbfbfbfb,0xfbfbfbfb,0x00000000
0x13120f6c,0xfbfbfbfb,0xfbfbfbfb,0x00000000
0x13120f7c,0xfbfbfbfb,0xfbfbfbfb,0x00000000
0x13120f8c,0xfbfbfbfb,0xfbfbfbfb,0x00000000
0x13120fcc,0xfbfbfbfb,0xfbfbfbfb,0x00000000
0x1312104c,0xfbfbfbfb,0xfbfbfbfb,0x00000000
0x1312105c,0xfbfbfbfb,0xfbfbfbfb,0x00000000
0x1312106c,0xfbfbfbfb,0xfbfbfbfb,0x00000000
0x131210ac,0xfbfbfbfb,0xfbfbfbfb,0x00000000
0x131210bc,0xfbfbfbfb,0xfbfbfbfb,0x00000000
0x131210cc,0xfbfbfbfb,0xfbfbfbfb,0x00000000
0x131210ec,0xfbfbfbfb,0xfbfbfbfb,0x00000000
0x131210fc,0xfbfbfbfb,0xfbfbfbfb,0x00000000
0x1312110c,0xfbfbfbfb,0xfbfbfbfb,0x00000000
0x131211ec,0x2a2a2300,0x2a2a2300,0x00000000
0x131211fc,0x2a2a2a04,0x2a2a2a04,0x00000000
0x131212cc,0xfbfbfbfb,0xfbfbfbfb,0x00000000
0x131212dc,0xfbfbfbfb,0xfbfbfbfb,0x00000000
0x1312133c,0xfbfbfbfb,0xfbfbfbfb,0x00000000
0x1312134c,0xfbfbfbfb,0xfbfbfbfb,0x00000000
0x1312136c,0xabf8f844,0xabf8f844,0x00000000
0x1312137c,0x89898181,0x89898181,0x00000000
0x1312138c,0xf8f8f8f8,0xf8f8f8f8,0x00000000
0x131213dc,0x95b69595,0x95b69595,0x00000000
0x131213ec,0x4444f844,0x4444f844,0x00000000
0x1312140c,0xf8f84444,0xf8f84444,0x00000000
0x1312141c,0x1212b912,0x1212b912,0x00000000
0x131214bc,0x1a1a1a1a,0x1a1a1a1a,0x00000000
0x131214cc,0x47474747,0x47474747,0x00000000
0x1312151c,0xf0f01a1a,0xf0f01a1a,0x00000000
0x1312152c,0x1af0f093,0x1af0f093,0x00000000
0x131215cc,0x052a2a2a,0x052a2a2a,0x00000000
0x131216fc,0xfbfbfbfb,0xfbfbfbfb,0x00000000
0x1312170c,0xfbfbfbfb,0xfbfbfbfb,0x00000000
0x1312174c,0xfbfbfbfb,0xfbfbfbfb,0x00000000
0x131217cc,0x959595b9,0x959595b9,0x00000000
0x131217dc,0x1295b981,0x1295b981,0x00000000
0x131217ec,0xb9b9b9b9,0xb9b9b9b9,0x00000000
0x1312183c,0x12121212,0x12121212,0x00000000
0x1312184c,0x12121212,0x12121212,0x00000000
0x1312186c,0xb9121212,0xb9121212,0x00000000
0x1312187c,0x12121212,0x12121212,0x00000000
0x1312188c,0xaff0f0f0,0xaff0f0f0,0x00000000
0x131218cc,0x1a1a1a1a,0x1a1a1a1a,0x00000000
0x131218dc,0xf0f0f0f0,0xf0f0f0f0,0x00000000
0x131219cc,0x00222a2a,0x00222a2a,0x00000000
0x13121acc,0xfbfbfbfb,0xfbfbfbfb,0x00000000
0x13121aec,0xfbfbfbfb,0xfbfbfbfb,0x00000000
0x13121afc,0xfbfbfbfb,0xfbfbfbfb,0x00000000
0x13121b0c,0xfbfbfbfb,0xfbfbfbfb,0x00000000
0x13121b5c,0xfbfbfbfb,0xfbfbfbfb,0x00000000
0x13121b6c,0x899292c3,0x899292c3,0x00000000
0x13121b8c,0xb0dfdfb0,0xb0dfdfb0,0x00000000
0x13121b9c,0xb0ffebb0,0xb0ffebb0,0x00000000
0x13121c3c,0x959512b9,0x959512b9,0x00000000
0x13121c4c,0xb9121212,0xb9121212,0x00000000
0x13121c9c,0x121212f4,0x121212f4,0x00000000
0x13121cac,0xaf84f0f0,0xaf84f0f0,0x00000000
0x13121ccc,0xf0f0f0f0,0xf0f0f0f0,0x00000000
0x13121cdc,0xf0f0f0f0,0xf0f0f0f0,0x00000000
0x13121cec,0xf0f0f0f0,0xf0f0f0f0,0x00000000
0x13121dcc,0x00e6292a,0x00e6292a,0x00000000
0x13121dec,0x2a2a2a2a,0x2a2a2a2a,0x00000000
0x13121ecc,0xfbfbfbfb,0xfbfbfbfb,0x00000000
0x13121f2c,0xfbfbfbfb,0xfbfbfbfb,0x00000000
0x13121f4c,0xfbfbfbfb,0xfbfbfbfb,0x00000000
0x13121f5c,0xfbfbfbfb,0xfbfbfbfb,0x00000000
0x13121f6c,0xebc3c3eb,0xebc3c3eb,0x00000000
0x13121fbc,0xb0d0d0d0,0xb0d0d0d0,0x00000000
0x13121fcc,0xebeb8989,0xebeb8989,0x00000000
0x13121fec,0xf180b695,0xf180b695,0x00000000
0x13121ffc,0xeb89f180,0xeb89f180,0x00000000
0x1312200c,0x12b9b9b9,0x12b9b9b9,0x00000000
0x1312204c,0x12121212,0x12121212,0x00000000
0x1312205c,0xb9b91212,0xb9b91212,0x00000000
0x131220ac,0xb7849a9a,0xb7849a9a,0x00000000
0x131220ec,0xf0f0f0af,0xf0f0f0af,0x00000000
0x131220fc,0xf0f0f0f0,0xf0f0f0f0,0x00000000
0x1312210c,0xf0f0f0f0,0xf0f0f0f0,0x00000000
0x1312212c,0xf0afaf02,0xf0afaf02,0x00000000
0x1312213c,0x84f0f002,0x84f0f002,0x00000000
0x131222cc,0xfbfbfbfb,0xfbfbfbfb,0x00000000
0x131222dc,0xfbfbfbfb,0xfbfbfbfb,0x00000000
0x131222ec,0xfbfbfbfb,0xfbfbfbfb,0x00000000
0x1312230c,0xfbfbfbfb,0xfbfbfbfb,0x00000000
0x1312231c,0xfbfbfbfb,0xfbfbfbfb,0x00000000
0x131223ac,0xdfcfd089,0xdfcfd089,0x00000000
0x131223bc,0xfbfbfbc0,0xfbfbfbc0,0x00000000
0x131223cc,0xb0ebc3b0,0xb0ebc3b0,0x00000000
0x1312240c,0xf1d08095,0xf1d08095,0x00000000
0x1312241c,0x89898980,0x89898980,0x00000000
0x1312242c,0x12129581,0x12129581,0x00000000
0x1312244c,0x12b91212,0x12b91212,0x00000000
0x1312245c,0x9581b912,0x9581b912,0x00000000
0x1312246c,0x12121212,0x12121212,0x00000000
0x131224cc,0xafafafaf,0xafafafaf,0x00000000
0x131225ec,0x2a2a2a2a,0x2a2a2a2a,0x00000000
0x131225fc,0x2a2a2a2a,0x2a2a2a2a,0x00000000
0x131226cc,0xfbfbfbfb,0xfbfbfbfb,0x00000000
0x131226dc,0xfbfbfbfb,0xfbfbfbfb,0x00000000
0x131226ec,0xfbfbfbfb,0xfbfbfbfb,0x00000000
0x1312272c,0xfbfbfbfb,0xfbfbfbfb,0x00000000
0x1312273c,0xfbfbfbfb,0xfbfbfbfb,0x00000000
0x1312274c,0xfbfbfbfb,0xfbfbfbfb,0x00000000
0x1312276c,0xcdffb0b6,0xcdffb0b6,0x00000000
0x1312277c,0xfb46cd89,0xfb46cd89,0x00000000
0x1312278c,0xfbce899b,0xfbce899b,0x00000000
0x131227cc,0xfbfb9ecd,0xfbfb9ecd,0x00000000
0x131227dc,0x46b8fbef,0x46b8fbef,0x00000000
0x1312282c,0xb9f4cbb9,0xb9f4cbb9,0x00000000
0x1312286c,0x12121212,0x12121212,0x00000000
0x1312287c,0xb9121212,0xb9121212,0x00000000
0x1312288c,0x12121212,0x12121212,0x00000000
0x131228ac,0x12121212,0x12121212,0x00000000
0x131228bc,0x12121212,0x12121212,0x00000000
0x131228cc,0xb7b7b784,0xb7b7b784,0x00000000
0x1312290c,0xaff0f0f0,0xaff0f0f0,0x00000000
0x1312291c,0xf0f0f0f0,0xf0f0f0f0,0x00000000
0x131229ec,0x2a2a2a2a,0x2a2a2a2a,0x00000000
0x131229fc,0x2a2a2a2a,0x2a2a2a2a,0x00000000
0x13122b2c,0xfbfbfbfb,0xfbfbfbfb,0x00000000
0x13122b3c,0xfbfbfbfb,0xfbfbfbfb,0x00000000
0x13122b4c,0xfbfbfbfb,0xfbfbfbfb,0x00000000
0x13122b8c,0xb0ffb0b0,0xb0ffb0b0,0x00000000
0x13122b9c,0x92b0b0c3,0x92b0b0c3,0x00000000
0x13122bac,0x9efbfbfb,0x9efbfbfb,0x00000000
0x13122bcc,0xcfc0b883,0xcfc0b883,0x00000000
0x13122bdc,0x9eb85696,0x9eb85696,0x00000000
0x13122bec,0x68dada68,0x68dada68,0x00000000
0x13122c4c,0x12121212,0x12121212,0x00000000
0x13122ccc,0x121212f4,0x121212f4,0x00000000
0x13122cdc,0x12121212,0x12121212,0x00000000
0x13122cec,0x84849aaf,0x84849aaf,0x00000000
0x13122d0c,0xf0f0f0af,0xf0f0f0af,0x00000000
0x13122d1c,0xaff0afaf,0xaff0afaf,0x00000000
0x13122d2c,0xf0f0af11,0xf0f0af11,0x00000000
0x13122ecc,0xfbfbfbfb,0xfbfbfbfb,0x00000000
0x13122eec,0xfbfbfbfb,0xfbfbfbfb,0x00000000
0x13122efc,0xfbfbfbfb,0xfbfbfbfb,0x00000000
0x13122f0c,0xfbfbfbfb,0xfbfbfbfb,0x00000000
0x13122f5c,0xfbfbfbfb,0xfbfbfbfb,0x00000000
0x13122fc8,0xb8b8b8b8,0xb8b8b8b8,0x00000000
0x13122fcc,0x9e565354,0x9e565354,0x00000000
0x13122fdc,0x56565251,0x56565251,0x00000000
0x13123918,0x12121212,0x12121212,0x00000000
0x1312391c,0x1212f412,0x1212f412,0x00000000
0x1312392c,0x848484b7,0x848484b7,0x00000000
0x13123930,0x1212b7b7,0x1212b7b7,0x00000000
0x13123a0c,0x2ae60000,0x2ae60000,0x00000000
0x13123ad0,0xfbfbfbfb,0xfbfbfbfb,0x00000000
0x13123ad4,0xfbfbfbfb,0xfbfbfbfb,0x00000000
0x13123ad8,0xfbfbfbfb,0xfbfbfbfb,0x00000000
0x13123afc,0xfbfbfbfb,0xfbfbfbfb,0x00000000
0x13123b00,0xfbfbfbfb,0xfbfbfbfb,0x00000000
0x13123b04,0xfbfbfbfb,0xfbfbfbfb,0x00000000
0x13123b0c,0xfbfbfbfb,0xfbfbfbfb,0x00000000
0x13123b28,0xfbfbfbfb,0xfbfbfbfb,0x00000000
0x13123b2c,0xfbfbfbfb,0xfbfbfbfb,0x00000000
0x13123b30,0xfbfbfbfb,0xfbfbfbfb,0x00000000
0x13123b38,0xfbfbfbfb,0xfbfbfbfb,0x00000000
0x13123b3c,0xfbfbfbfb,0xfbfbfbfb,0x00000000
0x13123b5c,0xfbfbfbfb,0xfbfbfbfb,0x00000000
0x13123b70,0xfbfbfbfb,0xfbfbfbfb,0x00000000
0x13126f10,0x7f79645d,0x7f79645d,0x00000000
0x1312738c,0x5afbfbfb,0x5afbfbfb,0x00000000
0x131273dc,0x01010101,0x01010101,0x00000000
0x131273f0,0x01010101,0x01010101,0x00000000
0x1312746c,0x0f0f0fc3,0x0f0f0fc3,0x00000000
0x13127774,0x7f7e775f,0x7f7e775f,0x00000000
0x13127780,0x66787f7f,0x66787f7f,0x00000000
0x13127b38,0xdc737f7e,0xdc737f7e,0x00000000
0x13127cf8,0xfb92dfb2,0xfb92dfb2,0x00000000
0x13127d30,0xeb89eb89,0xeb89eb89,0x00000000
0x13127e40,0x2a2a0500,0x2a2a0500,0x00000000
0x13127f1c,0xfbfbfbdc,0xfbfbfbdc,0x00000000
0x13128014,0x0101242f,0x0101242f,0x00000000
0x1312809c,0xffccffff,0xffccffff,0x00000000
0x131280ac,0xb0b0b0b0,0xb0b0b0b0,0x00000000
0x1313f634,0xebebeba1,0xebebeba1,0x00000000
0x1313f804,0x0f0f0f0f,0x0f0f0f0f,0x00000000
0x1313f974,0xdede97de,0xdede97de,0x00000000
0x1313ff18,0x1bababab,0x1bababab,0x00000000
0x1313ff8c,0xabababab,0xabababab,0x00000000
0x13140654,0x0f0e0e0e,0x0f0e0e0e,0x00000000
0x131636c0,0x227ee8b2,0x227ee8b2,0x00000000
0x131644c0,0xcccccccc,0xcccccccc,0x00000000
0x13164514,0x7ee8cccc,0x7ee8cccc,0x00000000
0x13164518,0xcccccccc,0xcccccccc,0x00000000
0x1316451c,0xcccccccc,0xcccccccc,0x00000000
0x13164528,0xcccccccc,0xcccccccc,0x00000000
0x13164530,0xcccccccc,0xcccccccc,0x00000000
0x13164570,0xcccccccc,0xcccccccc,0x00000000
0x13164574,0xcccccccc,0xcccccccc,0x00000000
0x1316457c,0xcccccce8,0xcccccce8,0x00000000
0x13164594,0xcccccccc,0xcccccccc,0x00000000
0x13164598,0xcccccccc,0xcccccccc,0x00000000
0x1316459c,0xcccccccc,0xcccccccc,0x00000000
0x131645a0,0xcccccccc,0xcccccccc,0x00000000
0x131645a8,0xcccccccc,0xcccccccc,0x00000000
0x131645ac,0xcccccccc,0xcccccccc,0x00000000
0x131645b0,0xcccccccc,0xcccccccc,0x00000000
0x131645b4,0xcccccccc,0xcccccccc,0x00000000
0x131645bc,0xcccccccc,0xcccccccc,0x00000000
0x131645d4,0xebcc8686,0xebcc8686,0x00000000
0x131645d8,0xcccccccc,0xcccccccc,0x00000000
0x131645dc,0xccebcc86,0xccebcc86,0x00000000
0x131645e8,0xcccccccc,0xcccccccc,0x00000000
0x131645ec,0xcccccccc,0xcccccccc,0x00000000
0x131645f0,0xcccccccc,0xcccccccc,0x00000000
0x131645f4,0x86cccccc,0x86cccccc,0x00000000
0x131645fc,0xcccccccc,0xcccccccc,0x00000000
0x13164614,0x46525252,0x46525252,0x00000000
0x13164618,0xccccebcc,0xccccebcc,0x00000000
0x1316461c,0x46525252,0x46525252,0x00000000
0x13164628,0x52525252,0x52525252,0x00000000
0x1316462c,0x52525252,0x52525252,0x00000000
0x13164630,0x52525252,0x52525252,0x00000000
0x13164634,0x52525252,0x52525252,0x00000000
0x1316463c,0x52525252,0x52525252,0x00000000
0x13164654,0x51515252,0x51515252,0x00000000
0x13164658,0x52525252,0x52525252,0x00000000
0x1316465c,0x51525252,0x51525252,0x00000000
0x13164694,0x52525252,0x52525252,0x00000000
0x13164698,0xe87eac43,0xe87eac43,0x00000000
0x1316469c,0x52525252,0x52525252,0x00000000
0x131646b0,0x52525252,0x52525252,0x00000000
0x131646ec,0x52525243,0x52525243,0x00000000
0x131646f0,0xe8e8e841,0xe8e8e841,0x00000000
0x131646f4,0x52525242,0x52525242,0x00000000
0x131646fc,0x5252524d,0x5252524d,0x00000000
0x13164714,0x52525252,0x52525252,0x00000000
0x13164718,0x40525252,0x40525252,0x00000000
0x1316471c,0x52525252,0x52525252,0x00000000
0x13164728,0x52525252,0x52525252,0x00000000
0x13164730,0x52525252,0x52525252,0x00000000
0x13164734,0x5252432a,0x5252432a,0x00000000
0x1316473c,0x52525246,0x52525246,0x00000000
0x13164754,0x8d8dba8d,0x8d8dba8d,0x00000000
0x13164758,0x8383838d,0x8383838d,0x00000000
0x1316475c,0x8d8d8d8d,0x8d8d8d8d,0x00000000
0x13164760,0xba41418d,0xba41418d,0x00000000
0x13164768,0x8d8dba41,0x8d8dba41,0x00000000
0x1316476c,0x44444444,0x44444444,0x00000000
0x13164770,0x83838dba,0x83838dba,0x00000000
0x13164774,0x41ba4141,0x41ba4141,0x00000000
0x1316477c,0x41414141,0x41414141,0x00000000
0x13164794,0x4146514d,0x4146514d,0x00000000
0x13164798,0x41414144,0x41414144,0x00000000
0x1316479c,0x44414652,0x44414652,0x00000000
0x131647a0,0xd9d9d9d9,0xd9d9d9d9,0x00000000
0x131647a8,0xc5b7cabc,0xc5b7cabc,0x00000000
0x131647ac,0xbcada7cb,0xbcada7cb,0x00000000
0x131647b0,0xbae8c5f2,0xbae8c5f2,0x00000000
0x131647b4,0xcabccaad,0xcabccaad,0x00000000
0x131647bc,0xd0c2caca,0xd0c2caca,0x00000000
0x131647d4,0xcbcbcbcb,0xcbcbcbcb,0x00000000
0x131647d8,0xd9ada7cb,0xd9ada7cb,0x00000000
0x131647dc,0xcbcbcbcb,0xcbcbcbcb,0x00000000
0x13164814,0xcbcbcbcb,0xcbcbcbcb,0x00000000
0x13164818,0xcbcbcbcb,0xcbcbcbcb,0x00000000
0x1316481c,0xcbcbcbcb,0xcbcbcbcb,0x00000000
0x13164834,0xcbcbcbcb,0xcbcbcbcb,0x00000000
0x1316483c,0xcbcbcbcb,0xcbcbcbcb,0x00000000
0x13164854,0xcccccccc,0xcccccccc,0x00000000
0x13164858,0x93cccccc,0x93cccccc,0x00000000
0x1316485c,0xcccccccc,0xcccccccc,0x00000000
0x13164868,0xcccccccc,0xcccccccc,0x00000000
0x13164898,0xcccccccc,0xcccccccc,0x00000000
0x131648b0,0xcccccccc,0xcccccccc,0x00000000
0x131648d4,0xe8cccccc,0xe8cccccc,0x00000000
0x131648d8,0xcccccceb,0xcccccceb,0x00000000
0x131648dc,0xcc868686,0xcc868686,0x00000000
0x131648fc,0xcccccccc,0xcccccccc,0x00000000
0x13164914,0xcccccccc,0xcccccccc,0x00000000
0x13164918,0xebcccccc,0xebcccccc,0x00000000
0x1316491c,0xcccc86cc,0xcccc86cc,0x00000000
0x13164954,0x86cc29cc,0x86cc29cc,0x00000000
0x13164958,0x86862828,0x86862828,0x00000000
0x1316495c,0x2828cccc,0x2828cccc,0x00000000
0x1316496c,0xebeb2986,0xebeb2986,0x00000000
0x13164970,0x86cc292b,0x86cc292b,0x00000000
0x13164974,0x29cceb86,0x29cceb86,0x00000000
0x1316497c,0xeb2bcc28,0xeb2bcc28,0x00000000
0x13164994,0xcc2929cc,0xcc2929cc,0x00000000
0x13164998,0x28282828,0x28282828,0x00000000
0x1316499c,0xcc292986,0xcc292986,0x00000000
0x131649a8,0xcc2929cc,0xcc2929cc,0x00000000
0x131649ac,0x292929cc,0x292929cc,0x00000000
0x131649b0,0x282929cc,0x282929cc,0x00000000
0x131649b4,0x2929cccc,0x2929cccc,0x00000000
0x131649bc,0x29cc8629,0x29cc8629,0x00000000
0x131649d4,0x86868686,0x86868686,0x00000000
0x131649d8,0xcc2b2b29,0xcc2b2b29,0x00000000
0x131649dc,0x86868686,0x86868686,0x00000000
0x131649ec,0x52525252,0x52525252,0x00000000
0x131649f0,0x29a84e52,0x29a84e52,0x00000000
0x131649f4,0x52525252,0x52525252,0x00000000
0x131649fc,0x52525252,0x52525252,0x00000000
0x13164a14,0x52525252,0x52525252,0x00000000
0x13164a18,0x52525252,0x52525252,0x00000000
0x13164a1c,0x52525252,0x52525252,0x00000000
0x13164a2c,0x52525252,0x52525252,0x00000000
0x13164a30,0x52525252,0x52525252,0x00000000
0x13164a34,0x52525252,0x52525252,0x00000000
0x13164a3c,0x52525252,0x52525252,0x00000000
0x13164a54,0x52525252,0x52525252,0x00000000
0x13164a58,0x52525252,0x52525252,0x00000000
0x13164a5c,0x52525252,0x52525252,0x00000000
0x13164a6c,0x52525252,0x52525252,0x00000000
0x13164a70,0x52525252,0x52525252,0x00000000
0x13164a74,0x52525252,0x52525252,0x00000000
0x13164a7c,0x52525252,0x52525252,0x00000000
0x13164a94,0x52525252,0x52525252,0x00000000
0x13164a98,0x52525252,0x52525252,0x00000000
0x13164a9c,0x52525252,0x52525252,0x00000000
0x13164aac,0x52525252,0x52525252,0x00000000
0x13164ab0,0x52525252,0x52525252,0x00000000
0x13164ab4,0x52525252,0x52525252,0x00000000
0x13164abc,0x52525252,0x52525252,0x00000000
0x13164ad4,0x52525252,0x52525252,0x00000000
0x13164ad8,0x52525252,0x52525252,0x00000000
0x13164adc,0x52525252,0x52525252,0x00000000
0x13164aec,0x52525252,0x52525252,0x00000000
0x13164af0,0x52525252,0x52525252,0x00000000
0x13164af4,0x52525252,0x52525252,0x00000000
0x13164afc,0x52525252,0x52525252,0x00000000
0x13164b14,0x52525252,0x52525252,0x00000000
0x13164b18,0x52525252,0x52525252,0x00000000
0x13164b1c,0x52525252,0x52525252,0x00000000
0x13164b28,0x52525252,0x52525252,0x00000000
0x13164b2c,0x52525252,0x52525252,0x00000000
0x13164b30,0x52525252,0x52525252,0x00000000
0x13164b34,0x52525252,0x52525252,0x00000000
0x13164b3c,0x52525252,0x52525252,0x00000000
0x13164b54,0x52525252,0x52525252,0x00000000
0x13164b58,0x52525252,0x52525252,0x00000000
0x13164b5c,0x52525252,0x52525252,0x00000000
0x13164b68,0x52525252,0x52525252,0x00000000
0x13164b6c,0x52525252,0x52525252,0x00000000
0x13164b70,0x52525252,0x52525252,0x00000000
0x13164b74,0x52525252,0x52525252,0x00000000
0x13164b7c,0x52525252,0x52525252,0x00000000
0x13164b94,0x52525252,0x52525252,0x00000000
0x13164b98,0x52525252,0x52525252,0x00000000
0x13164b9c,0x52525252,0x52525252,0x00000000
0x13164ba8,0x52525252,0x52525252,0x00000000
0x13164bac,0x52525252,0x52525252,0x00000000
0x13164bb0,0x52525252,0x52525252,0x00000000
0x13164bb4,0x52525252,0x52525252,0x00000000
0x13164bbc,0x52525252,0x52525252,0x00000000
0x13164bd4,0x52525252,0x52525252,0x00000000
0x13164bd8,0x52525252,0x52525252,0x00000000
0x13164bdc,0x52525252,0x52525252,0x00000000
0x13164bf0,0x52525252,0x52525252,0x00000000
0x13164bf4,0x52525252,0x52525252,0x00000000
0x13164bfc,0x52525252,0x52525252,0x00000000
0x13164c14,0x52525252,0x52525252,0x00000000
0x13164c18,0x52525252,0x52525252,0x00000000
0x13164c1c,0x52525252,0x52525252,0x00000000
0x13164c28,0x52525252,0x52525252,0x00000000
0x13164c30,0x52525252,0x52525252,0x00000000
0x13164c34,0x52525252,0x52525252,0x00000000
0x13164c3c,0x52525252,0x52525252,0x00000000
0x13164c54,0x52525252,0x52525252,0x00000000
0x13164c58,0x52525252,0x52525252,0x00000000
0x13164c5c,0x52525252,0x52525252,0x00000000
0x13164c6c,0x52525252,0x52525252,0x00000000
0x13164c70,0x52525252,0x52525252,0x00000000
0x13164c74,0x52525252,0x52525252,0x00000000
0x13164c7c,0x52525252,0x52525252,0x00000000
0x13164c94,0xe5e5e5e5,0xe5e5e5e5,0x00000000
0x13164c98,0xe5e5e5e5,0xe5e5e5e5,0x00000000
0x13164c9c,0xe5e5e5e5,0xe5e5e5e5,0x00000000
0x13164cac,0xe5e5e5e5,0xe5e5e5e5,0x00000000
0x13164cb0,0xe5e5e5e5,0xe5e5e5e5,0x00000000
0x13164cb4,0xe5e5e5e5,0xe5e5e5e5,0x00000000
0x13164cbc,0xe5e5e5e5,0xe5e5e5e5,0x00000000
0x13164cd4,0xe5e5e5e5,0xe5e5e5e5,0x00000000
0x13164cd8,0xe5e5e5e5,0xe5e5e5e5,0x00000000
0x13164cdc,0xe5e5e5e5,0xe5e5e5e5,0x00000000
0x13164cec,0xe5e5e5e5,0xe5e5e5e5,0x00000000
0x13164cf0,0xe5e5e5e5,0xe5e5e5e5,0x00000000
0x13164cf4,0xe5a9a9e5,0xe5a9a9e5,0x00000000
0x13164cfc,0xe5e5e5e5,0xe5e5e5e5,0x00000000
0x13164d14,0xe5e5e5e5,0xe5e5e5e5,0x00000000
0x13164d18,0xe5e5e5e5,0xe5e5e5e5,0x00000000
0x13164d1c,0xe5e5e5e5,0xe5e5e5e5,0x00000000
0x13164d2c,0xe5e5e5e5,0xe5e5e5e5,0x00000000
0x13164d30,0xe5e5e5e5,0xe5e5e5e5,0x00000000
0x13164d34,0xe5e5e5e5,0xe5e5e5e5,0x00000000
0x13164d3c,0xe5e5e5a9,0xe5e5e5a9,0x00000000
0x13164d54,0xe5e5e5e5,0xe5e5e5e5,0x00000000
0x13164d58,0xe5e5e5e5,0xe5e5e5e5,0x00000000
0x13164d5c,0xe5e5e5e5,0xe5e5e5e5,0x00000000
0x13164d6c,0xe5e5e5e5,0xe5e5e5e5,0x00000000
0x13164d70,0xa9a9a9e5,0xa9a9a9e5,0x00000000
0x13164d74,0xe5e5e5e5,0xe5e5e5e5,0x00000000
0x13164d7c,0xe5e5e5e5,0xe5e5e5e5,0x00000000
0x13164d94,0x23e5e5e5,0x23e5e5e5,0x00000000
0x13164d98,0xe5e5e5e5,0xe5e5e5e5,0x00000000
0x13164d9c,0x23e5e5e5,0x23e5e5e5,0x00000000
0x13164da8,0x0a0b0b0a,0x0a0b0b0a,0x00000000
0x13164dac,0x0a0b0a19,0x0a0b0a19,0x00000000
0x13164db0,0x0c050b0b,0x0c050b0b,0x00000000
0x13164db4,0x0b0b0a1b,0x0b0b0a1b,0x00000000
0x13164dbc,0x0b0b0a8f,0x0b0b0a8f,0x00000000
0x13164dd4,0x98989898,0x98989898,0x00000000
0x13164dd8,0x98989898,0x98989898,0x00000000
0x13164ddc,0x98989898,0x98989898,0x00000000
0x13164de8,0x98988f0a,0x98988f0a,0x00000000
0x13164dec,0x0a3023e5,0x0a3023e5,0x00000000
0x13164df0,0x98320a0a,0x98320a0a,0x00000000
0x13164df4,0x30e5e5e5,0x30e5e5e5,0x00000000
0x13164dfc,0x2323e523,0x2323e523,0x00000000
0x13164e14,0xa9a9fb20,0xa9a9fb20,0x00000000
0x13164e18,0xe5e523e5,0xe5e523e5,0x00000000
0x13164e1c,0xe5e5e5a9,0xe5e5e5a9,0x00000000
0x13164e2c,0xc7cdb8b8,0xc7cdb8b8,0x00000000
0x13164e30,0xd7cdb8cd,0xd7cdb8cd,0x00000000
0x13164e34,0xcdcdcd5e,0xcdcdcd5e,0x00000000
0x13164e3c,0xb8b0f14d,0xb8b0f14d,0x00000000
0x13164e54,0x52525252,0x52525252,0x00000000
0x13164e58,0x52525252,0x52525252,0x00000000
0x13164e5c,0x52525252,0x52525252,0x00000000
0x13164e68,0x52525252,0x52525252,0x00000000
0x13164e6c,0x52525252,0x52525252,0x00000000
0x13164e70,0x52525252,0x52525252,0x00000000
0x13164e74,0x52525252,0x52525252,0x00000000
0x13164e7c,0x52525252,0x52525252,0x00000000
0x13164e94,0x52525252,0x52525252,0x00000000
0x13164e98,0x52525252,0x52525252,0x00000000
0x13164e9c,0x52525252,0x52525252,0x00000000
0x13164ea8,0x52525252,0x52525252,0x00000000
0x13164eac,0x52525252,0x52525252,0x00000000
0x13164eb0,0x52525252,0x52525252,0x00000000
0x13164eb4,0x52525252,0x52525252,0x00000000
0x13164ebc,0x52525252,0x52525252,0x00000000
0x13164ed4,0x52525252,0x52525252,0x00000000
0x13164ed8,0x52525252,0x52525252,0x00000000
0x13164edc,0x52525252,0x52525252,0x00000000
0x13164ee8,0x52525252,0x52525252,0x00000000
0x13164ef0,0x52525252,0x52525252,0x00000000
0x13164ef4,0x52525252,0x52525252,0x00000000
0x13164efc,0x52525252,0x52525252,0x00000000
0x13164f14,0x52525252,0x52525252,0x00000000
0x13164f18,0x52525252,0x52525252,0x00000000
0x13164f1c,0x52525252,0x52525252,0x00000000
0x13164f2c,0x52525252,0x52525252,0x00000000
0x13164f30,0x52525252,0x52525252,0x00000000
0x13164f34,0x52525252,0x52525252,0x00000000
0x13164f3c,0x52525252,0x52525252,0x00000000
0x13164f54,0x52525252,0x52525252,0x00000000
0x13164f58,0x52525252,0x52525252,0x00000000
0x13164f5c,0x52525252,0x52525252,0x00000000
0x13164f6c,0x52525252,0x52525252,0x00000000
0x13164f70,0x52525252,0x52525252,0x00000000
0x13164f74,0x52525252,0x52525252,0x00000000
0x13164f7c,0x52525252,0x52525252,0x00000000
0x13164f94,0x52525252,0x52525252,0x00000000
0x13164f98,0x52525252,0x52525252,0x00000000
0x13164f9c,0x52525252,0x52525252,0x00000000
0x13164fac,0x52525252,0x52525252,0x00000000
0x13164fb0,0x52525252,0x52525252,0x00000000
0x13164fb4,0x52525252,0x52525252,0x00000000
0x13164fbc,0x52525252,0x52525252,0x00000000
0x13164fd4,0x52525252,0x52525252,0x00000000
0x13164fd8,0x52525252,0x52525252,0x00000000
0x13164fdc,0x52525252,0x52525252,0x00000000
0x13164fe0,0x52525252,0x52525252,0x00000000
0x13164fe8,0x52525252,0x52525252,0x00000000
0x13164fec,0x52525252,0x52525252,0x00000000
0x13164ff0,0x52525252,0x52525252,0x00000000
0x13164ff4,0x52525252,0x52525252,0x00000000
0x13164ffc,0x52525252,0x52525252,0x00000000
0x13165014,0x52525252,0x52525252,0x00000000
0x13165018,0x52525252,0x52525252,0x00000000
0x1316501c,0x52525252,0x52525252,0x00000000
0x1316502c,0x52525252,0x52525252,0x00000000
0x13165030,0x52525252,0x52525252,0x00000000
0x13165034,0x52525252,0x52525252,0x00000000
0x1316503c,0x52525252,0x52525252,0x00000000
0x13165054,0x52525252,0x52525252,0x00000000
0x13165058,0x52525252,0x52525252,0x00000000
0x1316505c,0x52525252,0x52525252,0x00000000
0x13165068,0x52525252,0x52525252,0x00000000
0x1316506c,0x52525252,0x52525252,0x00000000
0x13165070,0x52525252,0x52525252,0x00000000
0x13165074,0x52525252,0x52525252,0x00000000
0x1316507c,0x52525252,0x52525252,0x00000000
0x13165094,0x52525252,0x52525252,0x00000000
0x13165098,0x52525252,0x52525252,0x00000000
0x1316509c,0x52525252,0x52525252,0x00000000
0x131650a8,0x52525252,0x52525252,0x00000000
0x131650ac,0x52462285,0x52462285,0x00000000
0x131650b0,0x52525252,0x52525252,0x00000000
0x131650b4,0x5243ac20,0x5243ac20,0x00000000
0x131650bc,0x524d2a22,0x524d2a22,0x00000000
0x131650d4,0x52525252,0x52525252,0x00000000
0x131650d8,0xac224452,0xac224452,0x00000000
0x131650dc,0x52525252,0x52525252,0x00000000
0x131650e8,0x52525252,0x52525252,0x00000000
0x131650f0,0x52525252,0x52525252,0x00000000
0x131650f4,0x52525252,0x52525252,0x00000000
0x131650fc,0x52525252,0x52525252,0x00000000
0x13165114,0x857e8585,0x857e8585,0x00000000
0x13165118,0x5251bae8,0x5251bae8,0x00000000
0x1316511c,0x2aba2a2a,0x2aba2a2a,0x00000000
0x1316512c,0x52524d2a,0x52524d2a,0x00000000
0x13165130,0x7eb2e851,0x7eb2e851,0x00000000
0x13165134,0x525251ee,0x525251ee,0x00000000
0x1316513c,0x5252522a,0x5252522a,0x00000000
0x13165154,0x52525252,0x52525252,0x00000000
0x13165158,0x46525252,0x46525252,0x00000000
0x1316515c,0x52525252,0x52525252,0x00000000
0x13165168,0x52525252,0x52525252,0x00000000
0x1316516c,0x52524183,0x52524183,0x00000000
0x13165170,0x52525252,0x52525252,0x00000000
0x13165174,0x5252407e,0x5252407e,0x00000000
0x1316517c,0x5252442a,0x5252442a,0x00000000
0x13165194,0x2a832a8d,0x2a832a8d,0x00000000
0x13165198,0x8d8d8d8d,0x8d8d8d8d,0x00000000
0x1316519c,0x8dba2a2a,0x8dba2a2a,0x00000000
0x131651a8,0x8dbababa,0x8dbababa,0x00000000
0x131651ac,0x41414141,0x41414141,0x00000000
0x131651b0,0x8d8d8d8d,0x8d8d8d8d,0x00000000
0x131651b4,0x8d8dbaba,0x8d8dbaba,0x00000000
0x131651bc,0x8dba41ba,0x8dba41ba,0x00000000
0x131651d4,0xba414140,0xba414140,0x00000000
0x131651d8,0xbaba4141,0xbaba4141,0x00000000
0x131651dc,0x41414141,0x41414141,0x00000000
0x131651e8,0x52525252,0x52525252,0x00000000
0x131651f0,0x4d525252,0x4d525252,0x00000000
0x131651f4,0x52515152,0x52515152,0x00000000
0x131651fc,0x52525252,0x52525252,0x00000000
0x13165214,0x52525252,0x52525252,0x00000000
0x13165218,0x52525252,0x52525252,0x00000000
0x1316521c,0x52525252,0x52525252,0x00000000
0x13165228,0x52525252,0x52525252,0x00000000
0x1316522c,0x52525252,0x52525252,0x00000000
0x13165230,0x52525252,0x52525252,0x00000000
0x13165234,0x52525252,0x52525252,0x00000000
0x1316523c,0x52525252,0x52525252,0x00000000
0x13165254,0x52525252,0x52525252,0x00000000
0x13165258,0x52525252,0x52525252,0x00000000
0x1316525c,0x52525252,0x52525252,0x00000000
0x1316526c,0x52525252,0x52525252,0x00000000
0x13165270,0x52525252,0x52525252,0x00000000
0x13165274,0x52525252,0x52525252,0x00000000
0x1316527c,0x52525252,0x52525252,0x00000000
0x13165294,0x52525252,0x52525252,0x00000000
0x13165298,0x52525252,0x52525252,0x00000000
0x1316529c,0x52525252,0x52525252,0x00000000
0x131652ac,0x52525252,0x52525252,0x00000000
0x131652b0,0x52525252,0x52525252,0x00000000
0x131652b4,0x52525252,0x52525252,0x00000000
0x131652bc,0x52525252,0x52525252,0x00000000
0x131652d4,0x52525252,0x52525252,0x00000000
0x131652d8,0x52525252,0x52525252,0x00000000
0x131652dc,0x52525252,0x52525252,0x00000000
0x131652e8,0x52525252,0x52525252,0x00000000
0x131652ec,0x52525252,0x52525252,0x00000000
0x131652f0,0x52525252,0x52525252,0x00000000
0x131652f4,0x52525252,0x52525252,0x00000000
0x131652fc,0x52525252,0x52525252,0x00000000
0x13165314,0x52525252,0x52525252,0x00000000
0x13165318,0x52525252,0x52525252,0x00000000
0x1316531c,0x52525252,0x52525252,0x00000000
0x13165328,0x52525252,0x52525252,0x00000000
0x13165330,0x52525252,0x52525252,0x00000000
0x13165334,0x52525252,0x52525252,0x00000000
0x1316533c,0x52525252,0x52525252,0x00000000
0x13165354,0x52525252,0x52525252,0x00000000
0x13165358,0x52525252,0x52525252,0x00000000
0x1316535c,0x52525252,0x52525252,0x00000000
0x1316536c,0x52525252,0x52525252,0x00000000
0x13165370,0x52525252,0x52525252,0x00000000
0x13165374,0x52525252,0x52525252,0x00000000
0x1316537c,0x52525252,0x52525252,0x00000000
0x13165394,0x6b6a5252,0x6b6a5252,0x00000000
0x13165398,0x526a6c6c,0x526a6c6c,0x00000000
0x1316539c,0x6c6a5252,0x6c6a5252,0x00000000
0x131653a0,0x52525252,0x52525252,0x00000000
0x131653a8,0x52525252,0x52525252,0x00000000
0x131653ac,0x52525252,0x52525252,0x00000000
0x131653b0,0x52525252,0x52525252,0x00000000
0x131653b4,0x52525252,0x52525252,0x00000000
0x131653bc,0x52525252,0x52525252,0x00000000
0x131653d4,0x536c6c6c,0x536c6c6c,0x00000000
0x131653d8,0x52525252,0x52525252,0x00000000
0x131653dc,0x526e6c6c,0x526e6c6c,0x00000000
0x131653e8,0x6c6c6c6c,0x6c6c6c6c,0x00000000
0x131653ec,0x766c5652,0x766c5652,0x00000000
0x131653f0,0x6c6c6c6c,0x6c6c6c6c,0x00000000
0x131653f4,0x766c5652,0x766c5652,0x00000000
0x131653fc,0x6c6c5652,0x6c6c5652,0x00000000
0x13165414,0x52525252,0x52525252,0x00000000
0x13165418,0x5252442a,0x5252442a,0x00000000
0x1316541c,0x52525252,0x52525252,0x00000000
0x1316542c,0x52525252,0x52525252,0x00000000
0x13165430,0x52525252,0x52525252,0x00000000
0x13165434,0x52525252,0x52525252,0x00000000
0x1316543c,0x52525252,0x52525252,0x00000000
0x13165454,0x8383832a,0x8383832a,0x00000000
0x13165458,0x524e2a2a,0x524e2a2a,0x00000000
0x1316545c,0x2a8d8d8d,0x2a8d8d8d,0x00000000
0x1316546c,0xbababa41,0xbababa41,0x00000000
0x13165470,0x2a2a8d8d,0x2a2a8d8d,0x00000000
0x13165474,0x8d8d8d8d,0x8d8d8d8d,0x00000000
0x1316547c,0xba8dbaba,0xba8dbaba,0x00000000
0x13165494,0xba8dbaba,0xba8dbaba,0x00000000
0x13165498,0xba41baba,0xba41baba,0x00000000
0x1316549c,0xbaba4141,0xbaba4141,0x00000000
0x131654ac,0x5252524e,0x5252524e,0x00000000
0x131654b0,0xba41ba42,0xba41ba42,0x00000000
0x131654b4,0x52525252,0x52525252,0x00000000
0x131654bc,0x4d525252,0x4d525252,0x00000000
0x131654d4,0xe8cccccc,0xe8cccccc,0x00000000
0x131654d8,0x5252524d,0x5252524d,0x00000000
0x131654dc,0xbacccccc,0xbacccccc,0x00000000
0x131654ec,0xcccccccc,0xcccccccc,0x00000000
0x131654f0,0xcccccccc,0xcccccccc,0x00000000
0x131654f4,0xcccccccc,0xcccccccc,0x00000000
0x131654fc,0xcccccccc,0xcccccccc,0x00000000
0x13165514,0xcccccccc,0xcccccccc,0x00000000
0x13165518,0xcccccccc,0xcccccccc,0x00000000
0x1316551c,0xcccccccc,0xcccccccc,0x00000000
0x1316552c,0xcccccccc,0xcccccccc,0x00000000
0x13165530,0xcccccccc,0xcccccccc,0x00000000
0x13165534,0xcccccccc,0xcccccccc,0x00000000
0x1316553c,0xcccccccc,0xcccccccc,0x00000000
0x13165554,0xcccccccc,0xcccccccc,0x00000000
0x13165558,0xcccccccc,0xcccccccc,0x00000000
0x1316555c,0xcccccccc,0xcccccccc,0x00000000
0x13165568,0xcccccccc,0xcccccccc,0x00000000
0x1316556c,0xcccccccc,0xcccccccc,0x00000000
0x13165570,0xcccccccc,0xcccccccc,0x00000000
0x13165574,0xcccccccc,0xcccccccc,0x00000000
0x1316557c,0xcccccccc,0xcccccccc,0x00000000
0x13165594,0xcccccccc,0xcccccccc,0x00000000
0x13165598,0xcccccccc,0xcccccccc,0x00000000
0x1316559c,0xcccccccc,0xcccccccc,0x00000000
0x131655a8,0xcccccccc,0xcccccccc,0x00000000
0x131655ac,0xcccccccc,0xcccccccc,0x00000000
0x131655b0,0xcccccccc,0xcccccccc,0x00000000
0x131655b4,0xcccccccc,0xcccccccc,0x00000000
0x131655bc,0xcccccccc,0xcccccccc,0x00000000
0x131655d4,0xcce8e8e8,0xcce8e8e8,0x00000000
0x131655d8,0xcccccccc,0xcccccccc,0x00000000
0x131655dc,0xcccce8e8,0xcccce8e8,0x00000000
0x131655e0,0xe8e8e8cc,0xe8e8e8cc,0x00000000
0x131655e8,0xe8e8e8e8,0xe8e8e8e8,0x00000000
0x131655ec,0xcccc86cc,0xcccc86cc,0x00000000
0x131655f0,0xe8e8e8e8,0xe8e8e8e8,0x00000000
0x131655f4,0xcccccccc,0xcccccccc,0x00000000
0x131655fc,0xcccccccc,0xcccccccc,0x00000000
0x13165614,0x46525252,0x46525252,0x00000000
0x13165618,0xcccccc86,0xcccccc86,0x00000000
0x1316561c,0x46525252,0x46525252,0x00000000
0x13165628,0x52525252,0x52525252,0x00000000
0x1316562c,0x52525252,0x52525252,0x00000000
0x13165630,0x52525252,0x52525252,0x00000000
0x13165634,0x52525252,0x52525252,0x00000000
0x1316563c,0x52525252,0x52525252,0x00000000
0x13165654,0x52525252,0x52525252,0x00000000
0x13165658,0x52525252,0x52525252,0x00000000
0x1316565c,0x52525252,0x52525252,0x00000000
0x1316566c,0x52524d7e,0x52524d7e,0x00000000
0x13165670,0x52525252,0x52525252,0x00000000
0x13165674,0x52524dac,0x52524dac,0x00000000
0x1316567c,0x52524e2a,0x52524e2a,0x00000000
0x13165694,0x52525252,0x52525252,0x00000000
0x13165698,0x7eac22ba,0x7eac22ba,0x00000000
0x1316569c,0x52525252,0x52525252,0x00000000
0x131656a8,0x52525252,0x52525252,0x00000000
0x131656ac,0x52525252,0x52525252,0x00000000
0x131656b0,0x52525252,0x52525252,0x00000000
0x131656b4,0x52525252,0x52525252,0x00000000
0x131656bc,0x52525252,0x52525252,0x00000000
0x131656d4,0x7e857e85,0x7e857e85,0x00000000
0x131656d8,0x525251ba,0x525251ba,0x00000000
0x131656dc,0xe8e8ba2a,0xe8e8ba2a,0x00000000
0x131656f0,0x857eb2b2,0x857eb2b2,0x00000000
0x131656f4,0x4d525252,0x4d525252,0x00000000
0x131656fc,0x4e525252,0x4e525252,0x00000000
0x13165714,0x52525252,0x52525252,0x00000000
0x13165718,0x8d415252,0x8d415252,0x00000000
0x1316571c,0x52525252,0x52525252,0x00000000
0x1316572c,0x52525246,0x52525246,0x00000000
0x13165730,0x52525252,0x52525252,0x00000000
0x13165734,0x52525243,0x52525243,0x00000000
0x1316573c,0x52525246,0x52525246,0x00000000
0x13165754,0x832a832a,0x832a832a,0x00000000
0x13165758,0x2a8d8d8d,0x2a8d8d8d,0x00000000
0x1316575c,0x8d8dba8d,0x8d8dba8d,0x00000000
0x13165768,0x8d8dbaba,0x8d8dbaba,0x00000000
0x1316576c,0xba414141,0xba414141,0x00000000
0x13165770,0x8d8d8d8d,0x8d8d8d8d,0x00000000
0x13165774,0x8d8d8d8d,0x8d8d8d8d,0x00000000
0x1316577c,0xba8dba41,0xba8dba41,0x00000000
0x13165794,0xbababa41,0xbababa41,0x00000000
0x13165798,0xbabababa,0xbabababa,0x00000000
0x1316579c,0x41414141,0x41414141,0x00000000
0x131657a8,0x4d525252,0x4d525252,0x00000000
0x131657ac,0x5246baa3,0x5246baa3,0x00000000
0x131657b0,0x8d4d5252,0x8d4d5252,0x00000000
0x131657b4,0x52525246,0x52525246,0x00000000
0x131657bc,0x52525252,0x52525252,0x00000000
0x131657d4,0xcacacad6,0xcacacad6,0x00000000
0x131657d8,0x52462aa3,0x52462aa3,0x00000000
0x131657dc,0xb7cabcbc,0xb7cabcbc,0x00000000
0x131657e8,0xcbcbcbcb,0xcbcbcbcb,0x00000000
0x131657ec,0xcbcbcbcb,0xcbcbcbcb,0x00000000
0x131657f0,0xcbcbcbcb,0xcbcbcbcb,0x00000000
0x131657f4,0xcbcbcbcb,0xcbcbcbcb,0x00000000
0x131657fc,0xcbcbcbcb,0xcbcbcbcb,0x00000000
0x13165814,0xcbcbcbcb,0xcbcbcbcb,0x00000000
0x13165818,0xcbcbcbcb,0xcbcbcbcb,0x00000000
0x1316581c,0xcbcbcbcb,0xcbcbcbcb,0x00000000
0x1316582c,0xcbcbcba0,0xcbcbcba0,0x00000000
0x13165830,0xcbcbcbcb,0xcbcbcbcb,0x00000000
0x13165834,0xcbcbcb36,0xcbcbcb36,0x00000000
0x1316583c,0xcba0cb93,0xcba0cb93,0x00000000
0x13165854,0xcccccccc,0xcccccccc,0x00000000
0x13165858,0xcccccccc,0xcccccccc,0x00000000
0x1316585c,0xcccccccc,0xcccccccc,0x00000000
0x13165868,0xcccccccc,0xcccccccc,0x00000000
0x13165870,0xcccccccc,0xcccccccc,0x00000000
0x13165874,0xcccccccc,0xcccccccc,0x00000000
0x13165894,0xcccccccc,0xcccccccc,0x00000000
0x13165898,0xcccccccc,0xcccccccc,0x00000000
0x1316589c,0xcccccccc,0xcccccccc,0x00000000
0x131658a8,0xcccccccc,0xcccccccc,0x00000000
0x131658b0,0xcccccccc,0xcccccccc,0x00000000
0x131658b4,0xcccccccc,0xcccccccc,0x00000000
0x131658d4,0xe8e8e8e8,0xe8e8e8e8,0x00000000
0x131658d8,0xcccccccc,0xcccccccc,0x00000000
0x131658e8,0xe886cccc,0xe886cccc,0x00000000
0x131658ec,0x86cccccc,0x86cccccc,0x00000000
0x131658f0,0xe8e8cccc,0xe8e8cccc,0x00000000
0x131658f4,0xcccccccc,0xcccccccc,0x00000000
0x131658fc,0xcccccccc,0xcccccccc,0x00000000
0x13165a9c,0x52525252,0x52525252,0x00000000
0x13165aa8,0x52525252,0x52525252,0x00000000
0x13165aac,0x52525252,0x52525252,0x00000000
0x13165abc,0x52525252,0x52525252,0x00000000
0x13165adc,0x52525252,0x52525252,0x00000000
0x13165aec,0x52525252,0x52525252,0x00000000
0x13165af0,0x52525252,0x52525252,0x00000000
0x13165af4,0x52525252,0x52525252,0x00000000
0x13165afc,0x52525252,0x52525252,0x00000000
0x13165b18,0x52525252,0x52525252,0x00000000
0x13165b1c,0x52525252,0x52525252,0x00000000
0x13165b28,0x52525252,0x52525252,0x00000000
0x13165b2c,0x52525252,0x52525252,0x00000000
0x13165b3c,0x52525252,0x52525252,0x00000000
0x13165b54,0x52525252,0x52525252,0x00000000
0x13165b58,0x52525252,0x52525252,0x00000000
0x13165b5c,0x52525252,0x52525252,0x00000000
0x13165b68,0x52525252,0x52525252,0x00000000
0x13165b6c,0x52525252,0x52525252,0x00000000
0x13165b70,0x52525252,0x52525252,0x00000000
0x13165b74,0x52525252,0x52525252,0x00000000
0x13165b7c,0x52525252,0x52525252,0x00000000
0x13165b94,0x52525252,0x52525252,0x00000000
0x13165b98,0x52525252,0x52525252,0x00000000
0x13165b9c,0x52525252,0x52525252,0x00000000
0x13165ba8,0x52525252,0x52525252,0x00000000
0x13165bac,0x52525252,0x52525252,0x00000000
0x13165bb0,0x52525252,0x52525252,0x00000000
0x13165bb4,0x52525252,0x52525252,0x00000000
0x13165bbc,0x52525252,0x52525252,0x00000000
0x131667b0,0xba8d83ba,0xba8d83ba,0x00000000
0x131667b4,0x41515252,0x41515252,0x00000000
0x131667bc,0x41515252,0x41515252,0x00000000
0x131667d4,0x52525146,0x52525146,0x00000000
0x131667d8,0x52525252,0x52525252,0x00000000
0x131667dc,0x52525252,0x52525252,0x00000000
0x131667f0,0x2ad8c2ca,0x2ad8c2ca,0x00000000
0x131667f4,0xcabcd9a7,0xcabcd9a7,0x00000000
0x131667fc,0xc2bcbcca,0xc2bcbcca,0x00000000
0x13166800,0xcbcbcbcb,0xcbcbcbcb,0x00000000
0x13166814,0xcbcbabcb,0xcbcbabcb,0x00000000
0x13166818,0xada7abcb,0xada7abcb,0x00000000
0x1316681c,0xcbcbcbcb,0xcbcbcbcb,0x00000000
0x1316682c,0xcbcbcba3,0xcbcbcba3,0x00000000
0x13166830,0xcbcbcbcb,0xcbcbcbcb,0x00000000
0x13166834,0xcbcb7fcc,0xcbcb7fcc,0x00000000
0x1316683c,0xcbcb93cc,0xcbcb93cc,0x00000000
0x1316687c,0xcccccccc,0xcccccccc,0x00000000
0x13166894,0xcccccccc,0xcccccccc,0x00000000
0x13166898,0xcccccccc,0xcccccccc,0x00000000
0x1316689c,0xcccccccc,0xcccccccc,0x00000000
0x131668b4,0xcccccccc,0xcccccccc,0x00000000
0x131668bc,0xcccccccc,0xcccccccc,0x00000000
0x131668d8,0xcccccccc,0xcccccccc,0x00000000
0x131668dc,0xcccc86e8,0xcccc86e8,0x00000000
0x131668ec,0x86cccccc,0x86cccccc,0x00000000
0x131668f0,0xe8e8e886,0xe8e8e886,0x00000000
0x131668f4,0xe8ccebcc,0xe8ccebcc,0x00000000
0x131668fc,0xe8cccccc,0xe8cccccc,0x00000000
0x13166914,0xebcccccc,0xebcccccc,0x00000000
0x13166918,0x86ccebcc,0x86ccebcc,0x00000000
0x1316691c,0xccebebcc,0xccebebcc,0x00000000
0x13166920,0xebcc86cc,0xebcc86cc,0x00000000
0x13166928,0xebeb8686,0xebeb8686,0x00000000
0x1316692c,0x86cceb86,0x86cceb86,0x00000000
0x13166930,0xcccc86cc,0xcccc86cc,0x00000000
0x13166934,0x86cc2bcc,0x86cc2bcc,0x00000000
0x1316693c,0xccccebcc,0xccccebcc,0x00000000
0x13166958,0x86868686,0x86868686,0x00000000
0x1316695c,0xcc29eb29,0xcc29eb29,0x00000000
0x13166968,0xcc868686,0xcc868686,0x00000000
0x13166974,0x86868686,0x86868686,0x00000000
0x1316697c,0x86868686,0x86868686,0x00000000
0x13166994,0x28cccc86,0x28cccc86,0x00000000
0x1316699c,0x86eb2bcc,0x86eb2bcc,0x00000000
0x131669a0,0x2929cc86,0x2929cc86,0x00000000
0x131669a8,0x292929cc,0x292929cc,0x00000000
0x131669b4,0x282beb29,0x282beb29,0x00000000
0x131669bc,0xcccccc86,0xcccccc86,0x00000000
0x131669d8,0xcc292b2b,0xcc292b2b,0x00000000
0x131669dc,0x2b2b2986,0x2b2b2986,0x00000000
0x131669e8,0x292b4e52,0x292b4e52,0x00000000
0x131669ec,0x52525252,0x52525252,0x00000000
0x131669f0,0x862b4e52,0x862b4e52,0x00000000
0x131669f4,0x52525252,0x52525252,0x00000000
0x131669fc,0x52525252,0x52525252,0x00000000
0x13166a18,0x52525252,0x52525252,0x00000000
0x13166a1c,0x52525252,0x52525252,0x00000000
0x13166a34,0x52525252,0x52525252,0x00000000
0x13166a3c,0x52525252,0x52525252,0x00000000
0x13166a54,0x52525252,0x52525252,0x00000000
0x13166a58,0x52525252,0x52525252,0x00000000
0x13166a5c,0x52525252,0x52525252,0x00000000
0x13166a68,0x52525252,0x52525252,0x00000000
0x13166a70,0x52525252,0x52525252,0x00000000
0x13166a74,0x52525252,0x52525252,0x00000000
0x13166a94,0x52525252,0x52525252,0x00000000
0x13166a98,0x52525252,0x52525252,0x00000000
0x13166a9c,0x52525252,0x52525252,0x00000000
0x13166ab4,0x52525252,0x52525252,0x00000000
0x13166abc,0x52525252,0x52525252,0x00000000
0x13166ad8,0x52525252,0x52525252,0x00000000
0x13166adc,0x52525252,0x52525252,0x00000000
0x13166ae8,0x52525252,0x52525252,0x00000000
0x13166aec,0x52525252,0x52525252,0x00000000
0x13166af0,0x52525252,0x52525252,0x00000000
0x13166b20,0x52525252,0x52525252,0x00000000
0x13166b28,0x52525252,0x52525252,0x00000000
0x13166b2c,0x52525252,0x52525252,0x00000000
0x13166b30,0x52525252,0x52525252,0x00000000
0x13166b3c,0x52525252,0x52525252,0x00000000
0x1316eb10,0x52525252,0x52525252,0x00000000
0x1316eb14,0x52525252,0x52525252,0x00000000
0x1316eb18,0x52525252,0x52525252,0x00000000
0x1316eb1c,0x52525252,0x52525252,0x00000000
0x1316eb2c,0x52525252,0x52525252,0x00000000
0x1316eb30,0x52525252,0x52525252,0x00000000
0x1316eb34,0x52525252,0x52525252,0x00000000
0x1316eb38,0x52525252,0x52525252,0x00000000
0x1316eb3c,0x52525252,0x52525252,0x00000000
0x1316eb4c,0x52525252,0x52525252,0x00000000
0x1316eb50,0x52525252,0x52525252,0x00000000
0x1316eb54,0x52525252,0x52525252,0x00000000
0x1316eb58,0x52525252,0x52525252,0x00000000
0x1316eb5c,0x52525252,0x52525252,0x00000000
0x1316eb6c,0x52525252,0x52525252,0x00000000
0x1316eb70,0x52525252,0x52525252,0x00000000
0x1316eb74,0x52525252,0x52525252,0x00000000
0x1316eb78,0x52525252,0x52525252,0x00000000
0x1316eb7c,0x52525252,0x52525252,0x00000000
0x1316eb8c,0x52525252,0x52525252,0x00000000
0x1316eb90,0x52525252,0x52525252,0x00000000
0x1316eb94,0x52525252,0x52525252,0x00000000
0x1316eb9c,0x52525252,0x52525252,0x00000000
0x1316ebac,0x52525252,0x52525252,0x00000000
0x1316f754,0x0f0f0f0f,0x0f0f0f0f,0x00000000
0x1316f758,0x0f0f0f0f,0x0f0f0f0f,0x00000000
0x1316f75c,0x0f0f0f0f,0x0f0f0f0f,0x00000000
0x1316f768,0x0f0f0f0f,0x0f0f0f0f,0x00000000
0x1316f76c,0x0f0f0f0f,0x0f0f0f0f,0x00000000
0x1316f770,0x0f0f0f0f,0x0f0f0f0f,0x00000000
0x1316f774,0x0f0f0f0f,0x0f0f0f0f,0x00000000
0x1316f778,0x0f0f0f0f,0x0f0f0f0f,0x00000000
0x1316f77c,0x0f0f0f0f,0x0f0f0f0f,0x00000000
0x1316f78c,0x0f0f0f0f,0x0f0f0f0f,0x00000000
0x1316f790,0x0f0f0f0f,0x0f0f0f0f,0x00000000
0x1316f794,0x0f0f0f0f,0x0f0f0f0f,0x00000000
0x1316f798,0x0f0f0f0f,0x0f0f0f0f,0x00000000
0x1316f79c,0x0f0f0f0f,0x0f0f0f0f,0x00000000
0x1316f7a0,0x0f0f0f0f,0x0f0f0f0f,0x00000000
0x1316f7a4,0x0f0f0f0f,0x0f0f0f0f,0x00000000
0x1316f7a8,0x0f0f0f0f,0x0f0f0f0f,0x00000000
0x1316f7ac,0x0f0f0f0f,0x0f0f0f0f,0x00000000
0x1316f7b0,0x0f0f0f0f,0x0f0f0f0f,0x00000000
0x1316f7b4,0x0f0f0f0f,0x0f0f0f0f,0x00000000
0x1316f7b8,0x0f0f0f0f,0x0f0f0f0f,0x00000000
0x1316f7bc,0x0f0f0f0f,0x0f0f0f0f,0x00000000
0x1316f7c8,0x0f0f0f0f,0x0f0f0f0f,0x00000000
0x1316f7cc,0x0f0f0f0f,0x0f0f0f0f,0x00000000
0x1316f7d0,0x0f0f0f0f,0x0f0f0f0f,0x00000000
0x1316f7d4,0x0f0f0f0f,0x0f0f0f0f,0x00000000
0x1316f7dc,0x0f0f0f0f,0x0f0f0f0f,0x00000000
0x1316f7ec,0x0f0f0f0f,0x0f0f0f0f,0x00000000
0x1316f7f0,0x0f0f0f0f,0x0f0f0f0f,0x00000000
0x1316f7fc,0x0f0f0f0f,0x0f0f0f0f,0x00000000
0x1316f80c,0x0f0f0f0f,0x0f0f0f0f,0x00000000
0x1316f810,0x0f0f0f0f,0x0f0f0f0f,0x00000000
0x1316f82c,0x0f0f0f0f,0x0f0f0f0f,0x00000000
0x1316f830,0x0f0f0f0f,0x0f0f0f0f,0x00000000
0x1316f84c,0x0f0f0f0f,0x0f0f0f0f,0x00000000
0x1316fae8,0x52525252,0x52525252,0x00000000
0x1316faec,0x52525252,0x52525252,0x00000000
0x1316faf0,0x52525252,0x52525252,0x00000000
0x1316faf4,0x52525252,0x52525252,0x00000000
0x1316faf8,0x52525252,0x52525252,0x00000000
0x1316fafc,0x52525252,0x52525252,0x00000000
0x1316fb08,0x52525252,0x52525252,0x00000000
0x1316fb0c,0x52525252,0x52525252,0x00000000
0x1316fb10,0x52525252,0x52525252,0x00000000
0x1316fb14,0x52525252,0x52525252,0x00000000
0x1316fb18,0x52525252,0x52525252,0x00000000
0x1316fb1c,0x52525252,0x52525252,0x00000000
0x1316fb2c,0x52525252,0x52525252,0x00000000
0x1316fb30,0x52525252,0x52525252,0x00000000
0x1316fb34,0x52525252,0x52525252,0x00000000
0x1316fb38,0x52525252,0x52525252,0x00000000
0x1316fb3c,0x52525252,0x52525252,0x00000000
0x1316fb4c,0x52525252,0x52525252,0x00000000
0x1316fb50,0x52525252,0x52525252,0x00000000
0x1316fb54,0x52525252,0x52525252,0x00000000
0x1316fb58,0x52525252,0x52525252,0x00000000
0x1316fb5c,0x52525252,0x52525252,0x00000000
0x1316fb6c,0x52525252,0x52525252,0x00000000
0x1316fb70,0x52525252,0x52525252,0x00000000
0x1316fb74,0x52525252,0x52525252,0x00000000
0x1316fb78,0x52525252,0x52525252,0x00000000
0x1316fb7c,0x52525252,0x52525252,0x00000000
0x1316fb8c,0x52525252,0x52525252,0x00000000
0x1316fb90,0x52525252,0x52525252,0x00000000
0x1316fb94,0x52525252,0x52525252,0x00000000
0x1316fb9c,0x52525252,0x52525252,0x00000000
0x1316fbac,0x52525252,0x52525252,0x00000000
0x13170754,0x0f0f0f0f,0x0f0f0f0f,0x00000000
0x1317075c,0x0f0f0f0f,0x0f0f0f0f,0x00000000
0x13170760,0x0f0f0f0f,0x0f0f0f0f,0x00000000
0x13170764,0x0f0f0f0f,0x0f0f0f0f,0x00000000
0x1317076c,0x0f0f0f0f,0x0f0f0f0f,0x00000000
0x13170770,0x0f0f0f0f,0x0f0f0f0f,0x00000000
0x1317077c,0x0f0f0f0f,0x0f0f0f0f,0x00000000
0x13170780,0x0f0f0f0f,0x0f0f0f0f,0x00000000
0x13170784,0x0f0f0f0f,0x0f0f0f0f,0x00000000
0x13170788,0x0f0f0f0f,0x0f0f0f0f,0x00000000
0x1317078c,0x0f0f0f0f,0x0f0f0f0f,0x00000000
0x13170790,0x0f0f0f0f,0x0f0f0f0f,0x00000000
0x13170794,0x0f0f0f0f,0x0f0f0f0f,0x00000000
0x131707a0,0x0f0f0f0f,0x0f0f0f0f,0x00000000
0x131707a4,0x0f0f0f0f,0x0f0f0f0f,0x00000000
0x131707a8,0x0f0f0f0f,0x0f0f0f0f,0x00000000
0x131707b0,0x0f0f0f0f,0x0f0f0f0f,0x00000000
0x131707b4,0x0f0f0f0f,0x0f0f0f0f,0x00000000
0x131707b8,0x0f0f0f0f,0x0f0f0f0f,0x00000000
0x131707c0,0x0f0f0f0f,0x0f0f0f0f,0x00000000
0x131707c4,0x0f0f0f0f,0x0f0f0f0f,0x00000000
0x131707cc,0x0f0f0f0f,0x0f0f0f0f,0x00000000
0x131707d0,0x0f0f0f0f,0x0f0f0f0f,0x00000000
0x131707dc,0x0f0f0f0f,0x0f0f0f0f,0x00000000
0x131707e0,0x0f0f0f0f,0x0f0f0f0f,0x00000000
0x131707e4,0x0f0f0f0f,0x0f0f0f0f,0x00000000
0x131707e8,0x0f0f0f0f,0x0f0f0f0f,0x00000000
0x131707ec,0x0f0f0f0f,0x0f0f0f0f,0x00000000
0x131707f0,0x0f0f0f0f,0x0f0f0f0f,0x00000000
0x131707f4,0x0f0f0f0f,0x0f0f0f0f,0x00000000
0x131707f8,0x0f0f0f0f,0x0f0f0f0f,0x00000000
0x131707fc,0x0f0f0f0f,0x0f0f0f0f,0x00000000
0x13170800,0x0f0f0f0f,0x0f0f0f0f,0x00000000
0x13170804,0x0f0f0f0f,0x0f0f0f0f,0x00000000
0x13170810,0x0f0f0f0f,0x0f0f0f0f,0x00000000
0x13170814,0x0f0f0f0f,0x0f0f0f0f,0x00000000
0x13170818,0x0f0f0f0f,0x0f0f0f0f,0x00000000
0x13170820,0x0f0f0f0f,0x0f0f0f0f,0x00000000
0x13170824,0x0f0f0f0f,0x0f0f0f0f,0x00000000
0x13170828,0x0f0f0f0f,0x0f0f0f0f,0x00000000
0x13170834,0x0f0f0f0f,0x0f0f0f0f,0x00000000
0x1317083c,0x0f0f0f0f,0x0f0f0f0f,0x00000000
0x13170840,0x0f0f0f0f,0x0f0f0f0f,0x00000000
0x13170844,0x0f0f0f0f,0x0f0f0f0f,0x00000000
0x13170848,0x0f0f0f0f,0x0f0f0f0f,0x00000000
0x1317084c,0x0f0f0f0f,0x0f0f0f0f,0x00000000
0x13170ac0,0x52525252,0x52525252,0x00000000
0x13170ac8,0x52525252,0x52525252,0x00000000
0x13170acc,0x52525252,0x52525252,0x00000000
0x13170ad4,0x52525252,0x52525252,0x00000000
0x13170ad8,0x52525252,0x52525252,0x00000000
0x13170ae4,0x52525252,0x52525252,0x00000000
0x13170ae8,0x52525252,0x52525252,0x00000000
0x13170aec,0x52525252,0x52525252,0x00000000
0x13170af0,0x52525252,0x52525252,0x00000000
0x13170af4,0x52525252,0x52525252,0x00000000
0x13170af8,0x52525252,0x52525252,0x00000000
0x13170afc,0x52525252,0x52525252,0x00000000
0x13170b00,0x52525252,0x52525252,0x00000000
0x13170b04,0x52525252,0x52525252,0x00000000
0x13170b08,0x52525252,0x52525252,0x00000000
0x13170b0c,0x52525252,0x52525252,0x00000000
0x13170b18,0x52525252,0x52525252,0x00000000
0x13170b1c,0x52525252,0x52525252,0x00000000
0x13170b20,0x52525252,0x52525252,0x00000000
0x13170b28,0x52525252,0x52525252,0x00000000
0x13170b2c,0x52525252,0x52525252,0x00000000
0x13170b30,0x52525252,0x52525252,0x00000000
0x13170b3c,0x52525252,0x52525252,0x00000000
0x13170b40,0x52525252,0x52525252,0x00000000
0x13170b44,0x52525252,0x52525252,0x00000000
0x13170b48,0x52525252,0x52525252,0x00000000
0x13170b4c,0x52525252,0x52525252,0x00000000
0x13170b50,0x52525252,0x52525252,0x00000000
0x13170b54,0x52525252,0x52525252,0x00000000
0x13170b5c,0x52525252,0x52525252,0x00000000
0x13170b84,0x52525252,0x52525252,0x00000000
0x13170b88,0x52525252,0x52525252,0x00000000
0x13170b8c,0x52525252,0x52525252,0x00000000
0x13170b90,0x52525252,0x52525252,0x00000000
0x13170b94,0x52525252,0x52525252,0x00000000
0x13170ba4,0x52525252,0x52525252,0x00000000
0x13170bac,0x52525252,0x52525252,0x00000000
0x13171754,0x0f0f0f0f,0x0f0f0f0f,0x00000000
0x13171758,0x0f0f0f0f,0x0f0f0f0f,0x00000000
0x1317175c,0x0f0f0f0f,0x0f0f0f0f,0x00000000
0x13171760,0x0f0f0f0f,0x0f0f0f0f,0x00000000
0x13171764,0x0f0f0f0f,0x0f0f0f0f,0x00000000
0x13171768,0x0f0f0f0f,0x0f0f0f0f,0x00000000
0x1317176c,0x0f0f0f0f,0x0f0f0f0f,0x00000000
0x13171770,0x0f0f0f0f,0x0f0f0f0f,0x00000000
0x13171774,0x0f0f0f0f,0x0f0f0f0f,0x00000000
0x13171778,0x0f0f0f0f,0x0f0f0f0f,0x00000000
0x1317177c,0x0f0f0f0f,0x0f0f0f0f,0x00000000
0x13171780,0x0f0f0f0f,0x0f0f0f0f,0x00000000
0x13171784,0x0f0f0f0f,0x0f0f0f0f,0x00000000
0x13171788,0x0f0f0f0f,0x0f0f0f0f,0x00000000
0x1317178c,0x0f0f0f0f,0x0f0f0f0f,0x00000000
0x13171790,0x0f0f0f0f,0x0f0f0f0f,0x00000000
0x13171794,0x0f0f0f0f,0x0f0f0f0f,0x00000000
0x13171798,0x0f0f0f0f,0x0f0f0f0f,0x00000000
0x1317179c,0x0f0f0f0f,0x0f0f0f0f,0x00000000
0x131717a0,0x0f0f0f0f,0x0f0f0f0f,0x00000000
0x131717a4,0x0f0f0f0f,0x0f0f0f0f,0x00000000
0x131717a8,0x0f0f0f0f,0x0f0f0f0f,0x00000000
0x131717ac,0x0f0f0f0f,0x0f0f0f0f,0x00000000
0x131717b0,0x0f0f0f0f,0x0f0f0f0f,0x00000000
0x131717b4,0x0f0f0f0f,0x0f0f0f0f,0x00000000
0x131717b8,0x0f0f0f0f,0x0f0f0f0f,0x00000000
0x131717bc,0x0f0f0f0f,0x0f0f0f0f,0x00000000
0x131717c0,0x0f0f0f0f,0x0f0f0f0f,0x00000000
0x131717c4,0x0f0f0f0f,0x0f0f0f0f,0x00000000
0x131717c8,0x0f0f0f0f,0x0f0f0f0f,0x00000000
0x131717cc,0x0f0e0f0f,0x0f0e0f0f,0x00000000
0x131717d0,0x0f0f0f0f,0x0f0f0f0f,0x00000000
0x131717d4,0x0f0f0f0f,0x0f0f0f0f,0x00000000
0x131717d8,0x0f0f0f0f,0x0f0f0f0f,0x00000000
0x131717dc,0x0f0f0f0f,0x0f0f0f0f,0x00000000
0x131717ec,0x0f0f0f0f,0x0f0f0f0f,0x00000000
0x131717f4,0x0f0f0f0f,0x0f0f0f0f,0x00000000
0x131717f8,0x0f0f0f0f,0x0f0f0f0f,0x00000000
0x131717fc,0x0f0f0f0f,0x0f0f0f0f,0x00000000
0x13171800,0x0f0f0f0f,0x0f0f0f0f,0x00000000
0x1317180c,0x0f0f0f0f,0x0f0f0f0f,0x00000000
0x13171810,0x0f0f0f0f,0x0f0f0f0f,0x00000000
0x13171814,0x0f0f0f0f,0x0f0f0f0f,0x00000000
0x1317181c,0x0f0f0f0f,0x0f0f0f0f,0x00000000
0x1317183c,0x0f0f0f0f,0x0f0f0f0f,0x00000000
0x1317186c,0x0f0f0f0f,0x0f0f0f0f,0x00000000
0x13171aac,0x52525252,0x52525252,0x00000000
0x13171ab0,0x52525252,0x52525252,0x00000000
0x13171ab4,0x52525252,0x52525252,0x00000000
0x13171ab8,0x52525252,0x52525252,0x00000000
0x13171abc,0x52525252,0x52525252,0x00000000
0x13171acc,0x52525252,0x52525252,0x00000000
0x13171ad0,0x52525252,0x52525252,0x00000000
0x13171ad4,0x52525252,0x52525252,0x00000000
0x13171ad8,0x52525252,0x52525252,0x00000000
0x13171adc,0x52525252,0x52525252,0x00000000
0x13171aec,0x52525252,0x52525252,0x00000000
0x13171af0,0x52525252,0x52525252,0x00000000
0x13171af4,0x52525252,0x52525252,0x00000000
0x13171af8,0x52525252,0x52525252,0x00000000
0x13171afc,0x52525252,0x52525252,0x00000000
0x13171b08,0x52525252,0x52525252,0x00000000
0x13171b0c,0x52525252,0x52525252,0x00000000
0x13171b10,0x52525252,0x52525252,0x00000000
0x13171b14,0x52525252,0x52525252,0x00000000
0x13171b18,0x52525252,0x52525252,0x00000000
0x13171b1c,0x52525252,0x52525252,0x00000000
0x13171b20,0x52525252,0x52525252,0x00000000
0x13171b24,0x52525252,0x52525252,0x00000000
0x13171b28,0x52525252,0x52525252,0x00000000
0x13171b2c,0x52525252,0x52525252,0x00000000
0x13171b30,0x52525252,0x52525252,0x00000000
0x13171b34,0x52525252,0x52525252,0x00000000
0x13171b38,0x52525252,0x52525252,0x00000000
0x13171b3c,0x52525252,0x52525252,0x00000000
0x13171b48,0x52525252,0x52525252,0x00000000
0x13171b4c,0x52525252,0x52525252,0x00000000
0x13171b50,0x52525252,0x52525252,0x00000000
0x13171b54,0x52525252,0x52525252,0x00000000
0x13171b58,0x52525252,0x52525252,0x00000000
0x13171b5c,0x52525252,0x52525252,0x00000000
0x13171b68,0x52525252,0x52525252,0x00000000
0x13171b6c,0x52525252,0x52525252,0x00000000
0x13171b70,0x52525252,0x52525252,0x00000000
0x13171b74,0x52525252,0x52525252,0x00000000
0x13171b78,0x52525252,0x52525252,0x00000000
0x13171b7c,0x52525252,0x52525252,0x00000000
0x13171b88,0x52525252,0x52525252,0x00000000
0x13171b8c,0x52525252,0x52525252,0x00000000
0x13171b90,0x52525252,0x52525252,0x00000000
0x13171b94,0x52525252,0x52525252,0x00000000
0x13171b9c,0x52525252,0x52525252,0x00000000
0x13171bac,0x52525252,0x52525252,0x00000000
0x13172754,0x0f0f0f0f,0x0f0f0f0f,0x00000000
0x13172758,0x0f0f0f0f,0x0f0f0f0f,0x00000000
0x1317275c,0x0f0f0f0f,0x0f0f0f0f,0x00000000
0x1317276c,0x0f0f0f0f,0x0f0f0f0f,0x00000000
0x13172770,0x0f0f0f0f,0x0f0f0f0f,0x00000000
0x13172774,0x0f0f0f0f,0x0f0f0f0f,0x00000000
0x13172778,0x0f0f0f0f,0x0f0f0f0f,0x00000000
0x1317277c,0x0f0f0f0f,0x0f0f0f0f,0x00000000
0x13172788,0x0f0f0f0f,0x0f0f0f0f,0x00000000
0x1317278c,0x0f0f0f0f,0x0f0f0f0f,0x00000000
0x13172790,0x0f0f0f0f,0x0f0f0f0f,0x00000000
0x13172794,0x0f0f0f0f,0x0f0f0f0f,0x00000000
0x13172798,0x0f0f0f0f,0x0f0f0f0f,0x00000000
0x1317279c,0x0f0f0f0f,0x0f0f0f0f,0x00000000
0x131727a0,0x0f0f0f0f,0x0f0f0f0f,0x00000000
0x131727a4,0x0f0f0f0f,0x0f0f0f0f,0x00000000
0x131727a8,0x0f0f0f0f,0x0f0f0f0f,0x00000000
0x131727ac,0x0f0f0f0f,0x0f0f0f0f,0x00000000
0x131727b0,0x0f0f0f0f,0x0f0f0f0f,0x00000000
0x131727b4,0x0f0f0f0f,0x0f0f0f0f,0x00000000
0x131727b8,0x0f0f0f0f,0x0f0f0f0f,0x00000000
0x131727bc,0x0f0f0f0f,0x0f0f0f0f,0x00000000
0x131727c8,0x0f0f0f0f,0x0f0f0f0f,0x00000000
0x131727cc,0x0f0f0f0f,0x0f0f0f0f,0x00000000
0x131727d0,0x0f0f0f0f,0x0f0f0f0f,0x00000000
0x131727d4,0x0f0f0f0f,0x0f0f0f0f,0x00000000
0x131727d8,0x0f0f0f0f,0x0f0f0f0f,0x00000000
0x131727dc,0x0f0f0f0f,0x0f0f0f0f,0x00000000
0x131727ec,0x0f0f0f0f,0x0f0f0f0f,0x00000000
0x131727f0,0x0f0f0f0f,0x0f0f0f0f,0x00000000
0x131727f4,0x0f0f0f0f,0x0f0f0f0f,0x00000000
0x131727f8,0x0f0f0f0f,0x0f0f0f0f,0x00000000
0x131727fc,0x0f0f0f0f,0x0f0f0f0f,0x00000000
0x13172808,0x0f0f0f0f,0x0f0f0f0f,0x00000000
0x1317280c,0x0f0f0f0f,0x0f0f0f0f,0x00000000
0x13172810,0x0f0f0f0f,0x0f0f0f0f,0x00000000
0x13172814,0x0f0f0f0f,0x0f0f0f0f,0x00000000
0x13172818,0x0f0f0f0f,0x0f0f0f0f,0x00000000
0x1317281c,0x0f0f0f0f,0x0f0f0f0f,0x00000000
0x13172820,0x0f0f0f0f,0x0f0f0f0f,0x00000000
0x13172824,0x0f0f0f0f,0x0f0f0f0f,0x00000000
0x13172828,0x0f0f0f0f,0x0f0f0f0f,0x00000000
0x1317282c,0x0f0f0f0f,0x0f0f0f0f,0x00000000
0x13172830,0x0f0f0f0f,0x0f0f0f0f,0x00000000
0x13172834,0x0f0f0f0f,0x0f0f0f0f,0x00000000
0x13172838,0x0f0f0f0f,0x0f0f0f0f,0x00000000
0x1317283c,0x0f0f0f0f,0x0f0f0f0f,0x00000000
0x1317284c,0x0f0f0f0f,0x0f0f0f0f,0x00000000
0x13172850,0x0f0f0f0f,0x0f0f0f0f,0x00000000
0x13172854,0x0f0f0f0f,0x0f0f0f0f,0x00000000
0x1317285c,0x0f0f0f0f,0x0f0f0f0f,0x00000000
0x13172864,0x0f0f0f0f,0x0f0f0f0f,0x00000000
0x1317286c,0x0f0f0f0f,0x0f0f0f0f,0x00000000
0x13172a78,0x52525252,0x52525252,0x00000000
0x13172a8c,0x52525252,0x52525252,0x00000000
0x13172a90,0x52525252,0x52525252,0x00000000
0x13172a94,0x52525252,0x52525252,0x00000000
0x13172a98,0x52525252,0x52525252,0x00000000
0x13172a9c,0x52525252,0x52525252,0x00000000
0x13172aa8,0x52525252,0x52525252,0x00000000
0x13172aac,0x52525252,0x52525252,0x00000000
0x13172ab0,0x52525252,0x52525252,0x00000000
0x13172ab4,0x52525252,0x52525252,0x00000000
0x13172ab8,0x52525252,0x52525252,0x00000000
0x13172abc,0x52525252,0x52525252,0x00000000
0x13172ac8,0x52525252,0x52525252,0x00000000
0x13172acc,0x52525252,0x52525252,0x00000000
0x13172ad0,0x52525252,0x52525252,0x00000000
0x13172ad4,0x52525252,0x52525252,0x00000000
0x13172ad8,0x52525252,0x52525252,0x00000000
0x13172adc,0x52525252,0x52525252,0x00000000
0x13172ae8,0x52525252,0x52525252,0x00000000
0x13172af0,0x52525252,0x52525252,0x00000000
0x13172af4,0x52525252,0x52525252,0x00000000
0x13172af8,0x52525252,0x52525252,0x00000000
0x13172afc,0x52525252,0x52525252,0x00000000
0x13172b0c,0x52525252,0x52525252,0x00000000
0x13172b10,0x52525252,0x52525252,0x00000000
0x13172b14,0x52525252,0x52525252,0x00000000
0x13172b18,0x52525252,0x52525252,0x00000000
0x13172b1c,0x52525252,0x52525252,0x00000000
0x13172b2c,0x52525252,0x52525252,0x00000000
0x13172b30,0x52525252,0x52525252,0x00000000
0x13172b34,0x52525252,0x52525252,0x00000000
0x13172b38,0x52525252,0x52525252,0x00000000
0x13172b3c,0x52525252,0x52525252,0x00000000
0x13172b48,0x52525252,0x52525252,0x00000000
0x13172b4c,0x52525252,0x52525252,0x00000000
0x13172b50,0x52525252,0x52525252,0x00000000
0x13172b54,0x52525252,0x52525252,0x00000000
0x13172b58,0x52525252,0x52525252,0x00000000
0x13172b5c,0x52525252,0x52525252,0x00000000
0x13172b60,0x52525252,0x52525252,0x00000000
0x13172b64,0x52525252,0x52525252,0x00000000
0x13172b68,0x52525252,0x52525252,0x00000000
0x13172b6c,0x52525252,0x52525252,0x00000000
0x13172b70,0x52525252,0x52525252,0x00000000
0x13172b74,0x52525252,0x52525252,0x00000000
0x13172b78,0x52525252,0x52525252,0x00000000
0x13172b7c,0x52525252,0x52525252,0x00000000
0x13172b88,0x52525252,0x52525252,0x00000000
0x13172b8c,0x52525252,0x52525252,0x00000000
0x13172b90,0x52525252,0x52525252,0x00000000
0x13172b94,0x52525252,0x52525252,0x00000000
0x13172b9c,0x52525252,0x52525252,0x00000000
0x13172bac,0x52525252,0x52525252,0x00000000
0x13173754,0x0f0f0f0f,0x0f0f0f0f,0x00000000
0x1317377c,0x0f0f0f0f,0x0f0f0f0f,0x00000000
0x13173780,0x0f0f0f0f,0x0f0f0f0f,0x00000000
0x13173784,0x0f0f0f0f,0x0f0f0f0f,0x00000000
0x13173788,0x0f0f0f0f,0x0f0f0f0f,0x00000000
0x1317378c,0x0f0f0f0f,0x0f0f0f0f,0x00000000
0x13173798,0x0f0f0f0f,0x0f0f0f0f,0x00000000
0x1317379c,0x0f0f0f0f,0x0f0f0f0f,0x00000000
0x131737a0,0x0f0f0f0f,0x0f0f0f0f,0x00000000
0x131737a4,0x0f0f0f0f,0x0f0f0f0f,0x00000000
0x131737a8,0x0f0f0f0f,0x0f0f0f0f,0x00000000
0x131737ac,0x0f0f0f0f,0x0f0f0f0f,0x00000000
0x131737b8,0x0f0f0f0f,0x0f0f0f0f,0x00000000
0x131737bc,0x0f0f0f0f,0x0f0f0f0f,0x00000000
0x131737c0,0x0f0f0f0f,0x0f0f0f0f,0x00000000
0x131737c4,0x0f0f0f0f,0x0f0f0f0f,0x00000000
0x131737c8,0x0f0f0f0f,0x0f0f0f0f,0x00000000
0x131737cc,0x0f0f0f0f,0x0f0f0f0f,0x00000000
0x131737dc,0x0f0f0f0f,0x0f0f0f0f,0x00000000
0x131737e0,0x0f0f0f0f,0x0f0f0f0f,0x00000000
0x131737e4,0x0f0f0f0f,0x0f0f0f0f,0x00000000
0x131737e8,0x0f0f0f0f,0x0f0f0f0f,0x00000000
0x131737ec,0x0f0f0f0f,0x0f0f0f0f,0x00000000
0x131737f0,0x0f0f0f0f,0x0f0f0f0f,0x00000000
0x131737f4,0x0f0f0f0f,0x0f0f0f0f,0x00000000
0x131737f8,0x0f0f0f0f,0x0f0f0f0f,0x00000000
0x131737fc,0x0f0f0f0f,0x0f0f0f0f,0x00000000
0x13173800,0x0f0f0f0f,0x0f0f0f0f,0x00000000
0x13173804,0x0f0f0f0f,0x0f0f0f0f,0x00000000
0x13173808,0x0f0f0f0f,0x0f0f0f0f,0x00000000
0x1317380c,0x0f0f0f0f,0x0f0f0f0f,0x00000000
0x13173818,0x0f0f0f0f,0x0f0f0f0f,0x00000000
0x1317381c,0x0f0f0f0f,0x0f0f0f0f,0x00000000
0x13173820,0x0f0f0f0f,0x0f0f0f0f,0x00000000
0x13173824,0x0f0f0f0f,0x0f0f0f0f,0x00000000
0x13173828,0x0f0f0f0f,0x0f0f0f0f,0x00000000
0x1317382c,0x0f0f0f0f,0x0f0f0f0f,0x00000000
0x13173838,0x0f0f0f0f,0x0f0f0f0f,0x00000000
0x1317383c,0x0f0f0f0f,0x0f0f0f0f,0x00000000
0x13173840,0x0f0f0f0f,0x0f0f0f0f,0x00000000
0x13173844,0x0f0f0f0f,0x0f0f0f0f,0x00000000
0x13173848,0x0f0f0f0f,0x0f0f0f0f,0x00000000
0x1317384c,0x0f0f0f0f,0x0f0f0f0f,0x00000000
0x13173850,0x0f0f0f0f,0x0f0f0f0f,0x00000000
0x13173854,0x0f0f0f0f,0x0f0f0f0f,0x00000000
0x1317385c,0x0f0f0f0f,0x0f0f0f0f,0x00000000
0x13173860,0x0f0f0f0f,0x0f0f0f0f,0x00000000
0x13173864,0x0f0f0f0f,0x0f0f0f0f,0x00000000
0x13173868,0x0f0f0f0f,0x0f0f0f0f,0x00000000
0x1317386c,0x0f0f0f0f,0x0f0f0f0f,0x00000000
0x13173a84,0x52525252,0x52525252,0x00000000
0x13173a88,0x52525252,0x52525252,0x00000000
0x13173a8c,0x52525252,0x52525252,0x00000000
0x13173a90,0x52525252,0x52525252,0x00000000
0x13173a94,0x52525252,0x52525252,0x00000000
0x13173aa0,0x52525252,0x52525252,0x00000000
0x13173aa4,0x52525252,0x52525252,0x00000000
0x13173aa8,0x52525252,0x52525252,0x00000000
0x13173aac,0x52525252,0x52525252,0x00000000
0x13173ab0,0x52525252,0x52525252,0x00000000
0x13173ab4,0x52525252,0x52525252,0x00000000
0x13173ac0,0x52525252,0x52525252,0x00000000
0x13173ac8,0x52525252,0x52525252,0x00000000
0x13173acc,0x52525252,0x52525252,0x00000000
0x13173ad0,0x52525252,0x52525252,0x00000000
0x13173ad4,0x52525252,0x52525252,0x00000000
0x13173ad8,0x52525252,0x52525252,0x00000000
0x13173adc,0x52525252,0x52525252,0x00000000
0x13173ae0,0x52525252,0x52525252,0x00000000
0x13173ae4,0x52525252,0x52525252,0x00000000
0x13173ae8,0x52525252,0x52525252,0x00000000
0x13173aec,0x52525252,0x52525252,0x00000000
0x13173af0,0x52525252,0x52525252,0x00000000
0x13173af4,0x52525252,0x52525252,0x00000000
0x13173af8,0x52525252,0x52525252,0x00000000
0x13174754,0x0f0f0f0f,0x0f0f0f0f,0x00000000
0x13174758,0x0f0f0f0f,0x0f0f0f0f,0x00000000
0x1317475c,0x0f0f0f0f,0x0f0f0f0f,0x00000000
0x13174760,0x0f0f0f0f,0x0f0f0f0f,0x00000000
0x13174764,0x0f0f0f0f,0x0f0f0f0f,0x00000000
0x13174768,0x0f0f0f0f,0x0f0f0f0f,0x00000000
0x1317476c,0x0f0f0f0f,0x0f0f0f0f,0x00000000
0x13174770,0x0f0f0f0f,0x0f0f0f0f,0x00000000
0x13174774,0x0f0f0f0f,0x0f0f0f0f,0x00000000
0x13174778,0x0f0f0f0f,0x0f0f0f0f,0x00000000
0x1317477c,0x0f0f0f0f,0x0f0f0f0f,0x00000000
0x13174780,0x0f0f0f0f,0x0f0f0f0f,0x00000000
0x13174784,0x0f0f0f0f,0x0f0f0f0f,0x00000000
0x13174788,0x0f0f0f0f,0x0f0f0f0f,0x00000000
0x1317478c,0x0f0f0f0f,0x0f0f0f0f,0x00000000
0x13174790,0x0f0f0f0f,0x0f0f0f0f,0x00000000
0x13174794,0x0f0f0f0f,0x0f0f0f0f,0x00000000
0x13174798,0x0f0f0f0f,0x0f0f0f0f,0x00000000
0x1317479c,0x0f0f0f0f,0x0f0f0f0f,0x00000000
0x131747ac,0x0f0f0f0f,0x0f0f0f0f,0x00000000
0x131747b4,0x0f0f0f0f,0x0f0f0f0f,0x00000000
0x131747b8,0x0f0f0f0f,0x0f0f0f0f,0x00000000
0x131747bc,0x0f0f0f0f,0x0f0f0f0f,0x00000000
0x131747c0,0x0f0f0f0f,0x0f0f0f0f,0x00000000
0x131747c8,0x0f0f0f0f,0x0f0f0f0f,0x00000000
0x131747cc,0x0f0f0f0f,0x0f0f0f0f,0x00000000
0x131747d0,0x0f0f0f0f,0x0f0f0f0f,0x00000000
0x131747d8,0x0f0f0f0f,0x0f0f0f0f,0x00000000
0x131747dc,0x0f0f0f0f,0x0f0f0f0f,0x00000000
0x131747fc,0x0f0f0f0f,0x0f0f0f0f,0x00000000
0x13174810,0x0f0f0f0f,0x0f0f0f0f,0x00000000
0x13174860,0x0f0f0f0f,0x0f0f0f0f,0x00000000
0x13174864,0x0f0f0f0f,0x0f0f0f0f,0x00000000
0x13174868,0x0f0f0f0f,0x0f0f0f0f,0x00000000
0x1317486c,0x0f0f0f0f,0x0f0f0f0f,0x00000000
0x13174870,0x0f0f0f0f,0x0f0f0f0f,0x00000000
0x1317488c,0x0f0f0f0f,0x0f0f0f0f,0x00000000
0x13174a38,0x52525252,0x52525252,0x00000000
0x13174a54,0x52525252,0x52525252,0x00000000
0x13174a58,0x52525252,0x52525252,0x00000000
0x13174a5c,0x52525252,0x52525252,0x00000000
0x13174a60,0x52525252,0x52525252,0x00000000
0x13174a64,0x52525252,0x52525252,0x00000000
0x13174a68,0x52525252,0x52525252,0x00000000
0x13174a6c,0x52525252,0x52525252,0x00000000
0x13174a70,0x52525252,0x52525252,0x00000000
0x13174a74,0x52525252,0x52525252,0x00000000
0x13174a78,0x52525252,0x52525252,0x00000000
0x13174a7c,0x52525252,0x52525252,0x00000000
0x13174a80,0x52525252,0x52525252,0x00000000
0x13174a84,0x52525252,0x52525252,0x00000000
0x13174a88,0x52525252,0x52525252,0x00000000
0x13174a8c,0x52525252,0x52525252,0x00000000
0x13174a90,0x52525252,0x52525252,0x00000000
0x13174a94,0x52525252,0x52525252,0x00000000
0x13174a98,0x52525252,0x52525252,0x00000000
0x13174a9c,0x52525252,0x52525252,0x00000000
0x13174aac,0x52525252,0x52525252,0x00000000
0x13174ab4,0x52525252,0x52525252,0x00000000
0x13174ab8,0x52525252,0x52525252,0x00000000
0x13174abc,0x52525252,0x52525252,0x00000000
0x13174ac0,0x52525252,0x52525252,0x00000000
0x13174ac8,0x52525252,0x52525252,0x00000000
0x13174acc,0x52525252,0x52525252,0x00000000
0x13174ad0,0x52525252,0x52525252,0x00000000
0x13174ad8,0x52525252,0x52525252,0x00000000
0x13174adc,0x52525252,0x52525252,0x00000000
0x13174afc,0x52525252,0x52525252,0x00000000
0x13174b10,0x52525252,0x52525252,0x00000000
0x13174b60,0x52525252,0x52525252,0x00000000
0x13174b64,0x52525252,0x52525252,0x00000000
0x13174b68,0x52525252,0x52525252,0x00000000
0x13174b6c,0x52525252,0x52525252,0x00000000
0x13174b70,0x52525252,0x52525252,0x00000000
0x13174b74,0x52525252,0x52525252,0x00000000
0x13174b78,0x52525252,0x52525252,0x00000000
0x13174b7c,0x52525252,0x52525252,0x00000000
0x13174b80,0x52525252,0x52525252,0x00000000
0x13174b84,0x52525252,0x52525252,0x00000000
0x13174b88,0x52525252,0x52525252,0x00000000
0x13174b8c,0x52525252,0x52525252,0x00000000
0x13174b90,0x52525252,0x52525252,0x00000000
0x13174b94,0x52525252,0x52525252,0x00000000
0x13174b9c,0x52525252,0x52525252,0x00000000
0x13174ba4,0x52525252,0x52525252,0x00000000
0x13174bac,0x52525252,0x52525252,0x00000000
0x13175754,0x0f0f0f0f,0x0f0f0f0f,0x00000000
0x13175758,0x0f0f0f0f,0x0f0f0f0f,0x00000000
0x1317575c,0x0f0f0f0f,0x0f0f0f0f,0x00000000
0x1317576c,0x0f0f0f0f,0x0f0f0f0f,0x00000000
0x13175770,0x0f0f0f0f,0x0f0f0f0f,0x00000000
0x13175774,0x0f0f0f0f,0x0f0f0f0f,0x00000000
0x13175778,0x0f0f0f0f,0x0f0f0f0f,0x00000000
0x1317577c,0x0f0f0f0f,0x0f0f0f0f,0x00000000
0x1317578c,0x0f0f0f0f,0x0f0f0f0f,0x00000000
0x13175790,0x0f0f0f0f,0x0f0f0f0f,0x00000000
0x13175794,0x0f0f0f0f,0x0f0f0f0f,0x00000000
0x13175798,0x0f0f0f0f,0x0f0f0f0f,0x00000000
0x1317579c,0x0f0f0f0f,0x0f0f0f0f,0x00000000
0x131757ac,0x0f0f0f0f,0x0f0f0f0f,0x00000000
0x131757b0,0x0f0f0f0f,0x0f0f0f0f,0x00000000
0x131757b4,0x0f0f0f0f,0x0f0f0f0f,0x00000000
0x131757b8,0x0f0f0f0f,0x0f0f0f0f,0x00000000
0x131757bc,0x0f0f0f0f,0x0f0f0f0f,0x00000000
0x131757cc,0x0f0f0f0f,0x0f0f0f0f,0x00000000
0x131757d0,0x0f0f0f0f,0x0f0f0f0f,0x00000000
0x131757d4,0x0f0f0f0f,0x0f0f0f0f,0x00000000
0x131757d8,0x0f0f0f0f,0x0f0f0f0f,0x00000000
0x131757dc,0x0f0f0f0f,0x0f0f0f0f,0x00000000
0x131757ec,0x0f0f0f0f,0x0f0f0f0f,0x00000000
0x131757f0,0x0f0f0f0f,0x0f0f0f0f,0x00000000
0x131757f4,0x0f0f0f0f,0x0f0f0f0f,0x00000000
0x131757f8,0x0f0f0f0f,0x0f0f0f0f,0x00000000
0x131757fc,0x0f0f0f0f,0x0f0f0f0f,0x00000000
0x1317580c,0x0f0f0f0f,0x0f0f0f0f,0x00000000
0x13175810,0x0f0f0f0f,0x0f0f0f0f,0x00000000
0x13175814,0x0f0f0f0f,0x0f0f0f0f,0x00000000
0x13175818,0x0f0f0f0f,0x0f0f0f0f,0x00000000
0x1317581c,0x0f0f0f0f,0x0f0f0f0f,0x00000000
0x1317582c,0x0f0f0f0f,0x0f0f0f0f,0x00000000
0x13175830,0x0f0f0f0f,0x0f0f0f0f,0x00000000
0x13175834,0x0f0f0f0f,0x0f0f0f0f,0x00000000
0x13175838,0x0f0f0f0f,0x0f0f0f0f,0x00000000
0x1317583c,0x0f0f0f0f,0x0f0f0f0f,0x00000000
0x13175848,0x0f0f0f0f,0x0f0f0f0f,0x00000000
0x1317584c,0x0f0f0f0f,0x0f0f0f0f,0x00000000
0x13175850,0x0f0f0f0f,0x0f0f0f0f,0x00000000
0x13175854,0x0f0f0f0f,0x0f0f0f0f,0x00000000
0x13175858,0x0f0f0f0f,0x0f0f0f0f,0x00000000
0x1317585c,0x0f0f0f0f,0x0f0f0f0f,0x00000000
0x13175860,0x0f0f0f0f,0x0f0f0f0f,0x00000000
0x13175864,0x0f0f0f0f,0x0f0f0f0f,0x00000000
0x13175868,0x0f0f0f0f,0x0f0f0f0f,0x00000000
0x1317586c,0x0f0f0f0f,0x0f0f0f0f,0x00000000
0x13175870,0x0f0f0f0f,0x0f0f0f0f,0x00000000
0x13175874,0x0f0f0f0f,0x0f0f0f0f,0x00000000
0x1317587c,0x0f0f0f0f,0x0f0f0f0f,0x00000000
0x1317588c,0x0f0f0f0f,0x0f0f0f0f,0x00000000
0x13175a54,0x52525252,0x52525252,0x00000000
0x13175a58,0x52525252,0x52525252,0x00000000
0x13175a5c,0x52525252,0x52525252,0x00000000
0x13175a68,0x52525252,0x52525252,0x00000000
0x13175a70,0x52525252,0x52525252,0x00000000
0x13175a74,0x52525252,0x52525252,0x00000000
0x13175a78,0x52525252,0x52525252,0x00000000
0x13175a7c,0x52525252,0x52525252,0x00000000
0x13175a88,0x52525252,0x52525252,0x00000000
0x13175a8c,0x52525252,0x52525252,0x00000000
0x13175a90,0x52525252,0x52525252,0x00000000
0x13175a94,0x52525252,0x52525252,0x00000000
0x13175a98,0x52525252,0x52525252,0x00000000
0x13175a9c,0x52525252,0x52525252,0x00000000
0x13175aa0,0x52525252,0x52525252,0x00000000
0x13175aa4,0x52525252,0x52525252,0x00000000
0x13175aa8,0x52525252,0x52525252,0x00000000
0x13175aac,0x52525252,0x52525252,0x00000000
0x13175ab0,0x52525252,0x52525252,0x00000000
0x13175ab4,0x52525252,0x52525252,0x00000000
0x13175ab8,0x52525252,0x52525252,0x00000000
0x13175abc,0x52525252,0x52525252,0x00000000
0x13175ac8,0x52525252,0x52525252,0x00000000
0x13175acc,0x52525252,0x52525252,0x00000000
0x13175ad0,0x52525252,0x52525252,0x00000000
0x13175ad4,0x52525252,0x52525252,0x00000000
0x13175ad8,0x52525252,0x52525252,0x00000000
0x13175adc,0x52525252,0x52525252,0x00000000
0x13175ae8,0x52525252,0x52525252,0x00000000
0x13175aec,0x52525252,0x52525252,0x00000000
0x13175af0,0x52525252,0x52525252,0x00000000
0x13175af4,0x52525252,0x52525252,0x00000000
0x13175af8,0x52525252,0x52525252,0x00000000
0x13175afc,0x52525252,0x52525252,0x00000000
0x13175b08,0x52525252,0x52525252,0x00000000
0x13175b0c,0x52525252,0x52525252,0x00000000
0x13175b10,0x52525252,0x52525252,0x00000000
0x13175b14,0x52525252,0x52525252,0x00000000
0x13175b18,0x52525252,0x52525252,0x00000000
0x13175b1c,0x52525252,0x52525252,0x00000000
0x13175b28,0x52525252,0x52525252,0x00000000
0x13175b2c,0x52525252,0x52525252,0x00000000
0x13175b30,0x52525252,0x52525252,0x00000000
0x13175b34,0x52525252,0x52525252,0x00000000
0x13175b38,0x52525252,0x52525252,0x00000000
0x13175b3c,0x52525252,0x52525252,0x00000000
0x13175b48,0x52525252,0x52525252,0x00000000
0x13175b4c,0x52525252,0x52525252,0x00000000
0x13175b50,0x52525252,0x52525252,0x00000000
0x13175b54,0x52525252,0x52525252,0x00000000
0x13175b58,0x52525252,0x52525252,0x00000000
0x13175b5c,0x52525252,0x52525252,0x00000000
0x13175b68,0x52525252,0x52525252,0x00000000
0x13175b6c,0x52525252,0x52525252,0x00000000
0x13175b70,0x52525252,0x52525252,0x00000000
0x13175b74,0x52525252,0x52525252,0x00000000
0x13175b78,0x52525252,0x52525252,0x00000000
0x13175b7c,0x52525252,0x52525252,0x00000000
0x13175b8c,0x52525252,0x52525252,0x00000000
0x13175b90,0x52525252,0x52525252,0x00000000
0x13175b94,0x52525252,0x52525252,0x00000000
0x13175b9c,0x52525252,0x52525252,0x00000000
0x13175bac,0x52525252,0x52525252,0x00000000
0x13176754,0x0f0f0f0f,0x0f0f0f0f,0x00000000
0x13176758,0x0f0f0f0f,0x0f0f0f0f,0x00000000
0x1317675c,0x0f0f0f0f,0x0f0f0f0f,0x00000000
0x1317676c,0x0f0f0f0f,0x0f0f0f0f,0x00000000
0x13176770,0x0f0f0f0f,0x0f0f0f0f,0x00000000
0x13176774,0x0f0f0f0f,0x0f0f0f0f,0x00000000
0x13176778,0x0f0f0f0f,0x0f0f0f0f,0x00000000
0x1317677c,0x0f0f0f0f,0x0f0f0f0f,0x00000000
0x1317678c,0x0f0f0f0f,0x0f0f0f0f,0x00000000
0x13176790,0x0f0f0f0f,0x0f0f0f0f,0x00000000
0x13176794,0x0f0f0f0f,0x0f0f0f0f,0x00000000
0x13176798,0x0f0f0f0f,0x0f0f0f0f,0x00000000
0x1317679c,0x0f0f0f0f,0x0f0f0f0f,0x00000000
0x131767ac,0x0f0f0f0f,0x0f0f0f0f,0x00000000
0x131767b0,0x0f0f0f0f,0x0f0f0f0f,0x00000000
0x131767b4,0x0f0f0f0f,0x0f0f0f0f,0x00000000
0x131767b8,0x0f0f0f0f,0x0f0f0f0f,0x00000000
0x131767bc,0x0f0f0f0f,0x0f0f0f0f,0x00000000
0x131767cc,0x0f0f0f0f,0x0f0f0f0f,0x00000000
0x131767d0,0x0f0f0f0f,0x0f0f0f0f,0x00000000
0x131767d4,0x0f0f0f0f,0x0f0f0f0f,0x00000000
0x131767d8,0x0f0f0f0f,0x0f0f0f0f,0x00000000
0x131767dc,0x0f0f0f0f,0x0f0f0f0f,0x00000000
0x131767e8,0x0f0f0f0e,0x0f0f0f0e,0x00000000
0x131767ec,0x0f0f0f0f,0x0f0f0f0f,0x00000000
0x131767f0,0x0f0f0f0e,0x0f0f0f0e,0x00000000
0x131767f4,0x0f0f0f0f,0x0f0f0f0f,0x00000000
0x131767f8,0x0f0f0f0f,0x0f0f0f0f,0x00000000
0x131767fc,0x0e0f0f0f,0x0e0f0f0f,0x00000000
0x13176808,0x0f0f0f0f,0x0f0f0f0f,0x00000000
0x1317680c,0x0f0f0f0f,0x0f0f0f0f,0x00000000
0x13176810,0x0f0f0f0f,0x0f0f0f0f,0x00000000
0x13176814,0x0f0f0f0f,0x0f0f0f0f,0x00000000
0x13176818,0x0f0f0f0f,0x0f0f0f0f,0x00000000
0x1317681c,0x0f0f0f0f,0x0f0f0f0f,0x00000000
0x13176828,0x0f0f0f0f,0x0f0f0f0f,0x00000000
0x13176830,0x0f0f0f0f,0x0f0f0f0f,0x00000000
0x13176834,0x0f0f0f0f,0x0f0f0f0f,0x00000000
0x13176838,0x0f0f0f0f,0x0f0f0f0f,0x00000000
0x1317683c,0x0f0f0f0f,0x0f0f0f0f,0x00000000
0x1317684c,0x0f0f0f0f,0x0f0f0f0f,0x00000000
0x13176850,0x0f0f0f0f,0x0f0f0f0f,0x00000000
0x13176854,0x0f0f0f0f,0x0f0f0f0f,0x00000000
0x13176858,0x0f0f0f0f,0x0f0f0f0f,0x00000000
0x1317685c,0x0f0f0f0f,0x0f0f0f0f,0x00000000
0x1317686c,0x0f0f0f0f,0x0f0f0f0f,0x00000000
0x13176870,0x0f0f0f0f,0x0f0f0f0f,0x00000000
0x13176874,0x0f0f0f0f,0x0f0f0f0f,0x00000000
0x1317687c,0x0f0f0f0f,0x0f0f0f0f,0x00000000
0x13176888,0x0f0f0f0f,0x0f0f0f0f,0x00000000
0x1317688c,0x0f0f0f0f,0x0f0f0f0f,0x00000000
0x13176890,0x0f0f0f0f,0x0f0f0f0f,0x00000000
0x13176a58,0x52525252,0x52525252,0x00000000
0x13176a68,0x52525252,0x52525252,0x00000000
0x13176a74,0x52525252,0x52525252,0x00000000
0x13176a78,0x52525252,0x52525252,0x00000000
0x13176a7c,0x52525252,0x52525252,0x00000000
0x13176a80,0x52525252,0x52525252,0x00000000
0x13176a84,0x52525252,0x52525252,0x00000000
0x13176a88,0x52525252,0x52525252,0x00000000
0x13176a8c,0x52525252,0x52525252,0x00000000
0x13176a90,0x52525252,0x52525252,0x00000000
0x13176a94,0x52525252,0x52525252,0x00000000
0x13176a98,0x52525252,0x52525252,0x00000000
0x13176a9c,0x52525252,0x52525252,0x00000000
0x13176aa8,0x52525252,0x52525252,0x00000000
0x13176aac,0x52525252,0x52525252,0x00000000
0x13176ab0,0x52525252,0x52525252,0x00000000
0x13176ab4,0x52525252,0x52525252,0x00000000
0x13176ab8,0x52525252,0x52525252,0x00000000
0x13176abc,0x52525252,0x52525252,0x00000000
0x13176acc,0x52525252,0x52525252,0x00000000
0x13176ad0,0x52525252,0x52525252,0x00000000
0x13176ad4,0x52525252,0x52525252,0x00000000
0x13176ad8,0x52525252,0x52525252,0x00000000
0x13176adc,0x52525252,0x52525252,0x00000000
0x13176ae0,0x52525252,0x52525252,0x00000000
0x13176ae4,0x52525252,0x52525252,0x00000000
0x13176ae8,0x52525252,0x52525252,0x00000000
0x13176aec,0x52525252,0x52525252,0x00000000
0x13176af0,0x52525252,0x52525252,0x00000000
0x13176af4,0x52525252,0x52525252,0x00000000
0x13176af8,0x52525252,0x52525252,0x00000000
0x13176afc,0x52525252,0x52525252,0x00000000
0x13176b08,0x52525252,0x52525252,0x00000000
0x13176b0c,0x52525252,0x52525252,0x00000000
0x13176b10,0x52525252,0x52525252,0x00000000
0x13176b14,0x52525252,0x52525252,0x00000000
0x13176b18,0x52525252,0x52525252,0x00000000
0x13176b1c,0x52525252,0x52525252,0x00000000
0x13176b28,0x52525252,0x52525252,0x00000000
0x13176b2c,0x52525252,0x52525252,0x00000000
0x13176b30,0x52525252,0x52525252,0x00000000
0x13176b34,0x52525252,0x52525252,0x00000000
0x13176b38,0x52525252,0x52525252,0x00000000
0x13176b3c,0x52525252,0x52525252,0x00000000
0x13176b40,0x52525252,0x52525252,0x00000000
0x13176b44,0x52525252,0x52525252,0x00000000
0x13176b48,0x52525252,0x52525252,0x00000000
0x13176b4c,0x52525252,0x52525252,0x00000000
0x13176b50,0x52525252,0x52525252,0x00000000
0x13176b54,0x52525252,0x52525252,0x00000000
0x13176b58,0x52525252,0x52525252,0x00000000
0x13176b5c,0x52525252,0x52525252,0x00000000
0x13176b68,0x52525252,0x52525252,0x00000000
0x13176b6c,0x52525252,0x52525252,0x00000000
0x13176b70,0x52525252,0x52525252,0x00000000
0x13176b74,0x52525252,0x52525252,0x00000000
0x13176b78,0x52525252,0x52525252,0x00000000
0x13176b7c,0x52525252,0x52525252,0x00000000
0x13176b88,0x52525252,0x52525252,0x00000000
0x13176b8c,0x52525252,0x52525252,0x00000000
0x13176b90,0x52525252,0x52525252,0x00000000
0x13176b94,0x52525252,0x52525252,0x00000000
0x13176b9c,0x52525252,0x52525252,0x00000000
0x13176bac,0x52525252,0x52525252,0x00000000
0x13177764,0x0f0f0f0f,0x0f0f0f0f,0x00000000
0x13177784,0x0f0f0f0f,0x0f0f0f0f,0x00000000
0x131777a4,0x0f0f0f0f,0x0f0f0f0f,0x00000000
0x131777c4,0x0f0f0f0f,0x0f0f0f0f,0x00000000
0x131777e4,0x0f0f0f0f,0x0f0f0f0f,0x00000000
0x13177804,0x0f0f0f0f,0x0f0f0f0f,0x00000000
0x13177824,0x0f0f0f0f,0x0f0f0f0f,0x00000000
0x13177844,0x0f0f0f0f,0x0f0f0f0f,0x00000000
0x13177864,0x0f0f0f0f,0x0f0f0f0f,0x00000000
0x13177884,0x0f0f0e0f,0x0f0f0e0f,0x00000000
0x13177a84,0x52525252,0x52525252,0x00000000
0x13177aa4,0x52525252,0x52525252,0x00000000
0x13177ac4,0x52525252,0x52525252,0x00000000
0x13177ae4,0x52525252,0x52525252,0x00000000
0x13177b04,0x52525252,0x52525252,0x00000000
0x13177b24,0x52525252,0x52525252,0x00000000
0x13177b44,0x52525252,0x52525252,0x00000000
0x13177b64,0x52525252,0x52525252,0x00000000
0x13177b84,0x52525252,0x52525252,0x00000000
0x13177ba4,0x52525252,0x52525252,0x00000000
0x131787bc,0x0f0f0f0f,0x0f0f0f0f,0x00000000
0x131787c8,0x0f0f0f0f,0x0f0f0f0f,0x00000000
0x131787d4,0x0f0f0f0f,0x0f0f0f0f,0x00000000
0x131787e0,0x0f0f0f0f,0x0f0f0f0f,0x00000000
0x131787ec,0x0f0f0f0f,0x0f0f0f0f,0x00000000
0x13178858,0x0f0f0f0f,0x0f0f0f0f,0x00000000
0x13178894,0x0f0f0f0f,0x0f0f0f0f,0x00000000
0x13178a98,0x52525252,0x52525252,0x00000000
0x13178b7c,0x52525252,0x52525252,0x00000000
0x1317c784,0x0f0f0f0f,0x0f0f0f0f,0x00000000
0x1317c78c,0x0f0f0f0f,0x0f0f0f0f,0x00000000
0x1317d764,0x0f0f0f0f,0x0f0f0f0f,0x00000000
0x1317dad4,0x52525252,0x52525252,0x00000000
0x1317db6c,0x52525252,0x52525252,0x00000000
0x1317e76c,0x0f0f0f0f,0x0f0f0f0f,0x00000000
0x1317e780,0x0f0f0f0f,0x0f0f0f0f,0x00000000
0x1317e7b8,0x0f0f0f0f,0x0f0f0f0f,0x00000000
0x1317e7dc,0x0f0f0f0f,0x0f0f0f0f,0x00000000
0x1317e85c,0x0f0f0f0f,0x0f0f0f0f,0x00000000
0x1317e860,0x0f0f0f0f,0x0f0f0f0f,0x00000000
0x1317f754,0x0f0f0f0f,0x0f0f0f0f,0x00000000
0x1317f758,0x0f0f0f0f,0x0f0f0f0f,0x00000000
0x1317f75c,0x0f0f0f0f,0x0f0f0f0f,0x00000000
0x1317f76c,0x0f0f0f0f,0x0f0f0f0f,0x00000000
0x1317f770,0x0f0f0f0f,0x0f0f0f0f,0x00000000
0x1317f774,0x0f0f0f0f,0x0f0f0f0f,0x00000000
0x1317f778,0x0f0f0f0f,0x0f0f0f0f,0x00000000
0x1317f77c,0x0f0f0f0f,0x0f0f0f0f,0x00000000
0x1317f78c,0x0f0f0f0f,0x0f0f0f0f,0x00000000
0x1317f790,0x0f0f0f0f,0x0f0f0f0f,0x00000000
0x1317f794,0x0f0f0f0f,0x0f0f0f0f,0x00000000
0x1317f798,0x0f0f0f0f,0x0f0f0f0f,0x00000000
0x1317f79c,0x0f0f0f0f,0x0f0f0f0f,0x00000000
0x1317f7a8,0x0f0f0f0f,0x0f0f0f0f,0x00000000
0x1317f7ac,0x0f0f0f0f,0x0f0f0f0f,0x00000000
0x1317f7b0,0x0f0f0f0f,0x0f0f0f0f,0x00000000
0x1317f7b4,0x0f0f0f0f,0x0f0f0f0f,0x00000000
0x1317f7b8,0x0f0f0f0f,0x0f0f0f0f,0x00000000
0x1317f7bc,0x0f0f0f0f,0x0f0f0f0f,0x00000000
0x1317f7c0,0x0f0f0f0f,0x0f0f0f0f,0x00000000
0x1317f7c4,0x0f0f0f0f,0x0f0f0f0f,0x00000000
0x1317f7c8,0x0f0f0f0f,0x0f0f0f0f,0x00000000
0x1317f7cc,0x0f0f0f0f,0x0f0f0f0f,0x00000000
0x1317f7d0,0x0f0f0f0f,0x0f0f0f0f,0x00000000
0x1317f7d4,0x0f0f0f0f,0x0f0f0f0f,0x00000000
0x1317f7d8,0x0f0f0f0f,0x0f0f0f0f,0x00000000
0x1317f7dc,0x0f0f0f0f,0x0f0f0f0f,0x00000000
0x1317f7e8,0x0f0f0f0f,0x0f0f0f0f,0x00000000
0x1317f7ec,0x0f0f0f0f,0x0f0f0f0f,0x00000000
0x1317f7f0,0x0f0f0f0f,0x0f0f0f0f,0x00000000
0x1317f7f4,0x0f0f0f0f,0x0f0f0f0f,0x00000000
0x1317f7f8,0x0f0f0f0f,0x0f0f0f0f,0x00000000
0x1317f7fc,0x0f0f0f0f,0x0f0f0f0f,0x00000000
0x1317f808,0x0f0f0f0f,0x0f0f0f0f,0x00000000
0x1317f80c,0x0f0f0f0f,0x0f0f0f0f,0x00000000
0x1317f810,0x0f0f0f0f,0x0f0f0f0f,0x00000000
0x1317f814,0x0f0f0f0f,0x0f0f0f0f,0x00000000
0x1317f818,0x0f0f0f0f,0x0f0f0f0f,0x00000000
0x1317f81c,0x0f0f0f0f,0x0f0f0f0f,0x00000000
0x1317f828,0x0f0f0f0f,0x0f0f0f0f,0x00000000
0x1317f82c,0x0f0f0f0f,0x0f0f0f0f,0x00000000
0x1317f830,0x0f0f0f0f,0x0f0f0f0f,0x00000000
0x1317f834,0x0f0f0f0f,0x0f0f0f0f,0x00000000
0x1317f838,0x0f0f0f0f,0x0f0f0f0f,0x00000000
0x1317f83c,0x0f0f0f0f,0x0f0f0f0f,0x00000000
0x1317f848,0x0f0f0f0f,0x0f0f0f0f,0x00000000
0x1317f84c,0x0f0f0f0f,0x0f0f0f0f,0x00000000
0x1317f850,0x0f0f0f0f,0x0f0f0f0f,0x00000000
0x1317f854,0x0f0f0f0f,0x0f0f0f0f,0x00000000
0x1317f858,0x0f0f0f0f,0x0f0f0f0f,0x00000000
0x1317f85c,0x0f0f0f0f,0x0f0f0f0f,0x00000000
0x1317f868,0x0f0f0f0f,0x0f0f0f0f,0x00000000
0x1317f86c,0x0f0f0f0f,0x0f0f0f0f,0x00000000
0x1317f870,0x0f0f0f0f,0x0f0f0f0f,0x00000000
0x1317f874,0x0f0f0f0f,0x0f0f0f0f,0x00000000
0x1317f878,0x0f0f0f0f,0x0f0f0f0f,0x00000000
0x1317f87c,0x0f0f0f0f,0x0f0f0f0f,0x00000000
0x1317f888,0x0f0f0f0f,0x0f0f0f0f,0x00000000
0x1317f890,0x0f0f0f0f,0x0f0f0f0f,0x00000000
0x1317f894,0x0f0f0f0f,0x0f0f0f0f,0x00000000
0x1317f898,0x0f0f0f0f,0x0f0f0f0f,0x00000000
0x1317f89c,0x0f0f0f0f,0x0f0f0f0f,0x00000000
0x1317f8a8,0x0f0f0f0f,0x0f0f0f0f,0x00000000
0x1317f8b0,0x0f0f0f0f,0x0f0f0f0f,0x00000000
0x1317f8b4,0x0f0f0e0f,0x0f0f0e0f,0x00000000
0x1317f8b8,0x0f0f0f0f,0x0f0f0f0f,0x00000000
0x1317f8bc,0x0f0f0f0f,0x0f0f0f0f,0x00000000
0x1317f8c8,0x0f0f0f0f,0x0f0f0f0f,0x00000000
0x1317f8d0,0x0f0f0f0f,0x0f0f0f0f,0x00000000
0x1317fad8,0x52525252,0x52525252,0x00000000
0x1317faf0,0x52525252,0x52525252,0x00000000
0x1317faf4,0x52525252,0x52525252,0x00000000
0x1317faf8,0x52525252,0x52525252,0x00000000
0x1317fafc,0x52525252,0x52525252,0x00000000
0x1317fb0c,0x52525252,0x52525252,0x00000000
0x1317fb10,0x52525252,0x52525252,0x00000000
0x1317fb14,0x52525252,0x52525252,0x00000000
0x1317fb18,0x52525252,0x52525252,0x00000000
0x1317fb1c,0x52525252,0x52525252,0x00000000
0x1317fb28,0x52525252,0x52525252,0x00000000
0x1317fb2c,0x52525252,0x52525252,0x00000000
0x1317fb30,0x52525252,0x52525252,0x00000000
0x1317fb34,0x52525252,0x52525252,0x00000000
0x1317fb38,0x52525252,0x52525252,0x00000000
0x1317fb3c,0x52525252,0x52525252,0x00000000
0x1317fb40,0x52525252,0x52525252,0x00000000
0x1317fb44,0x52525252,0x52525252,0x00000000
0x1317fb48,0x52525252,0x52525252,0x00000000
0x1317fb4c,0x52525252,0x52525252,0x00000000
0x1317fb50,0x52525252,0x52525252,0x00000000
0x1317fb54,0x52525252,0x52525252,0x00000000
0x1317fb58,0x52525252,0x52525252,0x00000000
0x1317fb5c,0x52525252,0x52525252,0x00000000
0x1317fb68,0x52525252,0x52525252,0x00000000
0x1317fb6c,0x52525252,0x52525252,0x00000000
0x1317fb70,0x52525252,0x52525252,0x00000000
0x1317fb74,0x52525252,0x52525252,0x00000000
0x1317fb78,0x52525252,0x52525252,0x00000000
0x1317fb7c,0x52525252,0x52525252,0x00000000
0x1317fb88,0x52525252,0x52525252,0x00000000
0x1317fb90,0x52525252,0x52525252,0x00000000
0x1317fb94,0x52525252,0x52525252,0x00000000
0x1317fb9c,0x52525252,0x52525252,0x00000000
0x13180754,0x0f0f0f0f,0x0f0f0f0f,0x00000000
0x13180758,0x0f0f0f0f,0x0f0f0f0f,0x00000000
0x1318075c,0x0f0f0f0f,0x0f0f0f0f,0x00000000
0x13180768,0x0f0f0f0f,0x0f0f0f0f,0x00000000
0x1318076c,0x0f0f0f0f,0x0f0f0f0f,0x00000000
0x13180770,0x0f0f0f0f,0x0f0f0f0f,0x00000000
0x13180774,0x0f0f0f0f,0x0f0f0f0f,0x00000000
0x13180778,0x0f0f0f0f,0x0f0f0f0f,0x00000000
0x1318077c,0x0f0f0f0f,0x0f0f0f0f,0x00000000
0x13180788,0x0f0f0f0f,0x0f0f0f0f,0x00000000
0x13180790,0x0f0f0f0f,0x0f0f0f0f,0x00000000
0x13180794,0x0f0f0f0f,0x0f0f0f0f,0x00000000
0x13180798,0x0f0f0f0e,0x0f0f0f0e,0x00000000
0x1318079c,0x0f0f0f0f,0x0f0f0f0f,0x00000000
0x131807ac,0x0f0f0f0f,0x0f0f0f0f,0x00000000
0x131807b0,0x0f0f0e0a,0x0f0f0e0a,0x00000000
0x131807b4,0x0f0f0f0f,0x0f0f0f0f,0x00000000
0x131807b8,0x0f0f0e07,0x0f0f0e07,0x00000000
0x131807bc,0x0e0f0f0f,0x0e0f0f0f,0x00000000
0x131807cc,0x0f0f0f0f,0x0f0f0f0f,0x00000000
0x131807d0,0x0f0f0f0f,0x0f0f0f0f,0x00000000
0x131807d4,0x0f0f0f0f,0x0f0f0f0f,0x00000000
0x131807d8,0x0f0f0f0f,0x0f0f0f0f,0x00000000
0x131807dc,0x0f0f0f0f,0x0f0f0f0f,0x00000000
0x131807e8,0x0f0f0f0f,0x0f0f0f0f,0x00000000
0x131807ec,0x0f0f0f0e,0x0f0f0f0e,0x00000000
0x131807f0,0x0f0f0f0f,0x0f0f0f0f,0x00000000
0x131807f4,0x0f0f0f0f,0x0f0f0f0f,0x00000000
0x131807f8,0x0f0f0f0f,0x0f0f0f0f,0x00000000
0x131807fc,0x0f0f0f0f,0x0f0f0f0f,0x00000000
0x13180800,0x0f0f0f0f,0x0f0f0f0f,0x00000000
0x13180804,0x0f0f0f0f,0x0f0f0f0f,0x00000000
0x13180808,0x0f0f0f0f,0x0f0f0f0f,0x00000000
0x1318080c,0x0f0f0f0f,0x0f0f0f0f,0x00000000
0x13180810,0x0f0f0f0f,0x0f0f0f0f,0x00000000
0x13180814,0x0f0f0f0f,0x0f0f0f0f,0x00000000
0x13180818,0x0f0f0f0f,0x0f0f0f0f,0x00000000
0x1318081c,0x0f0f0f0f,0x0f0f0f0f,0x00000000
0x13180828,0x0f0f0f0f,0x0f0f0f0f,0x00000000
0x1318082c,0x0f0f0f0f,0x0f0f0f0f,0x00000000
0x13180830,0x0f0f0f0f,0x0f0f0f0f,0x00000000
0x13180834,0x0f0f0f0f,0x0f0f0f0f,0x00000000
0x13180838,0x0f0f0f0f,0x0f0f0f0f,0x00000000
0x1318083c,0x0f0f0f0f,0x0f0f0f0f,0x00000000
0x13180848,0x0f0f0f0f,0x0f0f0f0f,0x00000000
0x1318084c,0x0f0f0f0f,0x0f0f0f0f,0x00000000
0x13180850,0x0f0f0f0f,0x0f0f0f0f,0x00000000
0x13180854,0x0f0f0f0f,0x0f0f0f0f,0x00000000
0x13180858,0x0f0f0f0f,0x0f0f0f0f,0x00000000
0x1318085c,0x0f0f0f0f,0x0f0f0f0f,0x00000000
0x13180868,0x0f0f0f0f,0x0f0f0f0f,0x00000000
0x1318086c,0x0f0f0f0f,0x0f0f0f0f,0x00000000
0x13180870,0x0f0f0e0f,0x0f0f0e0f,0x00000000
0x13180874,0x0f0f0f0f,0x0f0f0f0f,0x00000000
0x13180878,0x0f0f0f0f,0x0f0f0f0f,0x00000000
0x1318087c,0x0f0f0f0f,0x0f0f0f0f,0x00000000
0x1318088c,0x0f0f0f0f,0x0f0f0f0f,0x00000000
0x13180890,0x0f0f0f0f,0x0f0f0f0f,0x00000000
0x13180894,0x0f0f0f0f,0x0f0f0f0f,0x00000000
0x13180898,0x0f0f0f0f,0x0f0f0f0f,0x00000000
0x1318089c,0x0f0f0f0f,0x0f0f0f0f,0x00000000
0x131808a0,0x0f0f0f0f,0x0f0f0f0f,0x00000000
0x131808a4,0x0f0f0f0f,0x0f0f0f0f,0x00000000
0x131808a8,0x0f0f0f0f,0x0f0f0f0f,0x00000000
0x131808ac,0x0f0f0f0f,0x0f0f0f0f,0x00000000
0x131808b0,0x0f0f0f0f,0x0f0f0f0f,0x00000000
0x131808b4,0x0f0f0f0f,0x0f0f0f0f,0x00000000
0x131808b8,0x0f0f0f0f,0x0f0f0f0f,0x00000000
0x131808bc,0x0f0f0f0f,0x0f0f0f0f,0x00000000
0x131808cc,0x0f0f0f0f,0x0f0f0f0f,0x00000000
0x13180af4,0x52525252,0x52525252,0x00000000
0x13180af8,0x52525252,0x52525252,0x00000000
0x13180afc,0x52525252,0x52525252,0x00000000
0x13180b08,0x52525252,0x52525252,0x00000000
0x13180b0c,0x52525252,0x52525252,0x00000000
0x13180b10,0x52525252,0x52525252,0x00000000
0x13180b14,0x52525252,0x52525252,0x00000000
0x13180b18,0x52525252,0x52525252,0x00000000
0x13180b1c,0x52525252,0x52525252,0x00000000
0x13180b28,0x52525252,0x52525252,0x00000000
0x13180b30,0x52525252,0x52525252,0x00000000
0x13180b34,0x52525252,0x52525252,0x00000000
0x13180b38,0x52525252,0x52525252,0x00000000
0x13180b3c,0x52525252,0x52525252,0x00000000
0x13180b48,0x52525252,0x52525252,0x00000000
0x13180b50,0x52525252,0x52525252,0x00000000
0x13180b54,0x52525252,0x52525252,0x00000000
0x13180b58,0x52525252,0x52525252,0x00000000
0x13180b5c,0x52525252,0x52525252,0x00000000
0x13180b68,0x52525252,0x52525252,0x00000000
0x13180b70,0x52525252,0x52525252,0x00000000
0x13180b74,0x52525252,0x52525252,0x00000000
0x13180b78,0x52525252,0x52525252,0x00000000
0x13180b7c,0x52525252,0x52525252,0x00000000
0x13180b80,0x52525252,0x52525252,0x00000000
0x13180b84,0x52525252,0x52525252,0x00000000
0x13180b88,0x52525252,0x52525252,0x00000000
0x13180b8c,0x52525252,0x52525252,0x00000000
0x13180b90,0x52525252,0x52525252,0x00000000
0x13180b94,0x52525252,0x52525252,0x00000000
0x13180b9c,0x52525252,0x52525252,0x00000000
0x13180bac,0x52525252,0x52525252,0x00000000
0x13181754,0x0e0e0f0f,0x0e0e0f0f,0x00000000
0x13181760,0x0f0f0f0a,0x0f0f0f0a,0x00000000
0x13181768,0x0f0f0f0f,0x0f0f0f0f,0x00000000
0x1318176c,0x0f0f0f0f,0x0f0f0f0f,0x00000000
0x13181770,0x0f0f0f0e,0x0f0f0f0e,0x00000000
0x13181774,0x0e0f0f0f,0x0e0f0f0f,0x00000000
0x13181778,0x0f0f0f0a,0x0f0f0f0a,0x00000000
0x1318177c,0x0e0f0f0f,0x0e0f0f0f,0x00000000
0x13181780,0x0f0f0f0f,0x0f0f0f0f,0x00000000
0x13181784,0x0f0f0f0f,0x0f0f0f0f,0x00000000
0x13181788,0x0f0f0f0f,0x0f0f0f0f,0x00000000
0x1318178c,0x0f0f0f0f,0x0f0f0f0f,0x00000000
0x13181790,0x0f0f0f0f,0x0f0f0f0f,0x00000000
0x13181794,0x0f0f0f0f,0x0f0f0f0f,0x00000000
0x13181798,0x0f0f0f0f,0x0f0f0f0f,0x00000000
0x13182754,0x0f0f0f0f,0x0f0f0f0f,0x00000000
0x13182758,0x0f0f0f0f,0x0f0f0f0f,0x00000000
0x1318275c,0x0f0f0f0f,0x0f0f0f0f,0x00000000
0x13182760,0x0f0f0f0f,0x0f0f0f0f,0x00000000
0x13182764,0x0f0f0f0f,0x0f0f0f0f,0x00000000
0x13182768,0x0f0f0f0f,0x0f0f0f0f,0x00000000
0x1318276c,0x0f0f0f0f,0x0f0f0f0f,0x00000000
0x13182770,0x0f0f0f0f,0x0f0f0f0f,0x00000000
0x13182774,0x0f0f0f0f,0x0f0f0f0f,0x00000000
0x13182778,0x0f0f0f0f,0x0f0f0f0f,0x00000000
0x1318277c,0x0f0f0f0f,0x0f0f0f0f,0x00000000
0x1318278c,0x0e0f0f0f,0x0e0f0f0f,0x00000000
0x13182794,0x0f0f0f0f,0x0f0f0f0f,0x00000000
0x13182798,0x0f0f0f0f,0x0f0f0f0f,0x00000000
0x1318279c,0x0f0f0f0f,0x0f0f0f0f,0x00000000
0x131827a0,0x0f0f0f0f,0x0f0f0f0f,0x00000000
0x131827a8,0x0f0f0f0f,0x0f0f0f0f,0x00000000
0x131827ac,0x0f0f0f0f,0x0f0f0f0f,0x00000000
0x131827b0,0x0f0f0f0f,0x0f0f0f0f,0x00000000
0x131827b8,0x0f0f0f0f,0x0f0f0f0f,0x00000000
0x131827bc,0x0f0f0f0f,0x0f0f0f0f,0x00000000
0x131827dc,0x0f0f0f0f,0x0f0f0f0f,0x00000000
0x131827f0,0x0f0f0f0f,0x0f0f0f0f,0x00000000
0x13182844,0x0e0f0f0f,0x0e0f0f0f,0x00000000
0x13182848,0x0f0f0f0f,0x0f0f0f0f,0x00000000
0x1318284c,0x0e0f0f0f,0x0e0f0f0f,0x00000000
0x13182850,0x0f0f0f0f,0x0f0f0f0f,0x00000000
0x13182854,0x0f0f0e0f,0x0f0f0e0f,0x00000000
0x13182858,0x0f0f0f0f,0x0f0f0f0f,0x00000000
0x1318285c,0x0f0f0e0e,0x0f0f0e0e,0x00000000
0x13182860,0x0f0f0f0f,0x0f0f0f0f,0x00000000
0x13182864,0x0f0f0f0f,0x0f0f0f0f,0x00000000
0x13182868,0x0f0f0f0f,0x0f0f0f0f,0x00000000
0x1318286c,0x0f0f0f0f,0x0f0f0f0f,0x00000000
0x13182870,0x0f0f0f0f,0x0f0f0f0f,0x00000000
0x13182874,0x0f0f0f0f,0x0f0f0f0f,0x00000000
0x13182878,0x0e0f0f0f,0x0e0f0f0f,0x00000000
0x1318287c,0x0f0f0f0f,0x0f0f0f0f,0x00000000
0x13182880,0x0f0e0f0f,0x0f0e0f0f,0x00000000
0x13182884,0x0f0f0f0f,0x0f0f0f0f,0x00000000
0x13182888,0x0f0f0f0f,0x0f0f0f0f,0x00000000
0x1318288c,0x0f0f0f0f,0x0f0f0f0f,0x00000000
0x13182890,0x0f0f0f0f,0x0f0f0f0f,0x00000000
0x13182894,0x0f0f0f0f,0x0f0f0f0f,0x00000000
0x13182898,0x0f0f0f0f,0x0f0f0f0f,0x00000000
0x1318289c,0x0f0f0f0f,0x0f0f0f0f,0x00000000
0x131828a0,0x0f0f0e0e,0x0f0f0e0e,0x00000000
0x131828a4,0x0f0e0f0f,0x0f0e0f0f,0x00000000
0x131828a8,0x0f0f0e0e,0x0f0f0e0e,0x00000000
0x131828ac,0x0f0f0f0f,0x0f0f0f0f,0x00000000
0x131828b0,0x0f0e0e0e,0x0f0e0e0e,0x00000000
0x131828b4,0x0e0f0f0f,0x0e0f0f0f,0x00000000
0x131828bc,0x0e0f0f0f,0x0e0f0f0f,0x00000000
0x131828c4,0x0f0f0f0f,0x0f0f0f0f,0x00000000
0x131828cc,0x0f0f0f0f,0x0f0f0f0f,0x00000000
0x13182b40,0x52525252,0x52525252,0x00000000
0x13182b44,0x52525252,0x52525252,0x00000000
0x13182b48,0x52525252,0x52525252,0x00000000
0x13182b4c,0x52525252,0x52525252,0x00000000
0x13182b50,0x52525252,0x52525252,0x00000000
0x13182b54,0x52525252,0x52525252,0x00000000
0x13182b58,0x52525252,0x52525252,0x00000000
0x13182b5c,0x52525252,0x52525252,0x00000000
0x13182b60,0x52525252,0x52525252,0x00000000
0x13182b64,0x52525252,0x52525252,0x00000000
0x13182b68,0x52525252,0x52525252,0x00000000
0x13182b6c,0x52525252,0x52525252,0x00000000
0x13182b70,0x52525252,0x52525252,0x00000000
0x13182b74,0x52525252,0x52525252,0x00000000
0x13182b78,0x52525252,0x52525252,0x00000000
0x13182b7c,0x52525252,0x52525252,0x00000000
0x13182b80,0x52525252,0x52525252,0x00000000
0x13182b84,0x52525252,0x52525252,0x00000000
0x13182b88,0x52525252,0x52525252,0x00000000
0x13182b8c,0x52525252,0x52525252,0x00000000
0x13182b90,0x52525252,0x52525252,0x00000000
0x13182b94,0x52525252,0x52525252,0x00000000
0x13182b9c,0x52525252,0x52525252,0x00000000
0x13182ba4,0x52525252,0x52525252,0x00000000
0x13182bac,0x52525252,0x52525252,0x00000000
0x13183754,0x0f0f0f0f,0x0f0f0f0f,0x00000000
0x13183758,0x0f0f0f0f,0x0f0f0f0f,0x00000000
0x1318375c,0x0f0f0f0f,0x0f0f0f0f,0x00000000
0x13183760,0x0f0f0f0f,0x0f0f0f0f,0x00000000
0x13183764,0x0f0f0f0f,0x0f0f0f0f,0x00000000
0x13183768,0x0f0f0f0f,0x0f0f0f0f,0x00000000
0x1318376c,0x0f0f0f0f,0x0f0f0f0f,0x00000000
0x13183770,0x0f0f0f0f,0x0f0f0f0f,0x00000000
0x13183774,0x0f0f0f0f,0x0f0f0f0f,0x00000000
0x13183778,0x0f0f0f0f,0x0f0f0f0f,0x00000000
0x1318377c,0x0f0f0f0f,0x0f0f0f0f,0x00000000
0x13183780,0x0f0f0f0f,0x0f0f0f0f,0x00000000
0x13183784,0x0f0f0f0f,0x0f0f0f0f,0x00000000
0x13183788,0x0f0f0f0f,0x0f0f0f0f,0x00000000
0x1318378c,0x0f0f0f0f,0x0f0f0f0f,0x00000000
0x13183790,0x0f0f0f0f,0x0f0f0f0f,0x00000000
0x13183794,0x0f0f0f0f,0x0f0f0f0f,0x00000000
0x13183798,0x0f0f0f0f,0x0f0f0f0f,0x00000000
0x1318379c,0x0f0f0f0f,0x0f0f0f0f,0x00000000
0x131837a0,0x0f0f0f0e,0x0f0f0f0e,0x00000000
0x131837a4,0x0f0f0f0f,0x0f0f0f0f,0x00000000
0x131837a8,0x0f0f0f0f,0x0f0f0f0f,0x00000000
0x131837ac,0x0f0f0f0f,0x0f0f0f0f,0x00000000
0x131837b0,0x0f0f0f0f,0x0f0f0f0f,0x00000000
0x131837b4,0x0f0f0e0f,0x0f0f0e0f,0x00000000
0x131837b8,0x0f0f0f0f,0x0f0f0f0f,0x00000000
0x131837bc,0x0f0f0e0f,0x0f0f0e0f,0x00000000
0x131837c0,0x0f0f0f0f,0x0f0f0f0f,0x00000000
0x131837c4,0x0f0f0f0f,0x0f0f0f0f,0x00000000
0x131837c8,0x0f0f0f0f,0x0f0f0f0f,0x00000000
0x131837cc,0x0f0f0f0f,0x0f0f0f0f,0x00000000
0x131837d0,0x0f0f0f0f,0x0f0f0f0f,0x00000000
0x131837d4,0x0f0f0f0f,0x0f0f0f0f,0x00000000
0x131837d8,0x0f0f0f0f,0x0f0f0f0f,0x00000000
0x131837dc,0x0f0f0f0f,0x0f0f0f0f,0x00000000
0x131837e0,0x0f0f0f0f,0x0f0f0f0f,0x00000000
0x131837e4,0x0f0f0f0f,0x0f0f0f0f,0x00000000
0x131837e8,0x0f0f0f0f,0x0f0f0f0f,0x00000000
0x131837ec,0x0f0f0f0f,0x0f0f0f0f,0x00000000
0x131837f0,0x0f0f0f0f,0x0f0f0f0f,0x00000000
0x131837f4,0x0f0e0f0f,0x0f0e0f0f,0x00000000
0x131837f8,0x0f0f0f0f,0x0f0f0f0f,0x00000000
0x131837fc,0x0f0e0f0f,0x0f0e0f0f,0x00000000
0x1318380c,0x0f0f0f0f,0x0f0f0f0f,0x00000000
0x13183814,0x0f0f0f0f,0x0f0f0f0f,0x00000000
0x13183818,0x0f0f0f0f,0x0f0f0f0f,0x00000000
0x1318381c,0x0f0f0f0f,0x0f0f0f0f,0x00000000
0x13183820,0x0f0f0f0f,0x0f0f0f0f,0x00000000
0x13183828,0x0f0f0f0f,0x0f0f0f0f,0x00000000
0x1318382c,0x0f0f0f0e,0x0f0f0f0e,0x00000000
0x13183830,0x0f0f0f0f,0x0f0f0f0f,0x00000000
0x13183838,0x0f0f0f0f,0x0f0f0f0f,0x00000000
0x1318383c,0x0e0f0f0e,0x0e0f0f0e,0x00000000
0x1318385c,0x0f0f0f0e,0x0f0f0f0e,0x00000000
0x13183870,0x0e0e0e0f,0x0e0e0e0f,0x00000000
0x131838c4,0x0f0f0f0f,0x0f0f0f0f,0x00000000
0x131838cc,0x0f0f0f0f,0x0f0f0f0f,0x00000000
0x13183af8,0x52525252,0x52525252,0x00000000
0x13183afc,0x52525252,0x52525252,0x00000000
0x13183b0c,0x52525252,0x52525252,0x00000000
0x13183b14,0x52525252,0x52525252,0x00000000
0x13183b18,0x52525252,0x52525252,0x00000000
0x13183b1c,0x52525252,0x52525252,0x00000000
0x13183b20,0x52525252,0x52525252,0x00000000
0x13183b28,0x52525252,0x52525252,0x00000000
0x13183b2c,0x52525252,0x52525252,0x00000000
0x13183b30,0x52525252,0x52525252,0x00000000
0x13183b38,0x52525252,0x52525252,0x00000000
0x13183b3c,0x52525252,0x52525252,0x00000000
0x13183b5c,0x52525252,0x52525252,0x00000000
0x13183b70,0x52525252,0x52525252,0x00000000
0x13184754,0x0f0f0f0f,0x0f0f0f0f,0x00000000
0x13184758,0x0f0f0f0f,0x0f0f0f0f,0x00000000
0x1318475c,0x0f0f0f0f,0x0f0f0f0f,0x00000000
0x1318476c,0x0f0f0f0f,0x0f0f0f0f,0x00000000
0x13184770,0x0f0f0f0f,0x0f0f0f0f,0x00000000
0x13184774,0x0f0f0f0f,0x0f0f0f0f,0x00000000
0x13184778,0x0f0f0f0f,0x0f0f0f0f,0x00000000
0x1318477c,0x0f0f0f0f,0x0f0f0f0f,0x00000000
0x13184788,0x0f0f0e0f,0x0f0f0e0f,0x00000000
0x1318478c,0x0f0f0f0f,0x0f0f0f0f,0x00000000
0x13184790,0x0f0f0f0f,0x0f0f0f0f,0x00000000
0x13184794,0x0f0f0f0e,0x0f0f0f0e,0x00000000
0x13184798,0x0f0f0f0f,0x0f0f0f0f,0x00000000
0x1318479c,0x0f0f0f07,0x0f0f0f07,0x00000000
0x131847a0,0x0e0a0f0f,0x0e0a0f0f,0x00000000
0x131847a4,0x0f0f0f0f,0x0f0f0f0f,0x00000000
0x131847a8,0x070e0f0f,0x070e0f0f,0x00000000
0x131847ac,0x0f0f0f0f,0x0f0f0f0f,0x00000000
0x131847b0,0x0a0f0f0f,0x0a0f0f0f,0x00000000
0x131847b4,0x0f0f0f0f,0x0f0f0f0f,0x00000000
0x131847b8,0x0e0f0f0f,0x0e0f0f0f,0x00000000
0x131847bc,0x0f0f0f0f,0x0f0f0f0f,0x00000000
0x131847c8,0x0f0f0f0f,0x0f0f0f0f,0x00000000
0x131847cc,0x0f0f0f0f,0x0f0f0f0f,0x00000000
0x131847d0,0x0f0f0f0f,0x0f0f0f0f,0x00000000
0x131847d4,0x0f0f0f0f,0x0f0f0f0f,0x00000000
0x131847d8,0x0f0f0f0f,0x0f0f0f0f,0x00000000
0x131847dc,0x0f0f0f0f,0x0f0f0f0f,0x00000000
0x131847e8,0x0f0f0f0f,0x0f0f0f0f,0x00000000
0x131847ec,0x0f0f0f0f,0x0f0f0f0f,0x00000000
0x131847f0,0x0f0f0f0e,0x0f0f0f0e,0x00000000
0x131847f4,0x0f0f0f0f,0x0f0f0f0f,0x00000000
0x131847f8,0x0e0f0f07,0x0e0f0f07,0x00000000
0x131847fc,0x0e0f0f0f,0x0e0f0f0f,0x00000000
0x13184808,0x0f0f0f0f,0x0f0f0f0f,0x00000000
0x1318480c,0x0f0f0f0f,0x0f0f0f0f,0x00000000
0x13184810,0x0f0f0f0f,0x0f0f0f0f,0x00000000
0x13184814,0x0f0f0f0f,0x0f0f0f0f,0x00000000
0x13184818,0x0f0f0f0f,0x0f0f0f0f,0x00000000
0x1318481c,0x0f0f0f0f,0x0f0f0f0f,0x00000000
0x13184828,0x0f0f0f0f,0x0f0f0f0f,0x00000000
0x13184830,0x0f0f0f0f,0x0f0f0f0f,0x00000000
0x13184834,0x0f0e0f0f,0x0f0e0f0f,0x00000000
0x13184838,0x0f0f0f0f,0x0f0f0f0f,0x00000000
0x1318483c,0x0f0f0f0f,0x0f0f0f0f,0x00000000
0x13184848,0x0f0f0f0f,0x0f0f0f0f,0x00000000
0x1318484c,0x0f0f0f0f,0x0f0f0f0f,0x00000000
0x13184850,0x0f0f0f0f,0x0f0f0f0f,0x00000000
0x13184854,0x0f0f0f0f,0x0f0f0f0f,0x00000000
0x13184858,0x0f0f0f0f,0x0f0f0f0f,0x00000000
0x1318485c,0x0f0f0f0f,0x0f0f0f0f,0x00000000
0x13184868,0x0f0f0f0f,0x0f0f0f0f,0x00000000
0x1318486c,0x0f0f0f0f,0x0f0f0f0f,0x00000000
0x13184870,0x0f0f0f0f,0x0f0f0f0f,0x00000000
0x13184874,0x0f0f0f0f,0x0f0f0f0f,0x00000000
0x13184878,0x0f0f0f0f,0x0f0f0f0f,0x00000000
0x1318487c,0x0e0e0f0f,0x0e0e0f0f,0x00000000
0x13184880,0x0f0f0e0f,0x0f0f0e0f,0x00000000
0x13184884,0x0f0f0e0e,0x0f0f0e0e,0x00000000
0x13184888,0x0f0f0e0e,0x0f0f0e0e,0x00000000
0x1318488c,0x0f0f0e0e,0x0f0f0e0e,0x00000000
0x13184890,0x0f0f0e0e,0x0f0f0e0e,0x00000000
0x13184894,0x0f0f0f0f,0x0f0f0f0f,0x00000000
0x13184898,0x0e0f0e0e,0x0e0f0e0e,0x00000000
0x1318489c,0x0f0f0f0f,0x0f0f0f0f,0x00000000
0x131848a8,0x0f0f0e0e,0x0f0f0e0e,0x00000000
0x131848ac,0x0e0f0f0f,0x0e0f0f0f,0x00000000
0x131848b0,0x0f0f0e0e,0x0f0f0e0e,0x00000000
0x131848b4,0x0f0f0f0f,0x0f0f0f0f,0x00000000
0x131848bc,0x0f0f0f0e,0x0f0f0f0e,0x00000000
0x131848cc,0x0f0f0f0f,0x0f0f0f0f,0x00000000
0x13184af4,0x52525252,0x52525252,0x00000000
0x13184af8,0x52525252,0x52525252,0x00000000
0x13184b10,0x52525252,0x52525252,0x00000000
0x13184b14,0x52525252,0x52525252,0x00000000
0x13184b18,0x52525252,0x52525252,0x00000000
0x13184b1c,0x52525252,0x52525252,0x00000000
0x13184b2c,0x52525252,0x52525252,0x00000000
0x13184b30,0x52525252,0x52525252,0x00000000
0x13184b34,0x52525252,0x52525252,0x00000000
0x13184b38,0x52525252,0x52525252,0x00000000
0x13184b3c,0x52525252,0x52525252,0x00000000
0x13184b4c,0x52525252,0x52525252,0x00000000
0x13184b50,0x52525252,0x52525252,0x00000000
0x13184b54,0x52525252,0x52525252,0x00000000
0x13184b58,0x52525252,0x52525252,0x00000000
0x13184b5c,0x52525252,0x52525252,0x00000000
0x13184b60,0x52525252,0x52525252,0x00000000
0x13184b64,0x52525252,0x52525252,0x00000000
0x13184b68,0x52525252,0x52525252,0x00000000
0x13184b6c,0x52525252,0x52525252,0x00000000
0x13184b70,0x52525252,0x52525252,0x00000000
0x13184b74,0x52525252,0x52525252,0x00000000
0x13184b78,0x52525252,0x52525252,0x00000000
0x13184b7c,0x52525252,0x52525252,0x00000000
0x13184b88,0x52525252,0x52525252,0x00000000
0x13184b8c,0x52525252,0x52525252,0x00000000
0x13184b90,0x52525252,0x52525252,0x00000000
0x13184b94,0x52525252,0x52525252,0x00000000
0x13184b9c,0x52525252,0x52525252,0x00000000
0x13184bac,0x52525252,0x52525252,0x00000000
0x1318587c,0x0f0f0f0e,0x0f0f0f0e,0x00000000
0x13185880,0x0f0f0e0e,0x0f0f0e0e,0x00000000
0x13185884,0x0f0f0f0f,0x0f0f0f0f,0x00000000
0x13185888,0x190f0e0f,0x190f0e0f,0x00000000
0x1318588c,0x0f0f0f0f,0x0f0f0f0f,0x00000000
0x13185898,0x19190e0f,0x19190e0f,0x00000000
0x1318589c,0x0f0f0f0f,0x0f0f0f0f,0x00000000
0x131858a0,0x0f0f0f0f,0x0f0f0f0f,0x00000000
0x131858a4,0x0f0f0f0e,0x0f0f0f0e,0x00000000
0x131858a8,0x0f0f0f0f,0x0f0f0f0f,0x00000000
0x131858ac,0x0f0f0f0e,0x0f0f0f0e,0x00000000
0x131858bc,0x0f0f0f0f,0x0f0f0f0f,0x00000000
0x131858c4,0x0f0f0f0f,0x0f0f0f0f,0x00000000
0x131858c8,0x0e0f0f0f,0x0e0f0f0f,0x00000000
0x131858cc,0x0f0f0f0f,0x0f0f0f0f,0x00000000
0x131858d0,0x0f0e0e0f,0x0f0e0e0f,0x00000000
0x13185b24,0x52525252,0x52525252,0x00000000
0x13185b44,0x52525252,0x52525252,0x00000000
0x13185b64,0x52525252,0x52525252,0x00000000
0x13185b84,0x52525252,0x52525252,0x00000000
0x13185ba4,0x52525252,0x52525252,0x00000000
0x13186754,0x0f0f0f0f,0x0f0f0f0f,0x00000000
0x13186758,0x0f0f0f0f,0x0f0f0f0f,0x00000000
0x1318675c,0x0f0f0f0f,0x0f0f0f0f,0x00000000
0x1318676c,0x0f0f0f0f,0x0f0f0f0f,0x00000000
0x13186770,0x0f0f0f0a,0x0f0f0f0a,0x00000000
0x13186774,0x0e0f0f0f,0x0e0f0f0f,0x00000000
0x13186778,0x0f0f0f0f,0x0f0f0f0f,0x00000000
0x1318677c,0x0f0f0f0f,0x0f0f0f0f,0x00000000
0x13186780,0x0f0f0f0f,0x0f0f0f0f,0x00000000
0x13186784,0x0f0f0f0f,0x0f0f0f0f,0x00000000
0x13186788,0x0f0f0f0f,0x0f0f0f0f,0x00000000
0x1318678c,0x0f0f0f0f,0x0f0f0f0f,0x00000000
0x13186790,0x0f0f0f0f,0x0f0f0f0f,0x00000000
0x13186794,0x0f0f0f0f,0x0f0f0f0f,0x00000000
0x13186798,0x0f0f0f0f,0x0f0f0f0f,0x00000000
0x1318679c,0x0f0f0f0f,0x0f0f0f0f,0x00000000
0x131867ac,0x0f0f0f0f,0x0f0f0f0f,0x00000000
0x131867b0,0x0f0f0f0f,0x0f0f0f0f,0x00000000
0x131867b4,0x0f0f0f0f,0x0f0f0f0f,0x00000000
0x131867b8,0x0f0f0f0f,0x0f0f0f0f,0x00000000
0x131867bc,0x0f0f0f0f,0x0f0f0f0f,0x00000000
0x131867c8,0x0f0f0e0f,0x0f0f0e0f,0x00000000
0x131867cc,0x0f0e0f0f,0x0f0e0f0f,0x00000000
0x131867d0,0x0f0f0f0f,0x0f0f0f0f,0x00000000
0x131867d4,0x0f0f0f0f,0x0f0f0f0f,0x00000000
0x131867d8,0x0f0f0f0f,0x0f0f0f0f,0x00000000
0x131867dc,0x0f0f0f0f,0x0f0f0f0f,0x00000000
0x131867e8,0x0f0f0f0f,0x0f0f0f0f,0x00000000
0x131867ec,0x0e070a0f,0x0e070a0f,0x00000000
0x131867f0,0x0f0e0e0f,0x0f0e0e0f,0x00000000
0x131867f4,0x0e070e0f,0x0e070e0f,0x00000000
0x131867f8,0x0f0e0e0f,0x0f0e0e0f,0x00000000
0x131867fc,0x0e0e0e0f,0x0e0e0e0f,0x00000000
0x1318680c,0x0f0f0f0f,0x0f0f0f0f,0x00000000
0x13186810,0x0f0f0f0f,0x0f0f0f0f,0x00000000
0x13186814,0x0f0f0f0e,0x0f0f0f0e,0x00000000
0x13186818,0x0f0f0f0f,0x0f0f0f0f,0x00000000
0x1318681c,0x0f0e0e0e,0x0f0e0e0e,0x00000000
0x13186820,0x0f0f0f0f,0x0f0f0f0f,0x00000000
0x13186824,0x0f0f0f0f,0x0f0f0f0f,0x00000000
0x13186828,0x0f0f0f0f,0x0f0f0f0f,0x00000000
0x1318682c,0x0f0f0f0f,0x0f0f0f0f,0x00000000
0x13186830,0x0f0f0f0f,0x0f0f0f0f,0x00000000
0x13186834,0x0e0f0f0f,0x0e0f0f0f,0x00000000
0x13186838,0x0f0f0f0f,0x0f0f0f0f,0x00000000
0x1318683c,0x0e0f0f0f,0x0e0f0f0f,0x00000000
0x13186848,0x0e0e0e0f,0x0e0e0e0f,0x00000000
0x1318684c,0x0f0f0f0f,0x0f0f0f0f,0x00000000
0x13186850,0x0e0e0f0f,0x0e0e0f0f,0x00000000
0x13186854,0x0f0e0f0f,0x0f0e0f0f,0x00000000
0x13186858,0x0e0e0f0f,0x0e0e0f0f,0x00000000
0x1318685c,0x0f0f0f0f,0x0f0f0f0f,0x00000000
0x13186860,0x0f0f0f0f,0x0f0f0f0f,0x00000000
0x13186864,0x0f0f0f0e,0x0f0f0f0e,0x00000000
0x13186868,0x0f0f0f0f,0x0f0f0f0f,0x00000000
0x1318686c,0x0f0f0f0f,0x0f0f0f0f,0x00000000
0x13186870,0x0f0f0f0f,0x0f0f0f0f,0x00000000
0x13186874,0x0f0f0f0e,0x0f0f0f0e,0x00000000
0x13186878,0x0f0f0f0f,0x0f0f0f0f,0x00000000
0x1318687c,0x0f0f0e0e,0x0f0f0e0e,0x00000000
0x1318688c,0x0f0f0f0f,0x0f0f0f0f,0x00000000
0x13186890,0x0f0f0f0e,0x0f0f0f0e,0x00000000
0x13186894,0x0e0f0f0f,0x0e0f0f0f,0x00000000
0x13186898,0x0e0f0f0f,0x0e0f0f0f,0x00000000
0x1318689c,0x0e0f0f0f,0x0e0f0f0f,0x00000000
0x131868a8,0x0f0f0f0f,0x0f0f0f0f,0x00000000
0x131868ac,0x0f0f0f0f,0x0f0f0f0f,0x00000000
0x131868b0,0x0f0f0f0f,0x0f0f0f0f,0x00000000
0x131868b4,0x0f0f0f0f,0x0f0f0f0f,0x00000000
0x131868b8,0x0f0f0f0f,0x0f0f0f0f,0x00000000
0x131868bc,0x0f0f0f0f,0x0f0f0f0f,0x00000000
0x131868c8,0x0f0f0f0f,0x0f0f0f0f,0x00000000
0x131868cc,0x0f0f0f0f,0x0f0f0f0f,0x00000000
0x131868d0,0x0f0f0f0f,0x0f0f0f0f,0x00000000
0x1318b75c,0x0f0f0f0f,0x0f0f0f0f,0x00000000
0x1318b770,0x0f0f0f0f,0x0f0f0f0f,0x00000000
0x1318b7ec,0x0f0f0f0f,0x0f0f0f0f,0x00000000
0x1318c898,0x0f0f0f0f,0x0f0f0f0f,0x00000000
0x1318d7f0,0x0f0f0f0f,0x0f0f0f0f,0x00000000
0x1318e874,0x0f0f0f0f,0x0f0f0f0f,0x00000000
0x1318f754,0x0f0f0f0f,0x0f0f0f0f,0x00000000
0x1318f758,0x0f0f0f0e,0x0f0f0f0e,0x00000000
0x1318f75c,0x0e0f0f0f,0x0e0f0f0f,0x00000000
0x1318f768,0x0f0f0f0f,0x0f0f0f0f,0x00000000
0x1318f770,0x0f0f0f0f,0x0f0f0f0f,0x00000000
0x1318f774,0x0f0e0f0f,0x0f0e0f0f,0x00000000
0x1318f778,0x0f0f0f0f,0x0f0f0f0f,0x00000000
0x1318f77c,0x0f0f0f0f,0x0f0f0f0f,0x00000000
0x1318f788,0x0f0f0f0f,0x0f0f0f0f,0x00000000
0x1318f790,0x0f0f0f0f,0x0f0f0f0f,0x00000000
0x1318f794,0x0f0f0f0f,0x0f0f0f0f,0x00000000
0x1318f798,0x0f0f0e0f,0x0f0f0e0f,0x00000000
0x1318f79c,0x0f0f0f0f,0x0f0f0f0f,0x00000000
0x1318f7a8,0x0f0f0f0f,0x0f0f0f0f,0x00000000
0x1318f7ac,0x0f0f0f0f,0x0f0f0f0f,0x00000000
0x1318f7b0,0x0f0f0f0f,0x0f0f0f0f,0x00000000
0x1318f7b4,0x0f0f0f0f,0x0f0f0f0f,0x00000000
0x1318f7b8,0x0f0f0f0f,0x0f0f0f0f,0x00000000
0x1318f7bc,0x0f0f0f0f,0x0f0f0f0f,0x00000000
0x1318f7c0,0x0e0f0f0f,0x0e0f0f0f,0x00000000
0x1318f7c4,0x0f0f0f0f,0x0f0f0f0f,0x00000000
0x1318f7c8,0x0f0f0f0f,0x0f0f0f0f,0x00000000
0x1318f7cc,0x0f0f0f0f,0x0f0f0f0f,0x00000000
0x1318f7d0,0x0f0f0f0f,0x0f0f0f0f,0x00000000
0x1318f7d4,0x0f0f0f0f,0x0f0f0f0f,0x00000000
0x1318f7d8,0x0f0f0f0f,0x0f0f0f0f,0x00000000
0x1318f7dc,0x0f0f0f0f,0x0f0f0f0f,0x00000000
0x1318f7e8,0x0f0f0f0f,0x0f0f0f0f,0x00000000
0x1318f7ec,0x0f0f0f0f,0x0f0f0f0f,0x00000000
0x1318f7f0,0x0f0f0f0f,0x0f0f0f0f,0x00000000
0x1318f7f4,0x0f0f0f0f,0x0f0f0f0f,0x00000000
0x1318f7f8,0x0f0f0f0f,0x0f0f0f0f,0x00000000
0x1318f7fc,0x0f0f0f0f,0x0f0f0f0f,0x00000000
0x1318f808,0x0f0f0f0f,0x0f0f0f0f,0x00000000
0x1318f80c,0x0f0e070a,0x0f0e070a,0x00000000
0x1318f810,0x0f0f0f0f,0x0f0f0f0f,0x00000000
0x1318f814,0x0f0f0a0e,0x0f0f0a0e,0x00000000
0x1318f818,0x0f0f0f0f,0x0f0f0f0f,0x00000000
0x1318f81c,0x0f0f0f0f,0x0f0f0f0f,0x00000000
0x1318f828,0x0f0f0f0f,0x0f0f0f0f,0x00000000
0x1318f82c,0x0f0f0f0f,0x0f0f0f0f,0x00000000
0x1318f830,0x0f0f0f0f,0x0f0f0f0f,0x00000000
0x1318f834,0x0f0f0f0f,0x0f0f0f0f,0x00000000
0x1318f838,0x0f0f0f0f,0x0f0f0f0f,0x00000000
0x1318f83c,0x0f0f0f0f,0x0f0f0f0f,0x00000000
0x1318f848,0x0f0f0f0e,0x0f0f0f0e,0x00000000
0x1318f84c,0x0e0e0f0f,0x0e0e0f0f,0x00000000
0x1318f850,0x0f0f0f0f,0x0f0f0f0f,0x00000000
0x1318f854,0x0f0f0f0f,0x0f0f0f0f,0x00000000
0x1318f858,0x0f0f190f,0x0f0f190f,0x00000000
0x1318f85c,0x0f0f0f0f,0x0f0f0f0f,0x00000000
0x1318f868,0x0f0f0f0f,0x0f0f0f0f,0x00000000
0x1318f86c,0x0f0f0f0f,0x0f0f0f0f,0x00000000
0x1318f870,0x0f0f0f0f,0x0f0f0f0f,0x00000000
0x1318f874,0x0f0e0e0f,0x0f0e0e0f,0x00000000
0x1318f878,0x0f0f0f0f,0x0f0f0f0f,0x00000000
0x1318f87c,0x0f0f0f0f,0x0f0f0f0f,0x00000000
0x1318f888,0x0f0f0f19,0x0f0f0f19,0x00000000
0x1318f88c,0x190e0e0e,0x190e0e0e,0x00000000
0x1318f890,0x0f0f0e0f,0x0f0f0e0f,0x00000000
0x1318f894,0x190e0e0e,0x190e0e0e,0x00000000
0x1318f898,0x0f0e0f0f,0x0f0e0f0f,0x00000000
0x1318f89c,0x0e0e0e0f,0x0e0e0e0f,0x00000000
0x1318f8a0,0x0e0e0f19,0x0e0e0f19,0x00000000
0x1318f8a4,0x190f0f0f,0x190f0f0f,0x00000000
0x1318f8a8,0x0e0e0e0f,0x0e0e0e0f,0x00000000
0x1318f8ac,0x0f190f0f,0x0f190f0f,0x00000000
0x1318f8b0,0x0e0f0f0e,0x0e0f0f0e,0x00000000
0x1318f8b4,0x0e0f0f0f,0x0e0f0f0f,0x00000000
0x1318f8b8,0x0f190f0e,0x0f190f0e,0x00000000
0x1318f8bc,0x0e0f0f0e,0x0e0f0f0e,0x00000000
0x1318f8c8,0x0e0e0f0f,0x0e0e0f0f,0x00000000
0x1318f8cc,0x0f0f0f0f,0x0f0f0f0f,0x00000000
0x1318f8d0,0x0e0e0f0f,0x0e0e0f0f,0x00000000
0x1318f8d4,0x0f0f0f0f,0x0f0f0f0f,0x00000000
0x1318f8d8,0x0e0e0f0f,0x0e0e0f0f,0x00000000
0x1318f8dc,0x0f0f0f0f,0x0f0f0f0f,0x00000000
0x1318f8e8,0x0f0f0f0e,0x0f0f0f0e,0x00000000
0x1318f8ec,0x0e0f0f0e,0x0e0f0f0e,0x00000000
0x1318f8f0,0x0f0f0f0e,0x0f0f0f0e,0x00000000
0x1318f8f4,0x0e0f0f0e,0x0e0f0f0e,0x00000000
0x1318f8fc,0x0e0f0f0f,0x0e0f0f0f,0x00000000
0x1318f90c,0x0f0e0e0f,0x0f0e0e0f,0x00000000
0x1318fb74,0x52525252,0x52525252,0x00000000
0x1318fb78,0x52525252,0x52525252,0x00000000
0x1318fb7c,0x52525252,0x52525252,0x00000000
0x1318fb8c,0x52525252,0x52525252,0x00000000
0x1318fb90,0x52525252,0x52525252,0x00000000
0x1318fb94,0x52525252,0x52525252,0x00000000
0x1318fb9c,0x52525252,0x52525252,0x00000000
0x1318fbac,0x52525252,0x52525252,0x00000000
0x13190754,0x0f0e0a0f,0x0f0e0a0f,0x00000000
0x13190758,0x0f0f0e0f,0x0f0f0e0f,0x00000000
0x1319075c,0x0f0f0e0f,0x0f0f0e0f,0x00000000
0x13190768,0x0f0f0f0f,0x0f0f0f0f,0x00000000
0x1319076c,0x0f0f0f0f,0x0f0f0f0f,0x00000000
0x13190770,0x0f0f0f0f,0x0f0f0f0f,0x00000000
0x13190774,0x0f0f0f0e,0x0f0f0f0e,0x00000000
0x13190778,0x0f0f0f0f,0x0f0f0f0f,0x00000000
0x1319077c,0x0f0f0f0f,0x0f0f0f0f,0x00000000
0x13190780,0x0f0f0e0f,0x0f0f0e0f,0x00000000
0x13190784,0x0f0f0f0f,0x0f0f0f0f,0x00000000
0x13190788,0x0f0f0f0f,0x0f0f0f0f,0x00000000
0x1319078c,0x0f0f0f0f,0x0f0f0f0f,0x00000000
0x13190790,0x0f0f0f0f,0x0f0f0f0f,0x00000000
0x13190794,0x0f0f0f0f,0x0f0f0f0f,0x00000000
0x13190798,0x0f0f0f0f,0x0f0f0f0f,0x00000000
0x1319079c,0x0f0f0f0f,0x0f0f0f0f,0x00000000
0x131907a8,0x0f0f0f0f,0x0f0f0f0f,0x00000000
0x131907ac,0x0f0f0f0f,0x0f0f0f0f,0x00000000
0x131907b0,0x0f0f0f0f,0x0f0f0f0f,0x00000000
0x131907b4,0x0f0f0f0f,0x0f0f0f0f,0x00000000
0x131907b8,0x0f0f0f0f,0x0f0f0f0f,0x00000000
0x131907bc,0x0f0f0f0f,0x0f0f0f0f,0x00000000
0x131907c8,0x0f0f0f0f,0x0f0f0f0f,0x00000000
0x131907cc,0x0f0f0f0f,0x0f0f0f0f,0x00000000
0x131907d0,0x0f0f0f0f,0x0f0f0f0f,0x00000000
0x131907d4,0x0f0f0f0f,0x0f0f0f0f,0x00000000
0x131907d8,0x0f0f0f0f,0x0f0f0f0f,0x00000000
0x131907dc,0x0f0f0f0f,0x0f0f0f0f,0x00000000
0x131907ec,0x0f0f0f0f,0x0f0f0f0f,0x00000000
0x131907f0,0x0f0f0f0f,0x0f0f0f0f,0x00000000
0x131907f4,0x0f0f0f0f,0x0f0f0f0f,0x00000000
0x131907f8,0x0f0f0f0f,0x0f0f0f0f,0x00000000
0x131907fc,0x0f0f0f0f,0x0f0f0f0f,0x00000000
0x1319080c,0x0f0f0f0f,0x0f0f0f0f,0x00000000
0x13190810,0x0f0f0f0f,0x0f0f0f0f,0x00000000
0x13190814,0x0f0f0e0f,0x0f0f0e0f,0x00000000
0x13190818,0x0f0f0f0f,0x0f0f0f0f,0x00000000
0x1319081c,0x0f0f0f0f,0x0f0f0f0f,0x00000000
0x1319082c,0x0f0f0f0f,0x0f0f0f0f,0x00000000
0x13190830,0x0f0f0f0f,0x0f0f0f0f,0x00000000
0x13190834,0x0f0f0f0e,0x0f0f0f0e,0x00000000
0x13190838,0x0f0f0f0f,0x0f0f0f0f,0x00000000
0x1319083c,0x0f0f0f0e,0x0f0f0f0e,0x00000000
0x13190840,0x0f0e0f19,0x0f0e0f19,0x00000000
0x13190844,0x0f0e0f0f,0x0f0e0f0f,0x00000000
0x13190848,0x0f0f0f0f,0x0f0f0f0f,0x00000000
0x1319084c,0x0f0f0f0f,0x0f0f0f0f,0x00000000
0x13190850,0x0f0f0f0f,0x0f0f0f0f,0x00000000
0x13190854,0x0f0f0f0f,0x0f0f0f0f,0x00000000
0x13190858,0x0e0e0f0f,0x0e0e0f0f,0x00000000
0x1319085c,0x0e0f0f0f,0x0e0f0f0f,0x00000000
0x13190868,0x0f0f0f0f,0x0f0f0f0f,0x00000000
0x1319086c,0x0f0f0f0f,0x0f0f0f0f,0x00000000
0x13190870,0x0f0f0f0f,0x0f0f0f0f,0x00000000
0x13190874,0x0f0f0f0f,0x0f0f0f0f,0x00000000
0x13190878,0x0e0f0f0f,0x0e0f0f0f,0x00000000
0x1319087c,0x0f0f0f0f,0x0f0f0f0f,0x00000000
0x13190880,0x0e0f190f,0x0e0f190f,0x00000000
0x13190884,0x0e0e0e19,0x0e0e0e19,0x00000000
0x13190888,0x0f191919,0x0f191919,0x00000000
0x1319088c,0x0f0f1919,0x0f0f1919,0x00000000
0x13190890,0x0f0f0f0f,0x0f0f0f0f,0x00000000
0x13190894,0x0f0f1919,0x0f0f1919,0x00000000
0x13190898,0x0f0f0e0e,0x0f0f0e0e,0x00000000
0x1319089c,0x0f0f190f,0x0f0f190f,0x00000000
0x131908a8,0x19190f0e,0x19190f0e,0x00000000
0x131908ac,0x0e0e0f0f,0x0e0e0f0f,0x00000000
0x131908b0,0x1919190f,0x1919190f,0x00000000
0x131908b4,0x0e0f0f0f,0x0e0f0f0f,0x00000000
0x131908b8,0x0f0f0f0f,0x0f0f0f0f,0x00000000
0x131908bc,0x0f0f0f0f,0x0f0f0f0f,0x00000000
0x131908cc,0x0e0e0e0f,0x0e0e0e0f,0x00000000
0x131908d0,0x0f0f0f0f,0x0f0f0f0f,0x00000000
0x131908d4,0x0f0e0f0f,0x0f0e0f0f,0x00000000
0x131908d8,0x0f0f0f0e,0x0f0f0f0e,0x00000000
0x131908dc,0x0f0f0f0f,0x0f0f0f0f,0x00000000
0x131908e0,0x0f0f0f0e,0x0f0f0f0e,0x00000000
0x131908e4,0x0e0f0f0f,0x0e0f0f0f,0x00000000
0x131908e8,0x0f0f0f0f,0x0f0f0f0f,0x00000000
0x131908ec,0x0f0f0f0f,0x0f0f0f0f,0x00000000
0x131908f0,0x0f0f0f0f,0x0f0f0f0f,0x00000000
0x131908f4,0x0f0f0f0f,0x0f0f0f0f,0x00000000
0x131908fc,0x0f0f0a0f,0x0f0f0a0f,0x00000000
0x1319090c,0x1d190e0f,0x1d190e0f,0x00000000
0x13190b68,0x52525252,0x52525252,0x00000000
0x13190b70,0x52525252,0x52525252,0x00000000
0x13190b74,0x52525252,0x52525252,0x00000000
0x13190b84,0x52525252,0x52525252,0x00000000
0x13192754,0x0f0f0f0f,0x0f0f0f0f,0x00000000
0x13192758,0x0f0f0f0f,0x0f0f0f0f,0x00000000
0x1319275c,0x0f0f0f0f,0x0f0f0f0f,0x00000000
0x13192878,0x0f0f0f0f,0x0f0f0f0f,0x00000000
0x1319287c,0x0f0f0f0f,0x0f0f0f0f,0x00000000
0x13192880,0x0e0e0e0e,0x0e0e0e0e,0x00000000
0x13192894,0x0e0e0e0f,0x0e0e0e0f,0x00000000
0x13192898,0x0f0f0e0e,0x0f0f0e0e,0x00000000
0x1319289c,0x0e0f0e0e,0x0e0f0e0e,0x00000000
0x131928bc,0x0e0fe6c3,0x0e0fe6c3,0x00000000
0x131928c0,0x0f190f0e,0x0f190f0e,0x00000000
0x131928c4,0x1987c3c3,0x1987c3c3,0x00000000
0x131928c8,0x0f0f1d87,0x0f0f1d87,0x00000000
0x131928f0,0x8787871d,0x8787871d,0x00000000
0x131928f4,0x0e0f1987,0x0e0f1987,0x00000000
0x13192b58,0x52525252,0x52525252,0x00000000
0x13192b64,0x52525252,0x52525252,0x00000000
0x13192b70,0x52525252,0x52525252,0x00000000
0x13192b7c,0x52525252,0x52525252,0x00000000
0x13192b88,0x52525252,0x52525252,0x00000000
0x13192b94,0x52525252,0x52525252,0x00000000
0x13192bac,0x52525252,0x52525252,0x00000000
0x131947b0,0x0f0f0f0f,0x0f0f0f0f,0x00000000
0x131947b4,0x0f0f0f0f,0x0f0f0f0f,0x00000000
0x131947b8,0x0f0f0f0f,0x0f0f0f0f,0x00000000
0x131947bc,0x0f0f0f0f,0x0f0f0f0f,0x00000000
0x131947c0,0x0f0f0f0f,0x0f0f0f0f,0x00000000
0x13195b38,0x52525252,0x52525252,0x00000000
0x13195b40,0x52525252,0x52525252,0x00000000
0x13195b48,0x52525252,0x52525252,0x00000000
0x13195b50,0x52525252,0x52525252,0x00000000
0x13195b54,0x52525252,0x52525252,0x00000000
0x13195b58,0x52525252,0x52525252,0x00000000
0x13195b5c,0x52525252,0x52525252,0x00000000
0x13195b60,0x52525252,0x52525252,0x00000000
0x13195b64,0x52525252,0x52525252,0x00000000
0x13195b68,0x52525252,0x52525252,0x00000000
0x13195b6c,0x52525252,0x52525252,0x00000000
0x13195b70,0x52525252,0x52525252,0x00000000
0x13195b74,0x52525252,0x52525252,0x00000000
0x13195b78,0x52525252,0x52525252,0x00000000
0x13195b7c,0x52525252,0x52525252,0x00000000
0x13195b80,0x52525252,0x52525252,0x00000000
0x13195b84,0x52525252,0x52525252,0x00000000
0x13195b88,0x52525252,0x52525252,0x00000000
0x13195b8c,0x52525252,0x52525252,0x00000000
0x13195b90,0x52525252,0x52525252,0x00000000
0x13195b94,0x52525252,0x52525252,0x00000000
0x13195b9c,0x52525252,0x52525252,0x00000000
0x13195ba4,0x52525252,0x52525252,0x00000000
0x13195bac,0x52525252,0x52525252,0x00000000
0x13196758,0x0f0e0e0f,0x0f0e0e0f,0x00000000
0x1319675c,0x0f0f0f0f,0x0f0f0f0f,0x00000000
0x13196760,0x0f0f0f0f,0x0f0f0f0f,0x00000000
0x13196768,0x0f0f0f0f,0x0f0f0f0f,0x00000000
0x1319676c,0x0f0f0f0f,0x0f0f0f0f,0x00000000
0x13196770,0x0f0e0f0f,0x0f0e0f0f,0x00000000
0x13196774,0x0f0f0f0f,0x0f0f0f0f,0x00000000
0x13196778,0x0e0f0f0f,0x0e0f0f0f,0x00000000
0x13196780,0x0f070e0f,0x0f070e0f,0x00000000
0x13196784,0x0f0f0f0f,0x0f0f0f0f,0x00000000
0x13196788,0x0f0f0f0f,0x0f0f0f0f,0x00000000
0x1319678c,0x0f0f0f0f,0x0f0f0f0f,0x00000000
0x13196790,0x0f0f0f0f,0x0f0f0f0f,0x00000000
0x13196794,0x0f0f0f0f,0x0f0f0f0f,0x00000000
0x13196798,0x0f0f0f0f,0x0f0f0f0f,0x00000000
0x1319679c,0x0f0f0f0f,0x0f0f0f0f,0x00000000
0x131967a0,0x0f0f0f0f,0x0f0f0f0f,0x00000000
0x131967a8,0x0f0f0f0f,0x0f0f0f0f,0x00000000
0x131967ac,0x0f0f0f0f,0x0f0f0f0f,0x00000000
0x131967b0,0x0f0f0e0f,0x0f0f0e0f,0x00000000
0x131967b8,0x0f0e0e0f,0x0f0e0e0f,0x00000000
0x131967bc,0x0f0f0f0f,0x0f0f0f0f,0x00000000
0x131967c0,0x0f0f0f0f,0x0f0f0f0f,0x00000000
0x131967c4,0x0f0f0f0f,0x0f0f0f0f,0x00000000
0x131967c8,0x0f0f0f0f,0x0f0f0f0f,0x00000000
0x131967d0,0x0f0f0f0f,0x0f0f0f0f,0x00000000
0x131967d4,0x0e0e0f0f,0x0e0e0f0f,0x00000000
0x131967d8,0x0f0f0f0f,0x0f0f0f0f,0x00000000
0x131967e0,0x0f0f0f0f,0x0f0f0f0f,0x00000000
0x131967e4,0x0f0f0f0f,0x0f0f0f0f,0x00000000
0x131967e8,0x0f0f0f0f,0x0f0f0f0f,0x00000000
0x131967ec,0x0f0f0f0f,0x0f0f0f0f,0x00000000
0x131967f0,0x0f0f0f0e,0x0f0f0f0e,0x00000000
0x131967f8,0x0f0f0f0f,0x0f0f0f0f,0x00000000
0x131967fc,0x0e0f0f0f,0x0e0f0f0f,0x00000000
0x13196800,0x0e0e0f0f,0x0e0e0f0f,0x00000000
0x13196808,0x0e0e0e0f,0x0e0e0e0f,0x00000000
0x1319680c,0x0f0f0e0f,0x0f0f0e0f,0x00000000
0x13196810,0x0f0f0f0f,0x0f0f0f0f,0x00000000
0x13196814,0x0f0f0f0f,0x0f0f0f0f,0x00000000
0x13196818,0x0f0f0e0f,0x0f0f0e0f,0x00000000
0x13196820,0x0f0f0f0f,0x0f0f0f0f,0x00000000
0x13196824,0x0f0f0f0e,0x0f0f0f0e,0x00000000
0x13196828,0x0f0f0f0f,0x0f0f0f0f,0x00000000
0x13196830,0x0f0e0e0e,0x0f0e0e0e,0x00000000
0x13196834,0x0f8797c3,0x0f8797c3,0x00000000
0x13196838,0x0a0a19c3,0x0a0a19c3,0x00000000
0x1319683c,0x97c3190f,0x97c3190f,0x00000000
0x13196840,0x0a1dc3c3,0x0a1dc3c3,0x00000000
0x13196848,0xc3c31d0e,0xc3c31d0e,0x00000000
0x1319684c,0x0e19e6d6,0x0e19e6d6,0x00000000
0x13196850,0x1d0e190f,0x1d0e190f,0x00000000
0x13196858,0x19ab871d,0x19ab871d,0x00000000
0x1319685c,0x0e0fe687,0x0e0fe687,0x00000000
0x13196860,0x77a20f19,0x77a20f19,0x00000000
0x13196864,0xe687e6e6,0xe687e6e6,0x00000000
0x13196868,0x6b77a20f,0x6b77a20f,0x00000000
0x13196870,0xc36b77a2,0xc36b77a2,0x00000000
0x13196874,0x191d8787,0x191d8787,0x00000000
0x13196878,0xab87a477,0xab87a477,0x00000000
0x1319687c,0x680f1da0,0x680f1da0,0x00000000
0x13196880,0x190e0e1d,0x190e0e1d,0x00000000
0x13196884,0x878787e6,0x878787e6,0x00000000
0x13196888,0x87190e0f,0x87190e0f,0x00000000
0x1319688c,0xab87abe6,0xab87abe6,0x00000000
0x13196890,0x87ab1907,0x87ab1907,0x00000000
0x13196898,0xe6ab8719,0xe6ab8719,0x00000000
0x1319689c,0x0e0f1de6,0x0e0f1de6,0x00000000
0x131968a0,0x0f0e0fab,0x0f0e0fab,0x00000000
0x131968a8,0xe60f0e19,0xe60f0e19,0x00000000
0x131968ac,0x87878787,0x87878787,0x00000000
0x131968b0,0xe687190e,0xe687190e,0x00000000
0x131968b4,0x19e68787,0x19e68787,0x00000000
0x131968b8,0x87878719,0x87878719,0x00000000
0x131968c0,0x190e0fe6,0x190e0fe6,0x00000000
0x131968c4,0x8787c3de,0x8787c3de,0x00000000
0x131968c8,0xc3e60a0f,0xc3e60a0f,0x00000000
0x131968d0,0xe6c31d04,0xe6c31d04,0x00000000
0x131968d4,0x0ec3de97,0x0ec3de97,0x00000000
0x131968d8,0xe6ab971d,0xe6ab971d,0x00000000
0x131968dc,0x040e979c,0x040e979c,0x00000000
0x131968ec,0xc39c9cde,0xc39c9cde,0x00000000
0x13196b38,0x52525252,0x52525252,0x00000000
0x13196b40,0x52525252,0x52525252,0x00000000
0x13196b48,0x52525252,0x52525252,0x00000000
0x13196b4c,0x52525252,0x52525252,0x00000000
0x13196b50,0x52525252,0x52525252,0x00000000
0x13196b54,0x52525252,0x52525252,0x00000000
0x13196b58,0x52525252,0x52525252,0x00000000
0x13196b5c,0x52525252,0x52525252,0x00000000
0x13196b60,0x52525252,0x52525252,0x00000000
0x13196b68,0x52525252,0x52525252,0x00000000
0x13196b6c,0x52525252,0x52525252,0x00000000
0x13196b70,0x52525252,0x52525252,0x00000000
0x13196b74,0x52525252,0x52525252,0x00000000
0x13196b78,0x52525252,0x52525252,0x00000000
0x13196b7c,0x52525252,0x52525252,0x00000000
0x13196b80,0x52525252,0x52525252,0x00000000
0x13196b84,0x52525252,0x52525252,0x00000000
0x13196b88,0x52525252,0x52525252,0x00000000
0x13196b90,0x52525252,0x52525252,0x00000000
0x13196b94,0x52525252,0x52525252,0x00000000
0x13196b9c,0x52525252,0x52525252,0x00000000
0x13196ba4,0x52525252,0x52525252,0x00000000
0x13196bac,0x52525252,0x52525252,0x00000000
0x13197758,0x0f0f0f0f,0x0f0f0f0f,0x00000000
0x1319775c,0x0f0f0f0f,0x0f0f0f0f,0x00000000
0x13197760,0x0f0f0f0f,0x0f0f0f0f,0x00000000
0x13197764,0x0f0f0f0f,0x0f0f0f0f,0x00000000
0x13197768,0x0f0f0f0e,0x0f0f0f0e,0x00000000
0x13197770,0x0f0f0f0f,0x0f0f0f0f,0x00000000
0x13197774,0x0f0f0f0f,0x0f0f0f0f,0x00000000
0x13197778,0x0f0f0f0f,0x0f0f0f0f,0x00000000
0x13197780,0x0e0e0f0f,0x0e0e0f0f,0x00000000
0x13197784,0x0f0f0f0f,0x0f0f0f0f,0x00000000
0x13197788,0x0e0e0f0f,0x0e0e0f0f,0x00000000
0x1319778c,0x0f0f0f0f,0x0f0f0f0f,0x00000000
0x13197790,0x0f0f0f0f,0x0f0f0f0f,0x00000000
0x13197798,0x0f0f0f0f,0x0f0f0f0f,0x00000000
0x1319779c,0x0f0f0f0f,0x0f0f0f0f,0x00000000
0x131977a0,0x0f0f0f0f,0x0f0f0f0f,0x00000000
0x131977a8,0x0f0f0f0f,0x0f0f0f0f,0x00000000
0x131977ac,0x0f0f0f0f,0x0f0f0f0f,0x00000000
0x131977b0,0x0f0f0f0f,0x0f0f0f0f,0x00000000
0x131977b4,0x0f0f0f0f,0x0f0f0f0f,0x00000000
0x131977b8,0x0f0f0f0f,0x0f0f0f0f,0x00000000
0x131977c0,0x0f0f0f0e,0x0f0f0f0e,0x00000000
0x131977c4,0x0e0f0f0f,0x0e0f0f0f,0x00000000
0x131977c8,0x0f0f0f0f,0x0f0f0f0f,0x00000000
0x131977d0,0x0f0f0f0f,0x0f0f0f0f,0x00000000
0x131977d4,0x0f0f0f0f,0x0f0f0f0f,0x00000000
0x131977d8,0x0f0f0f0f,0x0f0f0f0f,0x00000000
0x131977dc,0x0f0f0f0f,0x0f0f0f0f,0x00000000
0x131977e4,0x0f0f0f0f,0x0f0f0f0f,0x00000000
0x131977e8,0x0f0e0e0e,0x0f0e0e0e,0x00000000
0x131977ec,0x0f0f0f0f,0x0f0f0f0f,0x00000000
0x131977f0,0x0f0f0f0f,0x0f0f0f0f,0x00000000
0x131977f4,0x0f0f0f0f,0x0f0f0f0f,0x00000000
0x131977f8,0x0f0f0f0f,0x0f0f0f0f,0x00000000
0x131977fc,0x0e0f0f0e,0x0e0f0f0e,0x00000000
0x1319781c,0xc31d0e19,0xc31d0e19,0x00000000
0x1319782c,0xe6e60f0f,0xe6e60f0f,0x00000000
0x131978b0,0x0fe6e61d,0x0fe6e61d,0x00000000
0x131978b8,0x0f0f19e6,0x0f0f19e6,0x00000000
0x13197b38,0x52525252,0x52525252,0x00000000
0x13197b3c,0x52525252,0x52525252,0x00000000
0x13197b40,0x52525252,0x52525252,0x00000000
0x13197b44,0x52525252,0x52525252,0x00000000
0x13197b48,0x52525252,0x52525252,0x00000000
0x13197b4c,0x52525252,0x52525252,0x00000000
0x13197b50,0x52525252,0x52525252,0x00000000
0x13197b54,0x52525252,0x52525252,0x00000000
0x13198754,0x0f0f0f0f,0x0f0f0f0f,0x00000000
0x13198758,0x0f0f0f0f,0x0f0f0f0f,0x00000000
0x1319875c,0x0e0f0f0f,0x0e0f0f0f,0x00000000
0x13198760,0x0f0f0f0f,0x0f0f0f0f,0x00000000
0x13198768,0x0f0f0f0f,0x0f0f0f0f,0x00000000
0x1319876c,0x0f0f0f0f,0x0f0f0f0f,0x00000000
0x13198770,0x0f0f0f0f,0x0f0f0f0f,0x00000000
0x13198774,0x0f0f0e0f,0x0f0f0e0f,0x00000000
0x13198778,0x0f0f0f0f,0x0f0f0f0f,0x00000000
0x1319877c,0x0f0f0f0f,0x0f0f0f0f,0x00000000
0x13198780,0x0e0f0f0f,0x0e0f0f0f,0x00000000
0x13198784,0x0f0f0f0f,0x0f0f0f0f,0x00000000
0x13198788,0x0f0f0f0f,0x0f0f0f0f,0x00000000
0x13198790,0x0f0f0f0e,0x0f0f0f0e,0x00000000
0x13198794,0x0f0f0f0f,0x0f0f0f0f,0x00000000
0x13198798,0x0f0f0f0f,0x0f0f0f0f,0x00000000
0x1319879c,0x0f0f0f0f,0x0f0f0f0f,0x00000000
0x131987a0,0x0f0f0f0f,0x0f0f0f0f,0x00000000
0x131987a4,0x0f0f0f0f,0x0f0f0f0f,0x00000000
0x131987a8,0x0f0f0f0f,0x0f0f0f0f,0x00000000
0x131987ac,0x0f0f0f0f,0x0f0f0f0f,0x00000000
0x131987b0,0x0f0f0f0f,0x0f0f0f0f,0x00000000
0x131987b8,0x0f0f0f0f,0x0f0f0f0f,0x00000000
0x131987bc,0x0f0f0e0f,0x0f0f0e0f,0x00000000
0x131987c0,0x0f0f0f0f,0x0f0f0f0f,0x00000000
0x131987c8,0x0f0f0f0f,0x0f0f0f0f,0x00000000
0x131987cc,0x0f0f0f0f,0x0f0f0f0f,0x00000000
0x131987d0,0x0f0f0f0f,0x0f0f0f0f,0x00000000
0x131987d4,0x0f0f0f0f,0x0f0f0f0f,0x00000000
0x131987d8,0x0f0f0f0f,0x0f0f0f0f,0x00000000
0x131987e0,0x0f0f0f0f,0x0f0f0f0f,0x00000000
0x131987e4,0x0f0e0a1d,0x0f0e0a1d,0x00000000
0x131987e8,0x0f0f0f0a,0x0f0f0f0a,0x00000000
0x131987ec,0x0f1dc397,0x0f1dc397,0x00000000
0x131987f0,0x0f0a0fe6,0x0f0a0fe6,0x00000000
0x131987f4,0x9797e60f,0x9797e60f,0x00000000
0x131987f8,0x198797c3,0x198797c3,0x00000000
0x131987fc,0x1d0f0f0f,0x1d0f0f0f,0x00000000
0x13198800,0xc3978719,0xc3978719,0x00000000
0x13198808,0x870e0f19,0x870e0f19,0x00000000
0x1319880c,0x0f19ab87,0x0f19ab87,0x00000000
0x13198810,0x0fe687ab,0x0fe687ab,0x00000000
0x13198814,0x190e0fab,0x190e0fab,0x00000000
0x13198818,0x19ab87e6,0x19ab87e6,0x00000000
0x1319881c,0xab1d070e,0xab1d070e,0x00000000
0x13198820,0x87190a0e,0x87190a0e,0x00000000
0x13198824,0x1dabe6e6,0x1dabe6e6,0x00000000
0x13198828,0xab871d0e,0xab871d0e,0x00000000
0x13198830,0x8787ab1d,0x8787ab1d,0x00000000
0x13198834,0x0f0e19e6,0x0f0e19e6,0x00000000
0x13198838,0xe687e6ab,0xe687e6ab,0x00000000
0x13198840,0xe6190e0f,0xe6190e0f,0x00000000
0x13198844,0xe6878787,0xe6878787,0x00000000
0x13198848,0x1de61d0e,0x1de61d0e,0x00000000
0x1319884c,0x0fe68787,0x0fe68787,0x00000000
0x13198850,0xe687871d,0xe687871d,0x00000000
0x13198858,0x8787ab87,0x8787ab87,0x00000000
0x1319885c,0x1d0e0e1d,0x1d0e0e1d,0x00000000
0x13198860,0x1d0f0e0f,0x1d0f0e0f,0x00000000
0x13198864,0x1de6abdb,0x1de6abdb,0x00000000
0x13198868,0xe61d0f07,0xe61d0f07,0x00000000
0x1319886c,0x0f1d87ab,0x0f1d87ab,0x00000000
0x13198870,0xab1d1d0f,0xab1d1d0f,0x00000000
0x13198874,0x070fab87,0x070fab87,0x00000000
0x13198878,0x87e61de6,0x87e61de6,0x00000000
0x13198880,0x776b1d0f,0x776b1d0f,0x00000000
0x13198884,0x8787e6e6,0x8787e6e6,0x00000000
0x13198888,0xd6d26b1d,0xd6d26b1d,0x00000000
0x1319888c,0x0a1de6e6,0x0a1de6e6,0x00000000
0x13198890,0x1b876bd2,0x1b876bd2,0x00000000
0x13198894,0x1e071de6,0x1e071de6,0x00000000
0x13198898,0x871b876b,0x871b876b,0x00000000
0x1319889c,0xd21e071d,0xd21e071d,0x00000000
0x131988a0,0x1d0f0e19,0x1d0f0e19,0x00000000
0x131988a8,0xe6190e0e,0xe6190e0e,0x00000000
0x131988ac,0x1d8787e6,0x1d8787e6,0x00000000
0x131988b0,0xe6e6190e,0xe6e6190e,0x00000000
0x131988b8,0xe6e6e61d,0xe6e6e61d,0x00000000
0x131988bc,0x0e0e1d87,0x0e0e1d87,0x00000000
0x131988c0,0x190e0f1d,0x190e0f1d,0x00000000
0x131988c4,0xe61d8792,0xe61d8792,0x00000000
0x131988c8,0x87190e0e,0x87190e0e,0x00000000
0x131988d0,0x87871907,0x87871907,0x00000000
0x131988d4,0x0e1de61d,0x0e1de61d,0x00000000
0x131988dc,0x0a0e1de6,0x0a0e1de6,0x00000000
0x131988e4,0x9cdede9c,0x9cdede9c,0x00000000
0x131988ec,0x97dede9c,0x97dede9c,0x00000000
0x13198b20,0x52525252,0x52525252,0x00000000
0x13198b28,0x52525252,0x52525252,0x00000000
0x13198b30,0x52525252,0x52525252,0x00000000
0x13198b34,0x52525252,0x52525252,0x00000000
0x13198b38,0x52525252,0x52525252,0x00000000
0x13198b3c,0x52525252,0x52525252,0x00000000
0x13198b40,0x52525252,0x52525252,0x00000000
0x13198b44,0x52525252,0x52525252,0x00000000
0x13198b48,0x52525252,0x52525252,0x00000000
0x13198b50,0x52525252,0x52525252,0x00000000
0x13198b54,0x52525252,0x52525252,0x00000000
0x13198b58,0x52525252,0x52525252,0x00000000
0x13198b5c,0x52525252,0x52525252,0x00000000
0x13198b60,0x52525252,0x52525252,0x00000000
0x13198b64,0x52525252,0x52525252,0x00000000
0x13198b68,0x52525252,0x52525252,0x00000000
0x13198b6c,0x52525252,0x52525252,0x00000000
0x13198b70,0x52525252,0x52525252,0x00000000
0x13198b78,0x52525252,0x52525252,0x00000000
0x13198b7c,0x52525252,0x52525252,0x00000000
0x13198b80,0x52525252,0x52525252,0x00000000
0x13198b88,0x52525252,0x52525252,0x00000000
0x13198b8c,0x52525252,0x52525252,0x00000000
0x13198b90,0x52525252,0x52525252,0x00000000
0x13198b94,0x52525252,0x52525252,0x00000000
0x13198ba4,0x52525252,0x52525252,0x00000000
0x13198bac,0x52525252,0x52525252,0x00000000
0x13199754,0x0f0f0f0f,0x0f0f0f0f,0x00000000
0x13199758,0x0f0f0f0f,0x0f0f0f0f,0x00000000
0x13199760,0x0f0f0f0f,0x0f0f0f0f,0x00000000
0x13199764,0x0f0f0f0f,0x0f0f0f0f,0x00000000
0x13199768,0x0f0e0e0f,0x0f0e0e0f,0x00000000
0x13199770,0x0f0f0a0e,0x0f0f0a0e,0x00000000
0x13199774,0x0f0f0f0f,0x0f0f0f0f,0x00000000
0x13199778,0x0f0f0f0f,0x0f0f0f0f,0x00000000
0x1319977c,0x0f0f0f0f,0x0f0f0f0f,0x00000000
0x13199780,0x0f0f0f0f,0x0f0f0f0f,0x00000000
0x13199788,0x0f0f0f0f,0x0f0f0f0f,0x00000000
0x1319978c,0x0f0f0f0e,0x0f0f0f0e,0x00000000
0x13199790,0x0f0e0f0f,0x0f0e0f0f,0x00000000
0x13199794,0x0f0f0f0f,0x0f0f0f0f,0x00000000
0x13199798,0x0f0e0e0f,0x0f0e0e0f,0x00000000
0x1319979c,0x0f0f0f0f,0x0f0f0f0f,0x00000000
0x131997a0,0x0f0f0f0f,0x0f0f0f0f,0x00000000
0x131997a4,0x0f0f0f0f,0x0f0f0f0f,0x00000000
0x131997a8,0x0f0f0f0e,0x0f0f0f0e,0x00000000
0x131997b0,0x0f0e0f0e,0x0f0e0f0e,0x00000000
0x131997b4,0x0e0f0f0f,0x0e0f0f0f,0x00000000
0x131997b8,0x0f0f0f0f,0x0f0f0f0f,0x00000000
0x131997bc,0x0f0f0a0f,0x0f0f0a0f,0x00000000
0x131997c0,0x0f0f0f0f,0x0f0f0f0f,0x00000000
0x131997c4,0x0e0a19c3,0x0e0a19c3,0x00000000
0x131997c8,0x0f0f0e0e,0x0f0f0e0e,0x00000000
0x131997cc,0x1dc39787,0x1dc39787,0x00000000
0x131997d0,0x0a0fe697,0x0a0fe697,0x00000000
0x131997d8,0x8797c3e6,0x8797c3e6,0x00000000
0x131997dc,0x0b0b1d87,0x0b0b1d87,0x00000000
0x131997e0,0x97c31d0b,0x97c31d0b,0x00000000
0x131997e8,0x190b0f19,0x190b0f19,0x00000000
0x131997ec,0xab878787,0xab878787,0x00000000
0x131997f0,0x1bab190e,0x1bab190e,0x00000000
0x131997f4,0x19ab8787,0x19ab8787,0x00000000
0x131997f8,0x8787ab19,0x8787ab19,0x00000000
0x13199800,0x070fe6ab,0x070fe6ab,0x00000000
0x13199804,0x87871d0a,0x87871d0a,0x00000000
0x13199808,0x1d0e0fe6,0x1d0e0fe6,0x00000000
0x1319980c,0x8787ab19,0x8787ab19,0x00000000
0x13199810,0x87e60f0f,0x87e60f0f,0x00000000
0x13199814,0x1b8787ab,0x1b8787ab,0x00000000
0x13199818,0xaba0ab0f,0xaba0ab0f,0x00000000
0x1319981c,0x0e1d8787,0x0e1d8787,0x00000000
0x13199820,0x0ee68787,0x0ee68787,0x00000000
0x13199828,0x0e0e1d87,0x0e0e1d87,0x00000000
0x1319982c,0x8787ab19,0x8787ab19,0x00000000
0x13199830,0x1d0f0e19,0x1d0f0e19,0x00000000
0x13199834,0xabab87ab,0xabab87ab,0x00000000
0x13199838,0x87ab190a,0x87ab190a,0x00000000
0x1319983c,0x0fe68787,0x0fe68787,0x00000000
0x13199840,0x19878787,0x19878787,0x00000000
0x13199844,0x87e60f0e,0x87e60f0e,0x00000000
0x13199848,0x0e19abe6,0x0e19abe6,0x00000000
0x13199850,0x1d0e0fe6,0x1d0e0fe6,0x00000000
0x13199854,0x878787e6,0x878787e6,0x00000000
0x13199858,0x871d0e0e,0x871d0e0e,0x00000000
0x13199860,0x1d87e6e6,0x1d87e6e6,0x00000000
0x13199864,0xe619070e,0xe619070e,0x00000000
0x13199868,0x0e19abe6,0x0e19abe6,0x00000000
0x1319986c,0xe6e6190a,0xe6e6190a,0x00000000
0x13199870,0x190e191d,0x190e191d,0x00000000
0x13199878,0xab190e0f,0xab190e0f,0x00000000
0x1319987c,0x1de6e6e6,0x1de6e6e6,0x00000000
0x13199880,0xabe61be6,0xabe61be6,0x00000000
0x13199884,0xa4d21e07,0xa4d21e07,0x00000000
0x13199888,0x0e1de6e6,0x0e1de6e6,0x00000000
0x1319988c,0xe6a2d21f,0xe6a2d21f,0x00000000
0x13199890,0x0e0719c3,0x0e0719c3,0x00000000
0x13199894,0xab1ba2d2,0xab1ba2d2,0x00000000
0x13199898,0x1d0e071d,0x1d0e071d,0x00000000
0x131998a0,0x1de6e6e6,0x1de6e6e6,0x00000000
0x131998a4,0x1d0e0e1d,0x1d0e0e1d,0x00000000
0x131998a8,0x051de6e6,0x051de6e6,0x00000000
0x131998ac,0xe61d0f0e,0xe61d0f0e,0x00000000
0x131998b0,0xce0519e6,0xce0519e6,0x00000000
0x131998b4,0xe6e61d0f,0xe6e61d0f,0x00000000
0x131998b8,0xd2ce0519,0xd2ce0519,0x00000000
0x131998bc,0xe6e6e6ab,0xe6e6e6ab,0x00000000
0x131998c0,0xe6abe6e6,0xe6abe6e6,0x00000000
0x131998c8,0x19e6e61d,0x19e6e61d,0x00000000
0x131998cc,0xe6190e0e,0xe6190e0e,0x00000000
0x131998d0,0x0e19e6e6,0x0e19e6e6,0x00000000
0x131998dc,0x87ab871d,0x87ab871d,0x00000000
0x131998e4,0xe6070f97,0xe6070f97,0x00000000
0x13199b18,0x52525252,0x52525252,0x00000000
0x13199b20,0x52525252,0x52525252,0x00000000
0x13199b28,0x52525252,0x52525252,0x00000000
0x13199b30,0x52525252,0x52525252,0x00000000
0x13199b34,0x52525252,0x52525252,0x00000000
0x13199b38,0x52525252,0x52525252,0x00000000
0x13199b3c,0x52525252,0x52525252,0x00000000
0x13199b40,0x52525252,0x52525252,0x00000000
0x13199b48,0x52525252,0x52525252,0x00000000
0x13199b4c,0x52525252,0x52525252,0x00000000
0x13199b50,0x52525252,0x52525252,0x00000000
0x13199b54,0x52525252,0x52525252,0x00000000
0x13199b58,0x52525252,0x52525252,0x00000000
0x13199b5c,0x52525252,0x52525252,0x00000000
0x13199b60,0x52525252,0x52525252,0x00000000
0x13199b64,0x52525252,0x52525252,0x00000000
0x13199b68,0x52525252,0x52525252,0x00000000
0x13199b70,0x52525252,0x52525252,0x00000000
0x13199b74,0x52525252,0x52525252,0x00000000
0x13199b78,0x52525252,0x52525252,0x00000000
0x13199b7c,0x52525252,0x52525252,0x00000000
0x13199b80,0x52525252,0x52525252,0x00000000
0x13199b84,0x52525252,0x52525252,0x00000000
0x13199b88,0x52525252,0x52525252,0x00000000
0x13199b8c,0x52525252,0x52525252,0x00000000
0x13199b90,0x52525252,0x52525252,0x00000000
0x13199b9c,0x52525252,0x52525252,0x00000000
0x13199bac,0x52525252,0x52525252,0x00000000
0x1319a754,0x0f0f0a0e,0x0f0f0a0e,0x00000000
0x1319a758,0x0f0f0a0e,0x0f0f0a0e,0x00000000
0x1319a760,0x0f0f0f0f,0x0f0f0f0f,0x00000000
0x1319a764,0x0f0f0f0f,0x0f0f0f0f,0x00000000
0x1319a768,0x0f0e0e0e,0x0f0e0e0e,0x00000000
0x1319a76c,0x0f0f0f0f,0x0f0f0f0f,0x00000000
0x1319a770,0x0f0b0a0e,0x0f0b0a0e,0x00000000
0x1319a778,0x0e0f0f0f,0x0e0f0f0f,0x00000000
0x1319a77c,0x0f0f0e0e,0x0f0f0e0e,0x00000000
0x1319a780,0x0f0f0f0f,0x0f0f0f0f,0x00000000
0x1319a784,0x0f0f0f0f,0x0f0f0f0f,0x00000000
0x1319a788,0x0e0f0f0f,0x0e0f0f0f,0x00000000
0x1319a78c,0x0f0f0f0f,0x0f0f0f0f,0x00000000
0x1319a790,0x0f0f0f0f,0x0f0f0f0f,0x00000000
0x1319a794,0x0f0f0f0a,0x0f0f0f0a,0x00000000
0x1319a798,0x0f0f0f0f,0x0f0f0f0f,0x00000000
0x1319a7a0,0x0f0e0f0e,0x0f0e0f0e,0x00000000
0x1319a7a4,0x0a198797,0x0a198797,0x00000000
0x1319a7a8,0x0e0e0e1d,0x0e0e0e1d,0x00000000
0x1319a7ac,0xc397c319,0xc397c319,0x00000000
0x1319a7b0,0x0b1dc397,0x0b1dc397,0x00000000
0x1319a7b4,0x870f0f1b,0x870f0f1b,0x00000000
0x1319a7b8,0xd697e60f,0xd697e60f,0x00000000
0x1319a7bc,0x0a1babab,0x0a1babab,0x00000000
0x1319a7c0,0xc31d0b19,0xc31d0b19,0x00000000
0x1319a7c8,0x0a19ab87,0x0a19ab87,0x00000000
0x1319a7cc,0x87ab190e,0x87ab190e,0x00000000
0x1319a7d0,0x190f1dab,0x190f1dab,0x00000000
0x1319a7d8,0xab190e19,0xab190e19,0x00000000
0x1319a7dc,0xe687ab87,0xe687ab87,0x00000000
0x1319a7e0,0x8787abab,0x8787abab,0x00000000
0x1319a7e4,0x1b0f0fe6,0x1b0f0fe6,0x00000000
0x1319a7e8,0x19ababab,0x19ababab,0x00000000
0x1319a7f0,0x0e19aba0,0x0e19aba0,0x00000000
0x1319a7f4,0x8787ab19,0x8787ab19,0x00000000
0x1319a7f8,0x1b0f0fe6,0x1b0f0fe6,0x00000000
0x1319a7fc,0x87ab87ab,0x87ab87ab,0x00000000
0x1319a800,0x87ab87ab,0x87ab87ab,0x00000000
0x1319a804,0x190e19ab,0x190e19ab,0x00000000
0x1319a808,0x1dabab87,0x1dabab87,0x00000000
0x1319a80c,0xab190e19,0xab190e19,0x00000000
0x1319a810,0x0e19ab87,0x0e19ab87,0x00000000
0x1319a818,0x190e19ab,0x190e19ab,0x00000000
0x1319a81c,0xabe6a0e6,0xabe6a0e6,0x00000000
0x1319a820,0x8787871d,0x8787871d,0x00000000
0x1319a824,0x0e0fe6ab,0x0e0fe6ab,0x00000000
0x1319a828,0xe6878787,0xe6878787,0x00000000
0x1319a82c,0x1d0e0e19,0x1d0e0e19,0x00000000
0x1319a830,0x0fe68787,0x0fe68787,0x00000000
0x1319a834,0x871d0a0a,0x871d0a0a,0x00000000
0x1319a838,0x0f0e1d87,0x0f0e1d87,0x00000000
0x1319a840,0xab87e60f,0xab87e60f,0x00000000
0x1319a844,0x0fe68787,0x0fe68787,0x00000000
0x1319a848,0xe6e6871d,0xe6e6871d,0x00000000
0x1319a850,0x19e6e6e6,0x19e6e6e6,0x00000000
0x1319a854,0x1d0f0e19,0x1d0f0e19,0x00000000
0x1319a858,0x07191de6,0x07191de6,0x00000000
0x1319a85c,0xe61d190e,0xe61d190e,0x00000000
0x1319a860,0x8787190a,0x8787190a,0x00000000
0x1319a868,0x87878719,0x87878719,0x00000000
0x1319a86c,0x070e1de6,0x070e1de6,0x00000000
0x1319a870,0xab878787,0xab878787,0x00000000
0x1319a874,0x19070e19,0x19070e19,0x00000000
0x1319a878,0x0fab8787,0x0fab8787,0x00000000
0x1319a87c,0xab190e0a,0xab190e0a,0x00000000
0x1319a880,0xe6870f07,0xe6870f07,0x00000000
0x1319a884,0x1d87e61b,0x1d87e61b,0x00000000
0x1319a888,0xe6ab1d0f,0xe6ab1d0f,0x00000000
0x1319a890,0xe6e6e61d,0xe6e6e61d,0x00000000
0x1319a894,0x0f0f0f1d,0x0f0f0f1d,0x00000000
0x1319a898,0x19e6e6e6,0x19e6e6e6,0x00000000
0x1319a89c,0xe6190a0f,0xe6190a0f,0x00000000
0x1319a8a0,0xdbd27c05,0xdbd27c05,0x00000000
0x1319a8a4,0x19e6e6e6,0x19e6e6e6,0x00000000
0x1319a8a8,0x1bced27c,0x1bced27c,0x00000000
0x1319a8ac,0x0519e6e6,0x0519e6e6,0x00000000
0x1319a8b0,0xe61bce6b,0xe61bce6b,0x00000000
0x1319a8b8,0x1de61bce,0x1de61bce,0x00000000
0x1319a8bc,0x6b3e070f,0x6b3e070f,0x00000000
0x1319a8c0,0xe6190e0f,0xe6190e0f,0x00000000
0x1319a8c8,0xe687190a,0xe687190a,0x00000000
0x1319a8cc,0x19ab87e6,0x19ab87e6,0x00000000
0x1319a8d0,0x1dabab19,0x1dabab19,0x00000000
0x1319a8d4,0x0e0fe6e6,0x0e0fe6e6,0x00000000
0x1319ab1c,0x52525252,0x52525252,0x00000000
0x1319ab20,0x52525252,0x52525252,0x00000000
0x1319ab24,0x52525252,0x52525252,0x00000000
0x1319ab2c,0x52525252,0x52525252,0x00000000
0x1319ab30,0x52525252,0x52525252,0x00000000
0x1319ab34,0x52525252,0x52525252,0x00000000
0x1319ab38,0x52525252,0x52525252,0x00000000
0x1319ab40,0x52525252,0x52525252,0x00000000
0x1319ab44,0x52525252,0x52525252,0x00000000
0x1319ab48,0x52525252,0x52525252,0x00000000
0x1319ab4c,0x52525252,0x52525252,0x00000000
0x1319ab50,0x52525252,0x52525252,0x00000000
0x1319ab54,0x52525252,0x52525252,0x00000000
0x1319ab68,0x52525252,0x52525252,0x00000000
0x1319ab6c,0x52525252,0x52525252,0x00000000
0x1319ab78,0x52525252,0x52525252,0x00000000
0x1319ab7c,0x52525252,0x52525252,0x00000000
0x1319ab80,0x52525252,0x52525252,0x00000000
0x1319ab84,0x52525252,0x52525252,0x00000000
0x1319ab88,0x52525252,0x52525252,0x00000000
0x1319ab8c,0x52525252,0x52525252,0x00000000
0x1319ab90,0x52525252,0x52525252,0x00000000
0x1319aba4,0x52525252,0x52525252,0x00000000
0x1319b75c,0x0f0f0f0f,0x0f0f0f0f,0x00000000
0x1319b760,0x0e0f0f0f,0x0e0f0f0f,0x00000000
0x1319b76c,0x0f0f0f0f,0x0f0f0f0f,0x00000000
0x1319b770,0x0f0f0f0f,0x0f0f0f0f,0x00000000
0x1319b774,0x0f0f0a0b,0x0f0f0a0b,0x00000000
0x1319b778,0x0f0f0f0f,0x0f0f0f0f,0x00000000
0x1319b77c,0x0a0fe6d6,0x0a0fe6d6,0x00000000
0x1319b780,0x0f0e0e0a,0x0f0e0e0a,0x00000000
0x1319b784,0x198797c3,0x198797c3,0x00000000
0x1319b78c,0x97c31d0a,0x97c31d0a,0x00000000
0x1319b790,0x1dc39787,0x1dc39787,0x00000000
0x1319b794,0x190b1919,0x190b1919,0x00000000
0x1319b798,0x97870f0a,0x97870f0a,0x00000000
0x1319b7a8,0x0fe6abab,0x0fe6abab,0x00000000
0x1319b7ac,0xe60f0f1b,0xe60f0f1b,0x00000000
0x1319b7b0,0x0f19ab87,0x0f19ab87,0x00000000
0x1319b7b4,0xabab190a,0xabab190a,0x00000000
0x1319b7b8,0x1b0a0fe6,0x1b0a0fe6,0x00000000
0x1319b7bc,0xababab19,0xababab19,0x00000000
0x1319b7c0,0xabab1b0e,0xabab1b0e,0x00000000
0x1319b7d4,0xab190e19,0xab190e19,0x00000000
0x1319b7d8,0x0e19abab,0x0e19abab,0x00000000
0x1319b7e4,0x1dab8787,0x1dab8787,0x00000000
0x1319b7e8,0xab87ab19,0xab87ab19,0x00000000
0x1319b7ec,0x0e19ab87,0x0e19ab87,0x00000000
0x1319b7f0,0xe6ab87ab,0xe6ab87ab,0x00000000
0x1319b7f4,0x1d0e0fe6,0x1d0e0fe6,0x00000000
0x1319b7f8,0x0fe68787,0x0fe68787,0x00000000
0x1319b7fc,0x87e60f0f,0x87e60f0f,0x00000000
0x1319b810,0x87ababab,0x87ababab,0x00000000
0x1319b814,0x190a0fe6,0x190a0fe6,0x00000000
0x1319b820,0xe6190e1d,0xe6190e1d,0x00000000
0x1319b824,0xababe61d,0xababe61d,0x00000000
0x1319b828,0xabab190e,0xabab190e,0x00000000
0x1319b82c,0x19ababe6,0x19ababe6,0x00000000
0x1319b830,0x8787ab1d,0x8787ab1d,0x00000000
0x1319b834,0x0e0fe6ab,0x0e0fe6ab,0x00000000
0x1319b838,0xab87ab87,0xab87ab87,0x00000000
0x1319b84c,0x1d87e6e6,0x1d87e6e6,0x00000000
0x1319b850,0xe6e6190a,0xe6e6190a,0x00000000
0x1319b85c,0x0f0e1dab,0x0f0e1dab,0x00000000
0x1319b860,0x070fab87,0x070fab87,0x00000000
0x1319b864,0x87e6190e,0x87e6190e,0x00000000
0x1319b868,0x190e0f1d,0x190e0f1d,0x00000000
0x1319b86c,0xe6e6e61d,0xe6e6e61d,0x00000000
0x1319b870,0xe61d0e0a,0xe61d0e0a,0x00000000
0x1319b874,0x19e6e6e6,0x19e6e6e6,0x00000000
0x1319b884,0xe6871d0a,0xe6871d0a,0x00000000
0x1319b888,0x0e0a191d,0x0e0a191d,0x00000000
0x1319b88c,0xe687871d,0xe687871d,0x00000000
0x1319b894,0xe6878787,0xe6878787,0x00000000
0x1319b898,0xe6e6190e,0xe6e6190e,0x00000000
0x1319b89c,0x19ab8787,0x19ab8787,0x00000000
0x1319b8a0,0x0e1de61b,0x0e1de61b,0x00000000
0x1319b8a8,0x0a0e19e6,0x0a0e19e6,0x00000000
0x1319b8ac,0x1de6a4a2,0x1de6a4a2,0x00000000
0x1319b8b0,0x190e0a19,0x190e0a19,0x00000000
0x1319bb00,0x52525252,0x52525252,0x00000000
0x1319bb08,0x52525252,0x52525252,0x00000000
0x1319bb1c,0x52525252,0x52525252,0x00000000
0x1319bb20,0x52525252,0x52525252,0x00000000
0x1319bb2c,0x52525252,0x52525252,0x00000000
0x1319bb30,0x52525252,0x52525252,0x00000000
0x1319bb34,0x52525252,0x52525252,0x00000000
0x1319bb38,0x52525252,0x52525252,0x00000000
0x1319bb3c,0x52525252,0x52525252,0x00000000
0x1319bb40,0x52525252,0x52525252,0x00000000
0x1319bb44,0x52525252,0x52525252,0x00000000
0x1319bb58,0x52525252,0x52525252,0x00000000
0x1319bb5c,0x52525252,0x52525252,0x00000000
0x1319bb68,0x52525252,0x52525252,0x00000000
0x1319bb6c,0x52525252,0x52525252,0x00000000
0x1319bb70,0x52525252,0x52525252,0x00000000
0x1319bb74,0x52525252,0x52525252,0x00000000
0x1319bb78,0x52525252,0x52525252,0x00000000
0x1319bb7c,0x52525252,0x52525252,0x00000000
0x1319bb80,0x52525252,0x52525252,0x00000000
0x1319bb94,0x52525252,0x52525252,0x00000000
0x1319bb9c,0x52525252,0x52525252,0x00000000
0x1319bba4,0x52525252,0x52525252,0x00000000
0x1319bbac,0x52525252,0x52525252,0x00000000
0x1319c75c,0x0b1dc3d6,0x0b1dc3d6,0x00000000
0x1319c760,0x0f0e0a0f,0x0f0e0a0f,0x00000000
0x1319c764,0x87d6d6e6,0x87d6d6e6,0x00000000
0x1319c768,0x0a198797,0x0a198797,0x00000000
0x1319c76c,0xc31d0b0f,0xc31d0b0f,0x00000000
0x1319c770,0xc392a019,0xc392a019,0x00000000
0x1319c774,0x0b191b0f,0x0b191b0f,0x00000000
0x1319c788,0xe6ababab,0xe6ababab,0x00000000
0x1319c78c,0x190e19ab,0x190e19ab,0x00000000
0x1319c798,0x0f0e1bab,0x0f0e1bab,0x00000000
0x1319c79c,0xababe60f,0xababe60f,0x00000000
0x1319c7a0,0xabe60f0e,0xabe60f0e,0x00000000
0x1319c7a4,0x1babab87,0x1babab87,0x00000000
0x1319c7a8,0xababab19,0xababab19,0x00000000
0x1319c7ac,0x0e19abab,0x0e19abab,0x00000000
0x1319c7b0,0xe6ababab,0xe6ababab,0x00000000
0x1319c7c4,0xabab871b,0xabab871b,0x00000000
0x1319c7c8,0xabab190a,0xabab190a,0x00000000
0x1319c7d4,0x0e19abab,0x0e19abab,0x00000000
0x1319c7d8,0x1babab87,0x1babab87,0x00000000
0x1319c7dc,0xe60f0fe6,0xe60f0fe6,0x00000000
0x1319c7e0,0x0e0ee687,0x0e0ee687,0x00000000
0x1319c7e4,0x8787ab19,0x8787ab19,0x00000000
0x1319c7e8,0x1b0f0e1d,0x1b0f0e1d,0x00000000
0x1319c7ec,0xab8787ab,0xab8787ab,0x00000000
0x1319c7fc,0x0e0fe6a0,0x0e0fe6a0,0x00000000
0x1319c800,0x0e1dab87,0x0e1dab87,0x00000000
0x1319c804,0x87871b0e,0x87871b0e,0x00000000
0x1319c80c,0x878787e6,0x878787e6,0x00000000
0x1319c810,0x871d0e0f,0x871d0e0f,0x00000000
0x1319c814,0xe687ab87,0xe687ab87,0x00000000
0x1319c818,0x8787e60f,0x8787e60f,0x00000000
0x1319c820,0x0fe687ab,0x0fe687ab,0x00000000
0x1319c824,0x87e60f0e,0x87e60f0e,0x00000000
0x1319c828,0x0f0e1b87,0x0f0e1b87,0x00000000
0x1319c83c,0x19ab8787,0x19ab8787,0x00000000
0x1319c840,0x19e6e687,0x19e6e687,0x00000000
0x1319c84c,0x87ab190a,0x87ab190a,0x00000000
0x1319c850,0x1d0e19ab,0x1d0e19ab,0x00000000
0x1319c854,0xabab8719,0xabab8719,0x00000000
0x1319c858,0x871b0e0f,0x871b0e0f,0x00000000
0x1319c85c,0xe6e68787,0xe6e68787,0x00000000
0x1319c860,0x87ab87e6,0x87ab87e6,0x00000000
0x1319c864,0x190e1987,0x190e1987,0x00000000
0x1319c878,0x1d0e0f1d,0x1d0e0f1d,0x00000000
0x1319c87c,0xab87871d,0xab87871d,0x00000000
0x1319c888,0xab878787,0xab878787,0x00000000
0x1319c88c,0x1d0e0fe6,0x1d0e0fe6,0x00000000
0x1319c890,0x19ab8787,0x19ab8787,0x00000000
0x1319c894,0x87e60f0f,0x87e60f0f,0x00000000
0x1319c89c,0x8787e60f,0x8787e60f,0x00000000
0x1319caf8,0x52525252,0x52525252,0x00000000
0x1319cb0c,0x52525252,0x52525252,0x00000000
0x1319cb10,0x52525252,0x52525252,0x00000000
0x1319cb14,0x52525252,0x52525252,0x00000000
0x1319cb18,0x52525252,0x52525252,0x00000000
0x1319cb1c,0x52525252,0x52525252,0x00000000
0x1319cb24,0x52525252,0x52525252,0x00000000
0x1319cb28,0x52525252,0x52525252,0x00000000
0x1319cb2c,0x52525252,0x52525252,0x00000000
0x1319cb30,0x52525252,0x52525252,0x00000000
0x1319cb48,0x52525252,0x52525252,0x00000000
0x1319cb4c,0x52525252,0x52525252,0x00000000
0x1319cb58,0x52525252,0x52525252,0x00000000
0x1319cb5c,0x52525252,0x52525252,0x00000000
0x1319cb60,0x52525252,0x52525252,0x00000000
0x1319cb64,0x52525252,0x52525252,0x00000000
0x1319cb68,0x52525252,0x52525252,0x00000000
0x1319cb6c,0x52525252,0x52525252,0x00000000
0x1319cb70,0x52525252,0x52525252,0x00000000
0x1319cb84,0x52525252,0x52525252,0x00000000
0x1319cb88,0x52525252,0x52525252,0x00000000
0x1319cb94,0x52525252,0x52525252,0x00000000
0x1319cb9c,0x52525252,0x52525252,0x00000000
0x1319cba4,0x52525252,0x52525252,0x00000000
0x1319cbac,0x52525252,0x52525252,0x00000000
0x1319d754,0xe6a7a00a,0xe6a7a00a,0x00000000
0x1319d758,0x190f191b,0x190f191b,0x00000000
0x1319d75c,0x929292c3,0x929292c3,0x00000000
0x1319d760,0x1bbccae6,0x1bbccae6,0x00000000
0x1319d764,0x1bababab,0x1bababab,0x00000000
0x1319d774,0xabe61b1b,0xabe61b1b,0x00000000
0x1319d778,0xdbbca01b,0xdbbca01b,0x00000000
0x1319d77c,0xe6abab1b,0xe6abab1b,0x00000000
0x1319d784,0xabababab,0xabababab,0x00000000
0x1319d788,0xabab1b0f,0xabab1b0f,0x00000000
0x1319d78c,0x0fe6abab,0x0fe6abab,0x00000000
0x1319d790,0xabababab,0xabababab,0x00000000
0x1319d798,0x19e6abab,0x19e6abab,0x00000000
0x1319d79c,0xab190e19,0xab190e19,0x00000000
0x1319d7a0,0x190e19ab,0x190e19ab,0x00000000
0x1319d7b4,0x0e1babab,0x0e1babab,0x00000000
0x1319d7b8,0xabababab,0xabababab,0x00000000
0x1319d7c4,0xabab190e,0xabab190e,0x00000000
0x1319d7c8,0x1b0e0fe6,0x1b0e0fe6,0x00000000
0x1319d7cc,0xababab1d,0xababab1d,0x00000000
0x1319d7d0,0xabe6190e,0xabe6190e,0x00000000
0x1319d7d4,0x1bababab,0x1bababab,0x00000000
0x1319d7d8,0xababab19,0xababab19,0x00000000
0x1319d7dc,0x0e19e6ab,0x0e19e6ab,0x00000000
0x1319d7f0,0xe60f0fe6,0xe60f0fe6,0x00000000
0x1319d7f4,0x8787ab1d,0x8787ab1d,0x00000000
0x1319d800,0xab8787ab,0xab8787ab,0x00000000
0x1319d804,0x190e1dab,0x190e1dab,0x00000000
0x1319d808,0x19ab8787,0x19ab8787,0x00000000
0x1319d80c,0xab190e19,0xab190e19,0x00000000
0x1319d810,0x0e19ab87,0x0e19ab87,0x00000000
0x1319d814,0x87871d0e,0x87871d0e,0x00000000
0x1319d818,0xe60f0fe6,0xe60f0fe6,0x00000000
0x1319d82c,0xe60f0ee6,0xe60f0ee6,0x00000000
0x1319d830,0x0ee6e6ab,0x0ee6e6ab,0x00000000
0x1319d83c,0x8787ab19,0x8787ab19,0x00000000
0x1319d840,0x8787e60f,0x8787e60f,0x00000000
0x1319d844,0x0e19ab87,0x0e19ab87,0x00000000
0x1319d848,0xabababab,0xabababab,0x00000000
0x1319d84c,0x190a19e6,0x190a19e6,0x00000000
0x1319d850,0x1d8787ab,0x1d8787ab,0x00000000
0x1319d854,0xab19070f,0xab19070f,0x00000000
0x1319d868,0xab87e60e,0xab87e60e,0x00000000
0x1319d86c,0x071d8787,0x071d8787,0x00000000
0x1319d878,0x0fab8787,0x0fab8787,0x00000000
0x1319d87c,0xab190a19,0xab190a19,0x00000000
0x1319d884,0x878787ab,0x878787ab,0x00000000
0x1319daf4,0x52525252,0x52525252,0x00000000
0x1319daf8,0x52525252,0x52525252,0x00000000
0x1319dafc,0x52525252,0x52525252,0x00000000
0x1319db00,0x52525252,0x52525252,0x00000000
0x1319db04,0x52525252,0x52525252,0x00000000
0x1319db08,0x52525252,0x52525252,0x00000000
0x1319db0c,0x52525252,0x52525252,0x00000000
0x1319db10,0x52525252,0x52525252,0x00000000
0x1319db14,0x52525252,0x52525252,0x00000000
0x1319db18,0x52525252,0x52525252,0x00000000
0x1319db1c,0x52525252,0x52525252,0x00000000
0x1319db20,0x52525252,0x52525252,0x00000000
0x1319db24,0x52525252,0x52525252,0x00000000
0x1319db28,0x52525252,0x52525252,0x00000000
0x1319db2c,0x52525252,0x52525252,0x00000000
0x1319db40,0x52525252,0x52525252,0x00000000
0x1319db44,0x52525252,0x52525252,0x00000000
0x1319db48,0x52525252,0x52525252,0x00000000
0x1319db4c,0x52525252,0x52525252,0x00000000
0x1319db54,0x52525252,0x52525252,0x00000000
0x1319db84,0x52525252,0x52525252,0x00000000
0x1319db8c,0x52525252,0x52525252,0x00000000
0x1319db9c,0x52525252,0x52525252,0x00000000
0x1319e754,0x92a00be6,0x92a00be6,0x00000000
0x1319e768,0xbcd9abe6,0xbcd9abe6,0x00000000
0x1319e76c,0xe61be6e6,0xe61be6e6,0x00000000
0x1319e778,0xcad9ab1b,0xcad9ab1b,0x00000000
0x1319e77c,0xe6e6e6e6,0xe6e6e6e6,0x00000000
0x1319e780,0xe61b1bab,0xe61b1bab,0x00000000
0x1319e784,0xabab1b0f,0xabab1b0f,0x00000000
0x1319e788,0xe61b191b,0xe61b191b,0x00000000
0x1319e78c,0xabababab,0xabababab,0x00000000
0x1319e790,0xe619e6e6,0xe619e6e6,0x00000000
0x1319e7a4,0xab1b0f0f,0xab1b0f0f,0x00000000
0x1319e7a8,0x190e19ab,0x190e19ab,0x00000000
0x1319e7b4,0xabababab,0xabababab,0x00000000
0x1319e7b8,0xababe619,0xababe619,0x00000000
0x1319e7bc,0x0f1babab,0x0f1babab,0x00000000
0x1319e7c0,0xe6ababab,0xe6ababab,0x00000000
0x1319e7c4,0x1b0e0fe6,0x1b0e0fe6,0x00000000
0x1319e7c8,0x0e1babab,0x0e1babab,0x00000000
0x1319e7cc,0xabe60f0e,0xabe60f0e,0x00000000
0x1319e7e0,0xab87ab19,0xab87ab19,0x00000000
0x1319e7e4,0x0e19ab87,0x0e19ab87,0x00000000
0x1319e7f0,0x0e19abab,0x0e19abab,0x00000000
0x1319e7f4,0xabe6190f,0xabe6190f,0x00000000
0x1319e7f8,0x1b0e0fe6,0x1b0e0fe6,0x00000000
0x1319e7fc,0xababab19,0xababab19,0x00000000
0x1319e804,0x1dab8787,0x1dab8787,0x00000000
0x1319e808,0x8787ab19,0x8787ab19,0x00000000
0x1319e80c,0x0e19ab87,0x0e19ab87,0x00000000
0x1319e810,0x1bab8787,0x1bab8787,0x00000000
0x1319e81c,0x87ab0f0e,0x87ab0f0e,0x00000000
0x1319e820,0xab190719,0xab190719,0x00000000
0x1319e82c,0x19aba087,0x19aba087,0x00000000
0x1319e830,0x87ab871b,0x87ab871b,0x00000000
0x1319e834,0x0e0fe6e6,0x0e0fe6e6,0x00000000
0x1319e838,0x1babab87,0x1babab87,0x00000000
0x1319e83c,0xe60f0e19,0xe60f0e19,0x00000000
0x1319e840,0x1d0e19ab,0x1d0e19ab,0x00000000
0x1319e844,0x8787871d,0x8787871d,0x00000000
0x1319e858,0x1bab87ab,0x1bab87ab,0x00000000
0x1319e85c,0x190e1987,0x190e1987,0x00000000
0x1319e868,0x1b0e0e1d,0x1b0e0e1d,0x00000000
0x1319e86c,0x8787871d,0x8787871d,0x00000000
0x1319e870,0xe6e6190e,0xe6e6190e,0x00000000
0x1319e874,0x1d87abe6,0x1d87abe6,0x00000000
0x1319e87c,0x0e19e6e6,0x0e19e6e6,0x00000000
0x1319eaf0,0x52525252,0x52525252,0x00000000
0x1319eafc,0x52525252,0x52525252,0x00000000
0x1319eb00,0x52525252,0x52525252,0x00000000
0x1319eb04,0x52525252,0x52525252,0x00000000
0x1319eb08,0x52525252,0x52525252,0x00000000
0x1319eb0c,0x52525252,0x52525252,0x00000000
0x1319eb10,0x52525252,0x52525252,0x00000000
0x1319eb14,0x52525252,0x52525252,0x00000000
0x1319eb1c,0x52525252,0x52525252,0x00000000
0x1319eb20,0x52525252,0x52525252,0x00000000
0x1319eb24,0x52525252,0x52525252,0x00000000
0x1319eb28,0x52525252,0x52525252,0x00000000
0x1319eb38,0x52525252,0x52525252,0x00000000
0x1319eb3c,0x52525252,0x52525252,0x00000000
0x1319eb40,0x52525252,0x52525252,0x00000000
0x1319eb44,0x52525252,0x52525252,0x00000000
0x1319eb48,0x52525252,0x52525252,0x00000000
0x1319eb4c,0x52525252,0x52525252,0x00000000
0x1319eb50,0x52525252,0x52525252,0x00000000
0x1319eb64,0x52525252,0x52525252,0x00000000
0x1319eb68,0x52525252,0x52525252,0x00000000
0x1319eb74,0x52525252,0x52525252,0x00000000
0x1319eb78,0x52525252,0x52525252,0x00000000
0x1319eb7c,0x52525252,0x52525252,0x00000000
0x1319eb80,0x52525252,0x52525252,0x00000000
0x1319eb84,0x52525252,0x52525252,0x00000000
0x1319eb88,0x52525252,0x52525252,0x00000000
0x1319eb8c,0x52525252,0x52525252,0x00000000
0x1319eba4,0x52525252,0x52525252,0x00000000
0x1319f768,0x9292d9bc,0x9292d9bc,0x00000000
0x1319f780,0xe6e6abe6,0xe6e6abe6,0x00000000
0x1319f798,0x1be6e6e6,0x1be6e6e6,0x00000000
0x1319f7b0,0xab1919ab,0xab1919ab,0x00000000
0x1319f7c8,0xe6ababab,0xe6ababab,0x00000000
0x1319f7e0,0xabe6190e,0xabe6190e,0x00000000
0x1319f7f8,0x0e19abab,0x0e19abab,0x00000000
0x1319f810,0xabe61b0f,0xabe61b0f,0x00000000
0x1319f828,0x1b0e19ab,0x1b0e19ab,0x00000000
0x1319f840,0x0fab8787,0x0fab8787,0x00000000
0x1319f858,0x87ab190e,0x87ab190e,0x00000000
0x1319f870,0x0f0ee687,0x0f0ee687,0x00000000
0x1319fad8,0x52525252,0x52525252,0x00000000
0x1319fae0,0x52525252,0x52525252,0x00000000
0x1319fae8,0x52525252,0x52525252,0x00000000
0x1319faec,0x52525252,0x52525252,0x00000000
0x1319faf0,0x52525252,0x52525252,0x00000000
0x1319faf4,0x52525252,0x52525252,0x00000000
0x1319faf8,0x52525252,0x52525252,0x00000000
0x1319fb00,0x52525252,0x52525252,0x00000000
0x1319fb04,0x52525252,0x52525252,0x00000000
0x1319fb08,0x52525252,0x52525252,0x00000000
0x1319fb0c,0x52525252,0x52525252,0x00000000
0x1319fb10,0x52525252,0x52525252,0x00000000
0x1319fb18,0x52525252,0x52525252,0x00000000
0x1319fb1c,0x52525252,0x52525252,0x00000000
0x1319fb20,0x52525252,0x52525252,0x00000000
0x1319fb24,0x52525252,0x52525252,0x00000000
0x1319fb28,0x52525252,0x52525252,0x00000000
0x1319fb30,0x52525252,0x52525252,0x00000000
0x1319fb34,0x52525252,0x52525252,0x00000000
0x1319fb38,0x52525252,0x52525252,0x00000000
0x1319fb3c,0x52525252,0x52525252,0x00000000
0x1319fb40,0x52525252,0x52525252,0x00000000
0x1319fb48,0x52525252,0x52525252,0x00000000
0x1319fb4c,0x52525252,0x52525252,0x00000000
0x1319fb50,0x52525252,0x52525252,0x00000000
0x1319fb54,0x52525252,0x52525252,0x00000000
0x1319fb58,0x52525252,0x52525252,0x00000000
0x1319fb60,0x52525252,0x52525252,0x00000000
0x1319fb64,0x52525252,0x52525252,0x00000000
0x1319fb68,0x52525252,0x52525252,0x00000000
0x1319fb6c,0x52525252,0x52525252,0x00000000
0x1319fb70,0x52525252,0x52525252,0x00000000
0x1319fb78,0x52525252,0x52525252,0x00000000
0x1319fb7c,0x52525252,0x52525252,0x00000000
0x1319fb80,0x52525252,0x52525252,0x00000000
0x1319fb84,0x52525252,0x52525252,0x00000000
0x1319fb88,0x52525252,0x52525252,0x00000000
0x1319fb90,0x52525252,0x52525252,0x00000000
0x1319fb94,0x52525252,0x52525252,0x00000000
0x1319fb9c,0x52525252,0x52525252,0x00000000
0x1319fbac,0x52525252,0x52525252,0x00000000
0x131a0754,0xe60ae6a5,0xe60ae6a5,0x00000000
0x131a0758,0x0b1ba592,0x0b1ba592,0x00000000
0x131a0760,0x190ba092,0x190ba092,0x00000000
0x131a0764,0x9292d9bc,0x9292d9bc,0x00000000
0x131a0768,0x92ab0ae6,0x92ab0ae6,0x00000000
0x131a076c,0xa59292d9,0xa59292d9,0x00000000
0x131a0770,0x9292c319,0x9292c319,0x00000000
0x131a0778,0xa0929292,0xa0929292,0x00000000
0x131a077c,0xab0ae692,0xab0ae692,0x00000000
0x131a0780,0xd6e61be6,0xd6e61be6,0x00000000
0x131a0784,0xe6e6abab,0xe6e6abab,0x00000000
0x131a0788,0xbcadab1b,0xbcadab1b,0x00000000
0x131a0790,0x92bccaa0,0x92bccaa0,0x00000000
0x131a0794,0x1b1be6e6,0x1b1be6e6,0x00000000
0x131a0798,0x9292d9bc,0x9292d9bc,0x00000000
0x131a079c,0xd61b1be6,0xd61b1be6,0x00000000
0x131a07a0,0xe6e6abe6,0xe6e6abe6,0x00000000
0x131a07a8,0xe6e6e6e6,0xe6e6e6e6,0x00000000
0x131a07ac,0xe61b19e6,0xe61b19e6,0x00000000
0x131a07b0,0xababe6e6,0xababe6e6,0x00000000
0x131a07b4,0xe6abe619,0xe6abe619,0x00000000
0x131a07b8,0xe6e6e6e6,0xe6e6e6e6,0x00000000
0x131a07c0,0xabe60f0a,0xabe60f0a,0x00000000
0x131a07c4,0x1bababab,0x1bababab,0x00000000
0x131a07c8,0xababab19,0xababab19,0x00000000
0x131a07cc,0x0a19abab,0x0a19abab,0x00000000
0x131a07d0,0x1bababab,0x1bababab,0x00000000
0x131a07d8,0x1b19abab,0x1b19abab,0x00000000
0x131a07dc,0xcbab190e,0xcbab190e,0x00000000
0x131a07e0,0x1b0e0fe6,0x1b0e0fe6,0x00000000
0x131a07e4,0xababab1b,0xababab1b,0x00000000
0x131a07e8,0xabab190e,0xabab190e,0x00000000
0x131a07f0,0xababab19,0xababab19,0x00000000
0x131a07f4,0x0e19abab,0x0e19abab,0x00000000
0x131a07f8,0x1bababab,0x1bababab,0x00000000
0x131a07fc,0x1b0f0fe6,0x1b0f0fe6,0x00000000
0x131a0800,0x0a0f1be6,0x0a0f1be6,0x00000000
0x131a0808,0x1b0a0e1b,0x1b0a0e1b,0x00000000
0x131a080c,0xe6e6ab19,0xe6e6ab19,0x00000000
0x131a0810,0xabe6190a,0xabe6190a,0x00000000
0x131a0814,0x19e6ab87,0x19e6ab87,0x00000000
0x131a0818,0xab87ab1b,0xab87ab1b,0x00000000
0x131a0820,0xe68787ab,0xe68787ab,0x00000000
0x131a0824,0x190719ab,0x190719ab,0x00000000
0x131a0828,0x0a19ab87,0x0a19ab87,0x00000000
0x131a082c,0xab190e0f,0xab190e0f,0x00000000
0x131a0830,0x1b0e19ab,0x1b0e19ab,0x00000000
0x131a0838,0x87e60f0f,0x87e60f0f,0x00000000
0x131a083c,0xe68787ab,0xe68787ab,0x00000000
0x131a0840,0x87abab19,0x87abab19,0x00000000
0x131a0844,0x0e19ab87,0x0e19ab87,0x00000000
0x131a0848,0xe6abab87,0xe6abab87,0x00000000
0x131a0850,0x0e1bab87,0x0e1bab87,0x00000000
0x131a0854,0x87e60f0f,0x87e60f0f,0x00000000
0x131a0858,0x190a19ab,0x190a19ab,0x00000000
0x131a085c,0x8787ab19,0x8787ab19,0x00000000
0x131a0860,0x87ab1d0e,0x87ab1d0e,0x00000000
0x131a0868,0x8787871b,0x8787871b,0x00000000
0x131a086c,0x0e0e1de6,0x0e0e1de6,0x00000000
0x131a0870,0xe6aba0a0,0xe6aba0a0,0x00000000
0x131a0874,0x1d0e0e19,0x1d0e0e19,0x00000000
0x131a0884,0xe687ab1d,0xe687ab1d,0x00000000
0x131a088c,0x0faba0e6,0x0faba0e6,0x00000000
0x131a0aac,0x52525252,0x52525252,0x00000000
0x131a0ab0,0x52525252,0x52525252,0x00000000
0x131a0acc,0x52525252,0x52525252,0x00000000
0x131a0ad0,0x52525252,0x52525252,0x00000000
0x131a0ad8,0x52525252,0x52525252,0x00000000
0x131a0adc,0x52525252,0x52525252,0x00000000
0x131a0ae0,0x52525252,0x52525252,0x00000000
0x131a0ae4,0x52525252,0x52525252,0x00000000
0x131a0ae8,0x52525252,0x52525252,0x00000000
0x131a0af0,0x52525252,0x52525252,0x00000000
0x131a0af4,0x52525252,0x52525252,0x00000000
0x131a0af8,0x52525252,0x52525252,0x00000000
0x131a0afc,0x52525252,0x52525252,0x00000000
0x131a0b00,0x52525252,0x52525252,0x00000000
0x131a0b08,0x52525252,0x52525252,0x00000000
0x131a0b0c,0x52525252,0x52525252,0x00000000
0x131a0b10,0x52525252,0x52525252,0x00000000
0x131a0b14,0x52525252,0x52525252,0x00000000
0x131a0b18,0x52525252,0x52525252,0x00000000
0x131a0b20,0x52525252,0x52525252,0x00000000
0x131a0b24,0x52525252,0x52525252,0x00000000
0x131a0b28,0x52525252,0x52525252,0x00000000
0x131a0b2c,0x52525252,0x52525252,0x00000000
0x131a0b30,0x52525252,0x52525252,0x00000000
0x131a0b38,0x52525252,0x52525252,0x00000000
0x131a0b3c,0x52525252,0x52525252,0x00000000
0x131a0b40,0x52525252,0x52525252,0x00000000
0x131a0b44,0x52525252,0x52525252,0x00000000
0x131a0b48,0x52525252,0x52525252,0x00000000
0x131a0b50,0x52525252,0x52525252,0x00000000
0x131a0b54,0x52525252,0x52525252,0x00000000
0x131a0b58,0x52525252,0x52525252,0x00000000
0x131a0b5c,0x52525252,0x52525252,0x00000000
0x131a0b60,0x52525252,0x52525252,0x00000000
0x131a0b68,0x52525252,0x52525252,0x00000000
0x131a0b6c,0x52525252,0x52525252,0x00000000
0x131a0b70,0x52525252,0x52525252,0x00000000
0x131a0b74,0x52525252,0x52525252,0x00000000
0x131a0b78,0x52525252,0x52525252,0x00000000
0x131a0b80,0x52525252,0x52525252,0x00000000
0x131a0b84,0x52525252,0x52525252,0x00000000
0x131a0b88,0x52525252,0x52525252,0x00000000
0x131a0b8c,0x52525252,0x52525252,0x00000000
0x131a0b90,0x52525252,0x52525252,0x00000000
0x131a0b9c,0x52525252,0x52525252,0x00000000
0x131a0ba4,0x52525252,0x52525252,0x00000000
0x131a1754,0x190fa092,0x190fa092,0x00000000
0x131a1758,0x0b1ba592,0x0b1ba592,0x00000000
0x131a175c,0x92ab0b1b,0x92ab0b1b,0x00000000
0x131a1760,0x0ae69292,0x0ae69292,0x00000000
0x131a1768,0xa7190fa0,0xa7190fa0,0x00000000
0x131a176c,0x929292e6,0x929292e6,0x00000000
0x131a1770,0x92a5e60a,0x92a5e60a,0x00000000
0x131a1774,0xe6a59292,0xe6a59292,0x00000000
0x131a1778,0xa79292a7,0xa79292a7,0x00000000
0x131a1780,0xc39292d9,0xc39292d9,0x00000000
0x131a1784,0xbcadab1b,0xbcadab1b,0x00000000
0x131a1788,0x0ae69292,0x0ae69292,0x00000000
0x131a178c,0xadbcd9a0,0xadbcd9a0,0x00000000
0x131a1790,0xc30f19c3,0xc30f19c3,0x00000000
0x131a1798,0x9292e60a,0x9292e60a,0x00000000
0x131a179c,0xe69292d9,0xe69292d9,0x00000000
0x131a17a0,0xe6e6e6e6,0xe6e6e6e6,0x00000000
0x131a17a4,0xe6e6e6e6,0xe6e6e6e6,0x00000000
0x131a17a8,0x1b1be6e6,0x1b1be6e6,0x00000000
0x131a17b0,0xd6e61be6,0xd6e61be6,0x00000000
0x131a17b4,0xe6e6abe6,0xe6e6abe6,0x00000000
0x131a17b8,0xbcade61b,0xbcade61b,0x00000000
0x131a17bc,0xe6e6e6e6,0xe6e6e6e6,0x00000000
0x131a17c0,0xab1b191b,0xab1b191b,0x00000000
0x131a17c8,0xe6abe619,0xe6abe619,0x00000000
0x131a17cc,0x19abcbab,0x19abcbab,0x00000000
0x131a17d0,0xe6e6abab,0xe6e6abab,0x00000000
0x131a17d4,0x1b19e6ab,0x1b19e6ab,0x00000000
0x131a17d8,0xe6e6e6e6,0xe6e6e6e6,0x00000000
0x131a17e0,0x0e19abab,0x0e19abab,0x00000000
0x131a17e4,0xabab190e,0xabab190e,0x00000000
0x131a17e8,0xe60f0f1b,0xe60f0f1b,0x00000000
0x131a17ec,0xababab1b,0xababab1b,0x00000000
0x131a17f0,0xabab190a,0xabab190a,0x00000000
0x131a17f8,0xababab1b,0xababab1b,0x00000000
0x131a17fc,0x0e0fe6ab,0x0e0fe6ab,0x00000000
0x131a1800,0x1bab8787,0x1bab8787,0x00000000
0x131a1804,0xe60e0ee6,0xe60e0ee6,0x00000000
0x131a1808,0x0e19ab87,0x0e19ab87,0x00000000
0x131a1810,0xe60f0fe6,0xe60f0fe6,0x00000000
0x131a1814,0xababe619,0xababe619,0x00000000
0x131a1818,0xabab190e,0xabab190e,0x00000000
0x131a181c,0x19ababab,0x19ababab,0x00000000
0x131a1820,0xab87ab19,0xab87ab19,0x00000000
0x131a1828,0x1b8787ab,0x1b8787ab,0x00000000
0x131a182c,0x1b0e19ab,0x1b0e19ab,0x00000000
0x131a1830,0x0e19abab,0x0e19abab,0x00000000
0x131a1834,0xab1b0a0f,0xab1b0a0f,0x00000000
0x131a1838,0xe60e0fe6,0xe60e0fe6,0x00000000
0x131a1840,0x87190a19,0x87190a19,0x00000000
0x131a1844,0xe6ab8787,0xe6ab8787,0x00000000
0x131a1848,0x87e61b0f,0x87e61b0f,0x00000000
0x131a184c,0x0fe68787,0x0fe68787,0x00000000
0x131a1850,0xe6e6abab,0xe6e6abab,0x00000000
0x131a1858,0x0e19ab87,0x0e19ab87,0x00000000
0x131a185c,0x871b0e19,0x871b0e19,0x00000000
0x131a1860,0x19070f1d,0x19070f1d,0x00000000
0x131a1864,0xe6e6e619,0xe6e6e619,0x00000000
0x131a1868,0x87190a0f,0x87190a0f,0x00000000
0x131a1870,0x87e61d0e,0x87e61d0e,0x00000000
0x131a1874,0x0ee68787,0x0ee68787,0x00000000
0x131a187c,0x0f0e1dab,0x0f0e1dab,0x00000000
0x131a188c,0x87a0a01b,0x87a0a01b,0x00000000
0x131a1a90,0x52525252,0x52525252,0x00000000
0x131a1a98,0x52525252,0x52525252,0x00000000
0x131a1a9c,0x52525252,0x52525252,0x00000000
0x131a1aa0,0x52525252,0x52525252,0x00000000
0x131a1aa4,0x52525252,0x52525252,0x00000000
0x131a1aa8,0x52525252,0x52525252,0x00000000
0x131a1ab0,0x52525252,0x52525252,0x00000000
0x131a1ab4,0x52525252,0x52525252,0x00000000
0x131a1ab8,0x52525252,0x52525252,0x00000000
0x131a1abc,0x52525252,0x52525252,0x00000000
0x131a1ac0,0x52525252,0x52525252,0x00000000
0x131a1ac8,0x52525252,0x52525252,0x00000000
0x131a1acc,0x52525252,0x52525252,0x00000000
0x131a1ad0,0x52525252,0x52525252,0x00000000
0x131a1ad4,0x52525252,0x52525252,0x00000000
0x131a1ad8,0x52525252,0x52525252,0x00000000
0x131a1ae0,0x52525252,0x52525252,0x00000000
0x131a1ae4,0x52525252,0x52525252,0x00000000
0x131a1ae8,0x52525252,0x52525252,0x00000000
0x131a1aec,0x52525252,0x52525252,0x00000000
0x131a1af0,0x52525252,0x52525252,0x00000000
0x131a1af8,0x52525252,0x52525252,0x00000000
0x131a1afc,0x52525252,0x52525252,0x00000000
0x131a1b00,0x52525252,0x52525252,0x00000000
0x131a1b04,0x52525252,0x52525252,0x00000000
0x131a1b08,0x52525252,0x52525252,0x00000000
0x131a1b10,0x52525252,0x52525252,0x00000000
0x131a1b14,0x52525252,0x52525252,0x00000000
0x131a1b18,0x52525252,0x52525252,0x00000000
0x131a1b1c,0x52525252,0x52525252,0x00000000
0x131a1b20,0x52525252,0x52525252,0x00000000
0x131a1b28,0x52525252,0x52525252,0x00000000
0x131a1b2c,0x52525252,0x52525252,0x00000000
0x131a1b30,0x52525252,0x52525252,0x00000000
0x131a1b34,0x52525252,0x52525252,0x00000000
0x131a1b38,0x52525252,0x52525252,0x00000000
0x131a1b40,0x52525252,0x52525252,0x00000000
0x131a1b44,0x52525252,0x52525252,0x00000000
0x131a1b48,0x52525252,0x52525252,0x00000000
0x131a1b4c,0x52525252,0x52525252,0x00000000
0x131a1b50,0x52525252,0x52525252,0x00000000
0x131a1b58,0x52525252,0x52525252,0x00000000
0x131a1b5c,0x52525252,0x52525252,0x00000000
0x131a1b60,0x52525252,0x52525252,0x00000000
0x131a1b64,0x52525252,0x52525252,0x00000000
0x131a1b68,0x52525252,0x52525252,0x00000000
0x131a1b70,0x52525252,0x52525252,0x00000000
0x131a1b74,0x52525252,0x52525252,0x00000000
0x131a1b78,0x52525252,0x52525252,0x00000000
0x131a1b7c,0x52525252,0x52525252,0x00000000
0x131a1b80,0x52525252,0x52525252,0x00000000
0x131a1b88,0x52525252,0x52525252,0x00000000
0x131a1b8c,0x52525252,0x52525252,0x00000000
0x131a1b90,0x52525252,0x52525252,0x00000000
0x131a1b94,0x52525252,0x52525252,0x00000000
0x131a1ba4,0x52525252,0x52525252,0x00000000
0x131a1bac,0x52525252,0x52525252,0x00000000
0x131a2758,0x1919a792,0x1919a792,0x00000000
0x131a2770,0x92a71b0b,0x92a71b0b,0x00000000
0x131a2788,0x0fa09292,0x0fa09292,0x00000000
0x131a27a0,0x92bccaa0,0x92bccaa0,0x00000000
0x131a27b8,0xe60bab92,0xe60bab92,0x00000000
0x131a27d0,0xe6e61b1b,0xe6e61b1b,0x00000000
0x131a27e8,0x1b191bab,0x1b191bab,0x00000000
0x131a2800,0xabcbab1b,0xabcbab1b,0x00000000
0x131a2818,0x1b0f0a19,0x1b0f0a19,0x00000000
0x131a2830,0x1dababab,0x1dababab,0x00000000
0x131a2848,0xabe60f0f,0xabe60f0f,0x00000000
0x131a2860,0x0fe687e6,0x0fe687e6,0x00000000
0x131a2a58,0x52525252,0x52525252,0x00000000
0x131a2a70,0x52525252,0x52525252,0x00000000
0x131a2a88,0x52525252,0x52525252,0x00000000
0x131a2aa0,0x52525252,0x52525252,0x00000000
0x131a2ab8,0x52525252,0x52525252,0x00000000
0x131a2ad0,0x52525252,0x52525252,0x00000000
0x131a2ae8,0x52525252,0x52525252,0x00000000
0x131a2b00,0x52525252,0x52525252,0x00000000
0x131a2b18,0x52525252,0x52525252,0x00000000
0x131a2b30,0x52525252,0x52525252,0x00000000
0x131a2b48,0x52525252,0x52525252,0x00000000
0x131a2b60,0x52525252,0x52525252,0x00000000
0x131a2b78,0x52525252,0x52525252,0x00000000
0x131a2b90,0x52525252,0x52525252,0x00000000
0x131a3754,0x1b0b1ba5,0x1b0b1ba5,0x00000000
0x131a3758,0x0a19aba7,0x0a19aba7,0x00000000
0x131a375c,0xa5a71b0b,0xa5a71b0b,0x00000000
0x131a3760,0x0bab9292,0x0bab9292,0x00000000
0x131a3768,0xa01919c3,0xa01919c3,0x00000000
0x131a376c,0x9292a00f,0x9292a00f,0x00000000
0x131a3770,0x9292ab0b,0x9292ab0b,0x00000000
0x131a3774,0xe6929292,0xe6929292,0x00000000
0x131a3778,0xa09292a7,0xa09292a7,0x00000000
0x131a3780,0x929292ab,0x929292ab,0x00000000
0x131a3784,0x0b1ba792,0x0b1ba792,0x00000000
0x131a3788,0x19a79292,0x19a79292,0x00000000
0x131a378c,0xa7190fa0,0xa7190fa0,0x00000000
0x131a3790,0xe60baba5,0xe60baba5,0x00000000
0x131a3798,0x92a00f19,0x92a00f19,0x00000000
0x131a379c,0xa79292a7,0xa79292a7,0x00000000
0x131a37a0,0x92c30f19,0x92c30f19,0x00000000
0x131a37a4,0xa792d9bc,0xa792d9bc,0x00000000
0x131a37a8,0x9292a5e6,0x9292a5e6,0x00000000
0x131a37b0,0x1ba59292,0x1ba59292,0x00000000
0x131a37b4,0xa00f19a7,0xa00f19a7,0x00000000
0x131a37b8,0x190fa092,0x190fa092,0x00000000
0x131a37bc,0x92a51b0b,0x92a51b0b,0x00000000
0x131a37c0,0xd6e6e6e6,0xd6e6e6e6,0x00000000
0x131a37c8,0xbcadab1b,0xbcadab1b,0x00000000
0x131a37cc,0xe6e6e6e6,0xe6e6e6e6,0x00000000
0x131a37d0,0xd9bccaa0,0xd9bccaa0,0x00000000
0x131a37d4,0x1be6e6e6,0x1be6e6e6,0x00000000
0x131a37d8,0xab92bcbc,0xab92bcbc,0x00000000
0x131a37e0,0xe6e61bab,0xe6e61bab,0x00000000
0x131a37e4,0x1b0f19e6,0x1b0f19e6,0x00000000
0x131a37e8,0xabe61be6,0xabe61be6,0x00000000
0x131a37ec,0xabe61919,0xabe61919,0x00000000
0x131a37f0,0xababe61b,0xababe61b,0x00000000
0x131a37f8,0xe6e6e6e6,0xe6e6e6e6,0x00000000
0x131a37fc,0xe6e6e6e6,0xe6e6e6e6,0x00000000
0x131a3800,0xe6e6190e,0xe6e6190e,0x00000000
0x131a3804,0x19abcbab,0x19abcbab,0x00000000
0x131a3808,0xe6ababe6,0xe6ababe6,0x00000000
0x131a3810,0x0fe6abcb,0x0fe6abcb,0x00000000
0x131a3814,0xab190e19,0xab190e19,0x00000000
0x131a3818,0x1b0f19ab,0x1b0f19ab,0x00000000
0x131a381c,0xababe60f,0xababe60f,0x00000000
0x131a3820,0xe6190e1b,0xe6190e1b,0x00000000
0x131a3828,0xabe6190e,0xabe6190e,0x00000000
0x131a382c,0x191be6ab,0x191be6ab,0x00000000
0x131a3830,0xabe6abe6,0xabe6abe6,0x00000000
0x131a3834,0x0f0f1bab,0x0f0f1bab,0x00000000
0x131a3838,0x0f1bab87,0x0f1bab87,0x00000000
0x131a3840,0x0a0faba0,0x0a0faba0,0x00000000
0x131a3844,0x87e60e0e,0x87e60e0e,0x00000000
0x131a3848,0x1b0a0fe6,0x1b0a0fe6,0x00000000
0x131a384c,0x87ab1b0e,0x87ab1b0e,0x00000000
0x131a3850,0xe6e6190e,0xe6e6190e,0x00000000
0x131a3858,0xe6abab1b,0xe6abab1b,0x00000000
0x131a385c,0x0e19ab87,0x0e19ab87,0x00000000
0x131a3860,0x1b8787ab,0x1b8787ab,0x00000000
0x131a3864,0x190fe687,0x190fe687,0x00000000
0x131a3868,0x0a1baba0,0x0a1baba0,0x00000000
0x131a3870,0x190a19a0,0x190a19a0,0x00000000
0x131a3874,0xabab1b0e,0xabab1b0e,0x00000000
0x131a387c,0xab8787e6,0xab8787e6,0x00000000
0x131a388c,0x0f0fabab,0x0f0fabab,0x00000000
0x131a3a58,0x52525252,0x52525252,0x00000000
0x131a3a60,0x52525252,0x52525252,0x00000000
0x131a3a68,0x52525252,0x52525252,0x00000000
0x131a3a70,0x52525252,0x52525252,0x00000000
0x131a3a74,0x52525252,0x52525252,0x00000000
0x131a3a78,0x52525252,0x52525252,0x00000000
0x131a3a80,0x52525252,0x52525252,0x00000000
0x131a3a84,0x52525252,0x52525252,0x00000000
0x131a3a88,0x52525252,0x52525252,0x00000000
0x131a3a8c,0x52525252,0x52525252,0x00000000
0x131a3a90,0x52525252,0x52525252,0x00000000
0x131a3a98,0x52525252,0x52525252,0x00000000
0x131a3a9c,0x52525252,0x52525252,0x00000000
0x131a3aa0,0x52525252,0x52525252,0x00000000
0x131a3aa4,0x52525252,0x52525252,0x00000000
0x131a3aa8,0x52525252,0x52525252,0x00000000
0x131a3ab0,0x52525252,0x52525252,0x00000000
0x131a3ab4,0x52525252,0x52525252,0x00000000
0x131a3ab8,0x52525252,0x52525252,0x00000000
0x131a3abc,0x52525252,0x52525252,0x00000000
0x131a3ac0,0x52525252,0x52525252,0x00000000
0x131a3ac8,0x52525252,0x52525252,0x00000000
0x131a3acc,0x52525252,0x52525252,0x00000000
0x131a3ad0,0x52525252,0x52525252,0x00000000
0x131a3ad4,0x52525252,0x52525252,0x00000000
0x131a3ad8,0x52525252,0x52525252,0x00000000
0x131a3ae0,0x52525252,0x52525252,0x00000000
0x131a3ae4,0x52525252,0x52525252,0x00000000
0x131a3ae8,0x52525252,0x52525252,0x00000000
0x131a3aec,0x52525252,0x52525252,0x00000000
0x131a3af0,0x52525252,0x52525252,0x00000000
0x131a3af8,0x52525252,0x52525252,0x00000000
0x131a3afc,0x52525252,0x52525252,0x00000000
0x131a3b00,0x52525252,0x52525252,0x00000000
0x131a3b04,0x52525252,0x52525252,0x00000000
0x131a3b08,0x52525252,0x52525252,0x00000000
0x131a3b10,0x52525252,0x52525252,0x00000000
0x131a3b14,0x52525252,0x52525252,0x00000000
0x131a3b18,0x52525252,0x52525252,0x00000000
0x131a3b1c,0x52525252,0x52525252,0x00000000
0x131a3b20,0x52525252,0x52525252,0x00000000
0x131a3b28,0x52525252,0x52525252,0x00000000
0x131a3b2c,0x52525252,0x52525252,0x00000000
0x131a3b30,0x52525252,0x52525252,0x00000000
0x131a3b34,0x52525252,0x52525252,0x00000000
0x131a3b38,0x52525252,0x52525252,0x00000000
0x131a3b40,0x52525252,0x52525252,0x00000000
0x131a3b44,0x52525252,0x52525252,0x00000000
0x131a3b48,0x52525252,0x52525252,0x00000000
0x131a3b4c,0x52525252,0x52525252,0x00000000
0x131a3b50,0x52525252,0x52525252,0x00000000
0x131a3b58,0x52525252,0x52525252,0x00000000
0x131a3b5c,0x52525252,0x52525252,0x00000000
0x131a3b60,0x52525252,0x52525252,0x00000000
0x131a3b64,0x52525252,0x52525252,0x00000000
0x131a3b68,0x52525252,0x52525252,0x00000000
0x131a3b70,0x52525252,0x52525252,0x00000000
0x131a3b74,0x52525252,0x52525252,0x00000000
0x131a3b78,0x52525252,0x52525252,0x00000000
0x131a3b7c,0x52525252,0x52525252,0x00000000
0x131a3b80,0x52525252,0x52525252,0x00000000
0x131a3b88,0x52525252,0x52525252,0x00000000
0x131a3b8c,0x52525252,0x52525252,0x00000000
0x131a3b90,0x52525252,0x52525252,0x00000000
0x131a3b94,0x52525252,0x52525252,0x00000000
0x131a3ba4,0x52525252,0x52525252,0x00000000
0x131a3bac,0x52525252,0x52525252,0x00000000
0x131a4758,0x9292a592,0x9292a592,0x00000000
0x131a475c,0xa019070a,0xa019070a,0x00000000
0x131a4760,0x0f19a792,0x0f19a792,0x00000000
0x131a4764,0x92ab0b1b,0x92ab0b1b,0x00000000
0x131a4768,0xa51b0bab,0xa51b0bab,0x00000000
0x131a4770,0x9292a00f,0x9292a00f,0x00000000
0x131a4774,0x19a79292,0x19a79292,0x00000000
0x131a4778,0x1ba79292,0x1ba79292,0x00000000
0x131a477c,0xab0be692,0xab0be692,0x00000000
0x131a4780,0xa592a7ab,0xa592a7ab,0x00000000
0x131a4788,0x0fa09292,0x0fa09292,0x00000000
0x131a478c,0xa71919c3,0xa71919c3,0x00000000
0x131a4790,0xa00f1ba7,0xa00f1ba7,0x00000000
0x131a4794,0x9292ab0b,0x9292ab0b,0x00000000
0x131a4798,0x92a51b0a,0x92a51b0a,0x00000000
0x131a47a0,0x92870b1b,0x92870b1b,0x00000000
0x131a47a4,0xa59292a0,0xa59292a0,0x00000000
0x131a47a8,0x9292a719,0x9292a719,0x00000000
0x131a47ac,0x0ba09292,0x0ba09292,0x00000000
0x131a47b0,0xe6929292,0xe6929292,0x00000000
0x131a47b8,0x190fa092,0x190fa092,0x00000000
0x131a47bc,0x92a7190b,0x92a7190b,0x00000000
0x131a47c0,0x0f19a7d9,0x0f19a7d9,0x00000000
0x131a47c4,0xbcd9ab1b,0xbcd9ab1b,0x00000000
0x131a47c8,0x921b0b87,0x921b0b87,0x00000000
0x131a47d0,0x9292a00f,0x9292a00f,0x00000000
0x131a47d4,0x19a7d9bc,0x19a7d9bc,0x00000000
0x131a47d8,0xa09292a5,0xa09292a5,0x00000000
0x131a47dc,0x1b0b87d9,0x1b0b87d9,0x00000000
0x131a47e0,0xe6e6e6e6,0xe6e6e6e6,0x00000000
0x131a47e8,0x1be6e6e6,0x1be6e6e6,0x00000000
0x131a47ec,0xe6e6abe6,0xe6e6abe6,0x00000000
0x131a47f0,0xd61b1bab,0xd61b1bab,0x00000000
0x131a47f4,0xe6e6e6ab,0xe6e6e6ab,0x00000000
0x131a47f8,0xbcadab1b,0xbcadab1b,0x00000000
0x131a4800,0xe6e61919,0xe6e61919,0x00000000
0x131a4804,0x1be6abab,0x1be6abab,0x00000000
0x131a4808,0xe6e6e61b,0xe6e6e61b,0x00000000
0x131a480c,0x1919e6ab,0x1919e6ab,0x00000000
0x131a4810,0xe6e61b1b,0xe6e61b1b,0x00000000
0x131a4818,0xe6e6e61b,0xe6e6e61b,0x00000000
0x131a481c,0x191b190e,0x191b190e,0x00000000
0x131a4820,0x190e19ab,0x190e19ab,0x00000000
0x131a4824,0xabab190e,0xabab190e,0x00000000
0x131a4828,0xab1b0e0f,0xab1b0e0f,0x00000000
0x131a4830,0xe6abe619,0xe6abe619,0x00000000
0x131a4834,0x0fe6abab,0x0fe6abab,0x00000000
0x131a4838,0x19e6abab,0x19e6abab,0x00000000
0x131a483c,0x190a19ab,0x190a19ab,0x00000000
0x131a4840,0x19abab87,0x19abab87,0x00000000
0x131a4848,0x0f0fe687,0x0f0fe687,0x00000000
0x131a484c,0x87ab190a,0x87ab190a,0x00000000
0x131a4850,0xe6190f1b,0xe6190f1b,0x00000000
0x131a4854,0xababe619,0xababe619,0x00000000
0x131a4858,0xabab1b0f,0xabab1b0f,0x00000000
0x131a4860,0xababe60e,0xababe60e,0x00000000
0x131a4864,0x0ee687ab,0x0ee687ab,0x00000000
0x131a4868,0x1baba0ab,0x1baba0ab,0x00000000
0x131a486c,0x190e1de6,0x190e1de6,0x00000000
0x131a4870,0x0a19abab,0x0a19abab,0x00000000
0x131a487c,0x87871d07,0x87871d07,0x00000000
0x131a4884,0xe6aba01b,0xe6aba01b,0x00000000
0x131a4a74,0x52525252,0x52525252,0x00000000
0x131a4a78,0x52525252,0x52525252,0x00000000
0x131a4a7c,0x52525252,0x52525252,0x00000000
0x131a4a80,0x52525252,0x52525252,0x00000000
0x131a4a88,0x52525252,0x52525252,0x00000000
0x131a4a8c,0x52525252,0x52525252,0x00000000
0x131a4a90,0x52525252,0x52525252,0x00000000
0x131a4a94,0x52525252,0x52525252,0x00000000
0x131a4a98,0x52525252,0x52525252,0x00000000
0x131a4aa0,0x52525252,0x52525252,0x00000000
0x131a4aa4,0x52525252,0x52525252,0x00000000
0x131a4aa8,0x52525252,0x52525252,0x00000000
0x131a4aac,0x52525252,0x52525252,0x00000000
0x131a4ab0,0x52525252,0x52525252,0x00000000
0x131a4ab8,0x52525252,0x52525252,0x00000000
0x131a4abc,0x52525252,0x52525252,0x00000000
0x131a4ac0,0x52525252,0x52525252,0x00000000
0x131a4ac4,0x52525252,0x52525252,0x00000000
0x131a4ac8,0x52525252,0x52525252,0x00000000
0x131a4ad0,0x52525252,0x52525252,0x00000000
0x131a4ad4,0x52525252,0x52525252,0x00000000
0x131a4ad8,0x52525252,0x52525252,0x00000000
0x131a4adc,0x52525252,0x52525252,0x00000000
0x131a4ae0,0x52525252,0x52525252,0x00000000
0x131a4ae8,0x52525252,0x52525252,0x00000000
0x131a4aec,0x52525252,0x52525252,0x00000000
0x131a4af0,0x52525252,0x52525252,0x00000000
0x131a4af4,0x52525252,0x52525252,0x00000000
0x131a4af8,0x52525252,0x52525252,0x00000000
0x131a4b00,0x52525252,0x52525252,0x00000000
0x131a4b04,0x52525252,0x52525252,0x00000000
0x131a4b08,0x52525252,0x52525252,0x00000000
0x131a4b0c,0x52525252,0x52525252,0x00000000
0x131a4b10,0x52525252,0x52525252,0x00000000
0x131a4b18,0x52525252,0x52525252,0x00000000
0x131a4b1c,0x52525252,0x52525252,0x00000000
0x131a4b20,0x52525252,0x52525252,0x00000000
0x131a4b24,0x52525252,0x52525252,0x00000000
0x131a4b28,0x52525252,0x52525252,0x00000000
0x131a4b30,0x52525252,0x52525252,0x00000000
0x131a4b34,0x52525252,0x52525252,0x00000000
0x131a4b38,0x52525252,0x52525252,0x00000000
0x131a4b3c,0x52525252,0x52525252,0x00000000
0x131a4b40,0x52525252,0x52525252,0x00000000
0x131a4b48,0x52525252,0x52525252,0x00000000
0x131a4b4c,0x52525252,0x52525252,0x00000000
0x131a4b50,0x52525252,0x52525252,0x00000000
0x131a4b54,0x52525252,0x52525252,0x00000000
0x131a4b58,0x52525252,0x52525252,0x00000000
0x131a4b60,0x52525252,0x52525252,0x00000000
0x131a4b64,0x52525252,0x52525252,0x00000000
0x131a4b68,0x52525252,0x52525252,0x00000000
0x131a4b6c,0x52525252,0x52525252,0x00000000
0x131a4b70,0x52525252,0x52525252,0x00000000
0x131a4b78,0x52525252,0x52525252,0x00000000
0x131a4b7c,0x52525252,0x52525252,0x00000000
0x131a4b80,0x52525252,0x52525252,0x00000000
0x131a4b84,0x52525252,0x52525252,0x00000000
0x131a4b88,0x52525252,0x52525252,0x00000000
0x131a4b90,0x52525252,0x52525252,0x00000000
0x131a4b94,0x52525252,0x52525252,0x00000000
0x131a4b9c,0x52525252,0x52525252,0x00000000
0x131a4bac,0x52525252,0x52525252,0x00000000
0x131a5778,0x929292a0,0x929292a0,0x00000000
0x131a5780,0xa09292a0,0xa09292a0,0x00000000
0x131a5784,0x0f19a792,0x0f19a792,0x00000000
0x131a5788,0x0b1ba592,0x0b1ba592,0x00000000
0x131a578c,0xa5e60bab,0xa5e60bab,0x00000000
0x131a5794,0x9292a719,0x9292a719,0x00000000
0x131a5798,0xa092a00f,0xa092a00f,0x00000000
0x131a579c,0x19a79292,0x19a79292,0x00000000
0x131a57a0,0x92870b1b,0x92870b1b,0x00000000
0x131a57a8,0x9292a71b,0x9292a71b,0x00000000
0x131a57c0,0x0b1ba792,0x0b1ba792,0x00000000
0x131a57c4,0x92a00b1b,0x92a00b1b,0x00000000
0x131a57c8,0xa71b0fa0,0xa71b0fa0,0x00000000
0x131a57cc,0x9292a71b,0x9292a71b,0x00000000
0x131a57d4,0x1ba59292,0x1ba59292,0x00000000
0x131a57d8,0xa09292a7,0xa09292a7,0x00000000
0x131a57dc,0x1b0ba092,0x1b0ba092,0x00000000
0x131a57e0,0x92bccaa0,0x92bccaa0,0x00000000
0x131a57e8,0x0ba0bcbc,0x0ba0bcbc,0x00000000
0x131a57ec,0xd6e6e6ab,0xd6e6e6ab,0x00000000
0x131a57f0,0xa00b1bad,0xa00b1bad,0x00000000
0x131a57f4,0xf0d9ab1b,0xf0d9ab1b,0x00000000
0x131a5800,0xe6e6abe6,0xe6e6abe6,0x00000000
0x131a5804,0x1b1b1b19,0x1b1b1b19,0x00000000
0x131a5808,0xabe6e6e6,0xabe6e6e6,0x00000000
0x131a580c,0x1b1b1b1b,0x1b1b1b1b,0x00000000
0x131a5814,0xab1b1b1b,0xab1b1b1b,0x00000000
0x131a5818,0x191be6ab,0x191be6ab,0x00000000
0x131a581c,0xe6abe61b,0xe6abe61b,0x00000000
0x131a5820,0x0f0f1bab,0x0f0f1bab,0x00000000
0x131a5828,0x1b0f0f1b,0x1b0f0f1b,0x00000000
0x131a5840,0xe6aba0ab,0xe6aba0ab,0x00000000
0x131a5844,0x0f0f1be6,0x0f0f1be6,0x00000000
0x131a5848,0x0f1babab,0x0f1babab,0x00000000
0x131a584c,0xab1b0f1d,0xab1b0f1d,0x00000000
0x131a5854,0x87ab190a,0x87ab190a,0x00000000
0x131a5858,0xab1b0f0b,0xab1b0f0b,0x00000000
0x131a585c,0x191d8797,0x191d8797,0x00000000
0x131a5860,0xab87190e,0xab87190e,0x00000000
0x131a5868,0xab1b1919,0xab1b1919,0x00000000
0x131a587c,0x86ccebeb,0x86ccebeb,0x00000000
0x131a588c,0x288686cc,0x288686cc,0x00000000
0x131a5a78,0x52525252,0x52525252,0x00000000
0x131a5a88,0x52525252,0x52525252,0x00000000
0x131a5a8c,0x52525252,0x52525252,0x00000000
0x131a5a98,0x52525252,0x52525252,0x00000000
0x131a5a9c,0x52525252,0x52525252,0x00000000
0x131a5aa0,0x52525252,0x52525252,0x00000000
0x131a5aa4,0x52525252,0x52525252,0x00000000
0x131a5aa8,0x52525252,0x52525252,0x00000000
0x131a5ab0,0x52525252,0x52525252,0x00000000
0x131a5ab4,0x52525252,0x52525252,0x00000000
0x131a5ab8,0x52525252,0x52525252,0x00000000
0x131a5abc,0x52525252,0x52525252,0x00000000
0x131a5ac0,0x52525252,0x52525252,0x00000000
0x131a5ac8,0x52525252,0x52525252,0x00000000
0x131a5acc,0x52525252,0x52525252,0x00000000
0x131a5ad0,0x52525252,0x52525252,0x00000000
0x131a5ad4,0x52525252,0x52525252,0x00000000
0x131a5ad8,0x52525252,0x52525252,0x00000000
0x131a5ae0,0x52525252,0x52525252,0x00000000
0x131a5ae4,0x52525252,0x52525252,0x00000000
0x131a5ae8,0x52525252,0x52525252,0x00000000
0x131a5aec,0x52525252,0x52525252,0x00000000
0x131a5af0,0x52525252,0x52525252,0x00000000
0x131a5af8,0x52525252,0x52525252,0x00000000
0x131a5afc,0x52525252,0x52525252,0x00000000
0x131a5b00,0x52525252,0x52525252,0x00000000
0x131a5b04,0x52525252,0x52525252,0x00000000
0x131a5b08,0x52525252,0x52525252,0x00000000
0x131a5b10,0x52525252,0x52525252,0x00000000
0x131a5b14,0x52525252,0x52525252,0x00000000
0x131a5b18,0x52525252,0x52525252,0x00000000
0x131a5b1c,0x52525252,0x52525252,0x00000000
0x131a5b20,0x52525252,0x52525252,0x00000000
0x131a5b28,0x52525252,0x52525252,0x00000000
0x131a5b2c,0x52525252,0x52525252,0x00000000
0x131a5b30,0x52525252,0x52525252,0x00000000
0x131a5b34,0x52525252,0x52525252,0x00000000
0x131a5b38,0x52525252,0x52525252,0x00000000
0x131a5b40,0x52525252,0x52525252,0x00000000
0x131a5b44,0x52525252,0x52525252,0x00000000
0x131a5b48,0x52525252,0x52525252,0x00000000
0x131a5b4c,0x52525252,0x52525252,0x00000000
0x131a5b50,0x52525252,0x52525252,0x00000000
0x131a5b58,0x52525252,0x52525252,0x00000000
0x131a5b5c,0x52525252,0x52525252,0x00000000
0x131a5b60,0x52525252,0x52525252,0x00000000
0x131a5b64,0x52525252,0x52525252,0x00000000
0x131a5b68,0x52525252,0x52525252,0x00000000
0x131a5b70,0x52525252,0x52525252,0x00000000
0x131a5b74,0x52525252,0x52525252,0x00000000
0x131a5b78,0x52525252,0x52525252,0x00000000
0x131a5b7c,0x52525252,0x52525252,0x00000000
0x131a5b80,0x52525252,0x52525252,0x00000000
0x131a5b88,0x52525252,0x52525252,0x00000000
0x131a5b8c,0x52525252,0x52525252,0x00000000
0x131a5b90,0x52525252,0x52525252,0x00000000
0x131a5b94,0x52525252,0x52525252,0x00000000
0x131a5b9c,0x52525252,0x52525252,0x00000000
0x131a5ba4,0x52525252,0x52525252,0x00000000
0x131a5bac,0x52525252,0x52525252,0x00000000
0x131a6758,0xcccccccc,0xcccccccc,0x00000000
0x131a675c,0xcccccccc,0xcccccccc,0x00000000
0x131a677c,0xa5929292,0xa5929292,0x00000000
0x131a6780,0x0b1ba7a5,0x0b1ba7a5,0x00000000
0x131a678c,0x92a71919,0x92a71919,0x00000000
0x131a6794,0x1ba79287,0x1ba79287,0x00000000
0x131a67a4,0xa09292a0,0xa09292a0,0x00000000
0x131a67c4,0x92a00b1b,0x92a00b1b,0x00000000
0x131a67e4,0x0b1dd9bc,0x0b1dd9bc,0x00000000
0x131a6870,0xcccc86cc,0xcccc86cc,0x00000000
0x131a6874,0xccebcccc,0xccebcccc,0x00000000
0x131a6a80,0x52525252,0x52525252,0x00000000
0x131a6a90,0x52525252,0x52525252,0x00000000
0x131a6ab4,0x52525252,0x52525252,0x00000000
0x131a6b3c,0x52525252,0x52525252,0x00000000
0x131a7754,0xbae8cccc,0xbae8cccc,0x00000000
0x131a7760,0xcccccccc,0xcccccccc,0x00000000
0x131a776c,0xccccfa92,0xccccfa92,0x00000000
0x131a7778,0xcccccccc,0xcccccccc,0x00000000
0x131a7790,0xb4a5a592,0xb4a5a592,0x00000000
0x131a779c,0xa5929292,0xa5929292,0x00000000
0x131a77a8,0x0ae6a5a7,0x0ae6a5a7,0x00000000
0x131a77c0,0xe60bab92,0xe60bab92,0x00000000
0x131a77c8,0x92c31919,0x92c31919,0x00000000
0x131a77cc,0xa79292ab,0xa79292ab,0x00000000
0x131a77d8,0x0bab9292,0x0bab9292,0x00000000
0x131a77e0,0xa79292a0,0xa79292a0,0x00000000
0x131a77f0,0xc31919a7,0xc31919a7,0x00000000
0x131a77f8,0x92a51b0b,0x92a51b0b,0x00000000
0x131a77fc,0xe68797d9,0xe68797d9,0x00000000
0x131a7808,0xa7ab1be6,0xa7ab1be6,0x00000000
0x131a7810,0x87d6adc2,0x87d6adc2,0x00000000
0x131a7814,0xd0c5f2bc,0xd0c5f2bc,0x00000000
0x131a7820,0xe6e6e61b,0xe6e6e61b,0x00000000
0x131a782c,0xaba3cccc,0xaba3cccc,0x00000000
0x131a7838,0xbcadab1b,0xbcadab1b,0x00000000
0x131a7850,0xcccc8686,0xcccc8686,0x00000000
0x131a785c,0xcc868686,0xcc868686,0x00000000
0x131a7868,0xcccccccc,0xcccccccc,0x00000000
0x131a788c,0xccccebeb,0xccccebeb,0x00000000
0x131a7a78,0x52525252,0x52525252,0x00000000
0x131a7a90,0x52525252,0x52525252,0x00000000
0x131a7aa8,0x52525252,0x52525252,0x00000000
0x131a7ab4,0x52525252,0x52525252,0x00000000
0x131a7ac0,0x52525252,0x52525252,0x00000000
0x131a7ad8,0x52525252,0x52525252,0x00000000
0x131a7ae4,0x52525252,0x52525252,0x00000000
0x131a7af0,0x52525252,0x52525252,0x00000000
0x131a7af8,0x52525252,0x52525252,0x00000000
0x131a7afc,0x52525252,0x52525252,0x00000000
0x131a7b08,0x52525252,0x52525252,0x00000000
0x131a7b10,0x52525252,0x52525252,0x00000000
0x131a7b14,0x52525252,0x52525252,0x00000000
0x131a7b20,0x52525252,0x52525252,0x00000000
0x131a7b38,0x52525252,0x52525252,0x00000000
0x131a7b44,0x52525252,0x52525252,0x00000000
0x131a7b50,0x52525252,0x52525252,0x00000000
0x131a7b68,0x52525252,0x52525252,0x00000000
0x131a7b74,0x52525252,0x52525252,0x00000000
0x131a7b80,0x52525252,0x52525252,0x00000000
0x131a7ba4,0x52525252,0x52525252,0x00000000
0x131a853c,0x86868686,0x86868686,0x00000000
0x131a8540,0xebebebeb,0xebebebeb,0x00000000
0x131a8544,0xcc86cccc,0xcc86cccc,0x00000000
0x131a8548,0xccebcceb,0xccebcceb,0x00000000
0x131a854c,0xcc86ebeb,0xcc86ebeb,0x00000000
0x131a8550,0xccebebeb,0xccebebeb,0x00000000
0x131a8568,0xebebebeb,0xebebebeb,0x00000000
0x131a856c,0xccccebcc,0xccccebcc,0x00000000
0x131a857c,0xebebebeb,0xebebebeb,0x00000000
0x131a8580,0xcccccceb,0xcccccceb,0x00000000
0x131a8584,0xebebebeb,0xebebebeb,0x00000000
0x131a8588,0xcccccccc,0xcccccccc,0x00000000
0x131a858c,0xccccebeb,0xccccebeb,0x00000000
0x131a8590,0xebeba8cc,0xebeba8cc,0x00000000
0x131a85a4,0x86cc2986,0x86cc2986,0x00000000
0x131a85a8,0xccebebeb,0xccebebeb,0x00000000
0x131a85bc,0xebebebeb,0xebebebeb,0x00000000
0x131a85c0,0x86868686,0x86868686,0x00000000
0x131a85c4,0x86868686,0x86868686,0x00000000
0x131a85c8,0x86868686,0x86868686,0x00000000
0x131a85cc,0x86868686,0x86868686,0x00000000
0x131a85e0,0x86868686,0x86868686,0x00000000
0x131a85e4,0xcc292b2b,0xcc292b2b,0x00000000
0x131a85f0,0x86cc292b,0x86cc292b,0x00000000
0x131a85fc,0x292b2b2b,0x292b2b2b,0x00000000
0x131a8600,0x292b2b2b,0x292b2b2b,0x00000000
0x131a8604,0x2b2b2b29,0x2b2b2b29,0x00000000
0x131a8608,0x2b29cc2b,0x2b29cc2b,0x00000000
0x131a861c,0x292b2b2b,0x292b2b2b,0x00000000
0x131a8620,0xcc292b2b,0xcc292b2b,0x00000000
0x131a862c,0x2b2b292b,0x2b2b292b,0x00000000
0x131a8630,0x2b2b2ba8,0x2b2b2ba8,0x00000000
0x131a863c,0x2b2b2b2b,0x2b2b2b2b,0x00000000
0x131a8640,0x2b2b2b29,0x2b2b2b29,0x00000000
0x131a8644,0x292b292b,0x292b292b,0x00000000
0x131a865c,0x2b2b2986,0x2b2b2986,0x00000000
0x131a8668,0x2b2b2b2b,0x2b2b2b2b,0x00000000
0x131a866c,0x2b2b2b2b,0x2b2b2b2b,0x00000000
0x131a8670,0x2b2b2b2b,0x2b2b2b2b,0x00000000
0x131a867c,0x2b2b2b29,0x2b2b2b29,0x00000000
0x131a8680,0x2b2b2929,0x2b2b2929,0x00000000
0x131a86a4,0x8383ac7e,0x8383ac7e,0x00000000
0x131a86a8,0x2ae8992a,0x2ae8992a,0x00000000
0x131a86ac,0x2a8321e8,0x2a8321e8,0x00000000
0x131a86b0,0x2ae8832a,0x2ae8832a,0x00000000
0x131a86bc,0x2a2a992a,0x2a2a992a,0x00000000
0x131a86d0,0x2ae8e82a,0x2ae8e82a,0x00000000
0x131a86e0,0xb2e82183,0xb2e82183,0x00000000
0x131a86e4,0x2aba5152,0x2aba5152,0x00000000
0x131a86e8,0xe8e8e82a,0xe8e8e82a,0x00000000
0x131a86ec,0x8d2a4452,0x8d2a4452,0x00000000
0x131a86f0,0xeecc2a2a,0xeecc2a2a,0x00000000
0x131a870c,0x52525252,0x52525252,0x00000000
0x131a8710,0x52525252,0x52525252,0x00000000
0x131a871c,0x52525252,0x52525252,0x00000000
0x131a8720,0x52525252,0x52525252,0x00000000
0x131a8724,0x52525252,0x52525252,0x00000000
0x131a8728,0x52525252,0x52525252,0x00000000
0x131a872c,0x52525252,0x52525252,0x00000000
0x131a8730,0x52525252,0x52525252,0x00000000
0x131a8748,0x52525252,0x52525252,0x00000000
0x131a874c,0x52525252,0x52525252,0x00000000
0x131a8758,0x52525252,0x52525252,0x00000000
0x131a875c,0x52525252,0x52525252,0x00000000
0x131a8760,0xebcccccc,0xebcccccc,0x00000000
0x131a8764,0xcccc2a4e,0xcccc2a4e,0x00000000
0x131a8768,0x524dbaeb,0x524dbaeb,0x00000000
0x131a876c,0xcc2a2aeb,0xcc2a2aeb,0x00000000
0x131a8770,0x514d44ba,0x514d44ba,0x00000000
0x131a8784,0xe4a59292,0xe4a59292,0x00000000
0x131a8788,0xeb444d52,0xeb444d52,0x00000000
0x131a8794,0x525250b4,0x525250b4,0x00000000
0x131a8798,0xbaeb2a44,0xbaeb2a44,0x00000000
0x131a879c,0x52525252,0x52525252,0x00000000
0x131a87a0,0x9292a71b,0x9292a71b,0x00000000
0x131a87a4,0x0a0aaba5,0x0a0aaba5,0x00000000
0x131a87a8,0x92929292,0x92929292,0x00000000
0x131a87ac,0xa0190419,0xa0190419,0x00000000
0x131a87c0,0xa71919c3,0xa71919c3,0x00000000
0x131a87c4,0x9292e60a,0x9292e60a,0x00000000
0x131a87d0,0x0aaba0ab,0x0aaba0ab,0x00000000
0x131a87d4,0xa092c2bf,0xa092c2bf,0x00000000
0x131a87d8,0xabc3adc2,0xabc3adc2,0x00000000
0x131a87dc,0xbfc5cccc,0xbfc5cccc,0x00000000
0x131a87e0,0xe6abc3d6,0xe6abc3d6,0x00000000
0x131a87e4,0xd9b7d0ea,0xd9b7d0ea,0x00000000
0x131a87e8,0xd6c2b7b3,0xd6c2b7b3,0x00000000
0x131a87fc,0xcccccccc,0xcccccccc,0x00000000
0x131a8800,0xcccccccc,0xcccccccc,0x00000000
0x131a880c,0xcccccccc,0xcccccccc,0x00000000
0x131a8810,0xcccccccc,0xcccccccc,0x00000000
0x131a8814,0xcccccccc,0xcccccccc,0x00000000
0x131a8818,0xcccccccc,0xcccccccc,0x00000000
0x131a881c,0xcccccccc,0xcccccccc,0x00000000
0x131a8820,0xd0bccaa0,0xd0bccaa0,0x00000000
0x131a8824,0x95ebcccc,0x95ebcccc,0x00000000
0x131a8838,0xcccccccc,0xcccccccc,0x00000000
0x131a883c,0xcccccccc,0xcccccccc,0x00000000
0x131a8848,0xcccccccc,0xcccccccc,0x00000000
0x131a884c,0xcc86e886,0xcc86e886,0x00000000
0x131a8850,0xcccccccc,0xcccccccc,0x00000000
0x131a8854,0xcc868686,0xcc868686,0x00000000
0x131a8858,0xcccccccc,0xcccccccc,0x00000000
0x131a885c,0xcc868686,0xcc868686,0x00000000
0x131a8860,0xcccccccc,0xcccccccc,0x00000000
0x131a8874,0xcccccceb,0xcccccceb,0x00000000
0x131a8884,0xcccccccc,0xcccccccc,0x00000000
0x131a888c,0xccebcccc,0xccebcccc,0x00000000
0x131a8a94,0x52525252,0x52525252,0x00000000
0x131a8aa0,0x52525252,0x52525252,0x00000000
0x131a8aa4,0x52525252,0x52525252,0x00000000
0x131a8aa8,0x52525252,0x52525252,0x00000000
0x131a8aac,0x52525252,0x52525252,0x00000000
0x131a8ab0,0x52525252,0x52525252,0x00000000
0x131a8ab4,0x52525252,0x52525252,0x00000000
0x131a8ab8,0x52525252,0x52525252,0x00000000
0x131a8acc,0x52525252,0x52525252,0x00000000
0x131a8ad0,0x52525252,0x52525252,0x00000000
0x131a8adc,0x52525252,0x52525252,0x00000000
0x131a8ae0,0x52525252,0x52525252,0x00000000
0x131a8ae4,0x52525252,0x52525252,0x00000000
0x131a8ae8,0x52525252,0x52525252,0x00000000
0x131a8aec,0x52525252,0x52525252,0x00000000
0x131a8af0,0x52525252,0x52525252,0x00000000
0x131a8af4,0x52525252,0x52525252,0x00000000
0x131a8b08,0x52525252,0x52525252,0x00000000
0x131a8b0c,0x52525252,0x52525252,0x00000000
0x131a8b18,0x52525252,0x52525252,0x00000000
0x131a8b1c,0x52525252,0x52525252,0x00000000
0x131a8b20,0x52525252,0x52525252,0x00000000
0x131a8b24,0x52525252,0x52525252,0x00000000
0x131a8b28,0x52525252,0x52525252,0x00000000
0x131a8b2c,0x52525252,0x52525252,0x00000000
0x131a8b30,0x52525252,0x52525252,0x00000000
0x131a8b44,0x52525252,0x52525252,0x00000000
0x131a8b48,0x52525252,0x52525252,0x00000000
0x131a8b54,0x52525252,0x52525252,0x00000000
0x131a8b58,0x52525252,0x52525252,0x00000000
0x131a8b5c,0x52525252,0x52525252,0x00000000
0x131a8b60,0x52525252,0x52525252,0x00000000
0x131a8b64,0x52525252,0x52525252,0x00000000
0x131a8b68,0x52525252,0x52525252,0x00000000
0x131a8b6c,0x52525252,0x52525252,0x00000000
0x131a8b80,0x52525252,0x52525252,0x00000000
0x131a8b84,0x52525252,0x52525252,0x00000000
0x131a8b90,0x52525252,0x52525252,0x00000000
0x131a8b94,0x52525252,0x52525252,0x00000000
0x131a8b9c,0x52525252,0x52525252,0x00000000
0x131a8ba4,0x52525252,0x52525252,0x00000000
0x131a9534,0x86868686,0x86868686,0x00000000
0x131a9538,0xccebcccc,0xccebcccc,0x00000000
0x131a953c,0xcc86cceb,0xcc86cceb,0x00000000
0x131a9540,0x86ccebeb,0x86ccebeb,0x00000000
0x131a9544,0x2ba8a8eb,0x2ba8a8eb,0x00000000
0x131a9558,0xcccc8686,0xcccc8686,0x00000000
0x131a955c,0xcca8a8a8,0xcca8a8a8,0x00000000
0x131a9568,0xeb86cc86,0xeb86cc86,0x00000000
0x131a956c,0xebebcccc,0xebebcccc,0x00000000
0x131a9570,0xa8ebebeb,0xa8ebebeb,0x00000000
0x131a9574,0xebebebeb,0xebebebeb,0x00000000
0x131a9578,0xebebebeb,0xebebebeb,0x00000000
0x131a957c,0xebebebeb,0xebebebeb,0x00000000
0x131a9580,0xebeba8a8,0xebeba8a8,0x00000000
0x131a9594,0xebebebeb,0xebebebeb,0x00000000
0x131a9598,0xebebebeb,0xebebebeb,0x00000000
0x131a95a4,0xebebebeb,0xebebebeb,0x00000000
0x131a95a8,0x29ebebeb,0x29ebebeb,0x00000000
0x131a95ac,0xebebebeb,0xebebebeb,0x00000000
0x131a95b0,0xebebebeb,0xebebebeb,0x00000000
0x131a95b4,0xebebebeb,0xebebebeb,0x00000000
0x131a95b8,0x2bcccceb,0x2bcccceb,0x00000000
0x131a95bc,0xebebebeb,0xebebebeb,0x00000000
0x131a95d0,0xebebebeb,0xebebebeb,0x00000000
0x131a95d4,0xebebebeb,0xebebebeb,0x00000000
0x131a95e0,0x2b2beb29,0x2b2beb29,0x00000000
0x131a95e4,0xeb2b2beb,0xeb2b2beb,0x00000000
0x131a95e8,0x29eb2b2b,0x29eb2b2b,0x00000000
0x131a95ec,0x2b2b2bcc,0x2b2b2bcc,0x00000000
0x131a95f0,0x2b2b2beb,0x2b2b2beb,0x00000000
0x131a95f4,0x2b2b2b29,0x2b2b2b29,0x00000000
0x131a95f8,0xeb2b2beb,0xeb2b2beb,0x00000000
0x131a960c,0x2b2b2b2b,0x2b2b2b2b,0x00000000
0x131a9610,0x292b2b2b,0x292b2b2b,0x00000000
0x131a961c,0x2b2b292b,0x2b2b292b,0x00000000
0x131a9620,0x29292b2b,0x29292b2b,0x00000000
0x131a9624,0x2b292b2b,0x2b292b2b,0x00000000
0x131a9628,0x292b2b2b,0x292b2b2b,0x00000000
0x131a962c,0x2b292b2b,0x2b292b2b,0x00000000
0x131a9630,0x2b292b2b,0x2b292b2b,0x00000000
0x131a9634,0x2b2b2b2b,0x2b2b2b2b,0x00000000
0x131a9648,0x86292b2b,0x86292b2b,0x00000000
0x131a964c,0x2b2b2b29,0x2b2b2b29,0x00000000
0x131a9658,0x2b2b2929,0x2b2b2929,0x00000000
0x131a965c,0x2b2b2b2b,0x2b2b2b2b,0x00000000
0x131a9660,0x292b2b2b,0x292b2b2b,0x00000000
0x131a9664,0x2b2b2b2b,0x2b2b2b2b,0x00000000
0x131a9668,0x292b2b2b,0x292b2b2b,0x00000000
0x131a966c,0x29292b2b,0x29292b2b,0x00000000
0x131a9670,0x292b2b2b,0x292b2b2b,0x00000000
0x131a9684,0x2b2b2985,0x2b2b2985,0x00000000
0x131a9688,0x2b2b2b2b,0x2b2b2b2b,0x00000000
0x131a9694,0x2b29292a,0x2b29292a,0x00000000
0x131a9698,0x2b2b2b2b,0x2b2b2b2b,0x00000000
0x131a969c,0x2b292b2a,0x2b292b2a,0x00000000
0x131a96a0,0x7eeeeeee,0x7eeeeeee,0x00000000
0x131a96a4,0xeeeeeeee,0xeeeeeeee,0x00000000
0x131a96a8,0xe82a2a2a,0xe82a2a2a,0x00000000
0x131a96ac,0x2a2a2a2a,0x2a2a2a2a,0x00000000
0x131a96c0,0x7e7e7eac,0x7e7e7eac,0x00000000
0x131a96c4,0x2085857e,0x2085857e,0x00000000
0x131a96d0,0xe87ee8e8,0xe87ee8e8,0x00000000
0x131a96d4,0x2a2a2a2a,0x2a2a2a2a,0x00000000
0x131a96d8,0x7e852ae8,0x7e852ae8,0x00000000
0x131a96dc,0xe8e8e8e8,0xe8e8e8e8,0x00000000
0x131a96e0,0xb27e7e7e,0xb27e7e7e,0x00000000
0x131a96e4,0xac7ee8e8,0xac7ee8e8,0x00000000
0x131a96e8,0xe82a2a7e,0xe82a2a7e,0x00000000
0x131a96fc,0xe8e8e8e8,0xe8e8e8e8,0x00000000
0x131a9700,0x2a4d5252,0x2a4d5252,0x00000000
0x131a970c,0x525252ba,0x525252ba,0x00000000
0x131a9710,0xe8e84452,0xe8e84452,0x00000000
0x131a9714,0x5252512a,0x5252512a,0x00000000
0x131a9718,0x7eeee88d,0x7eeee88d,0x00000000
0x131a971c,0x4e5246e8,0x4e5246e8,0x00000000
0x131a9720,0x44525252,0x44525252,0x00000000
0x131a9724,0x52525252,0x52525252,0x00000000
0x131a9738,0xcce82a4e,0xcce82a4e,0x00000000
0x131a973c,0x52525252,0x52525252,0x00000000
0x131a9748,0x52525252,0x52525252,0x00000000
0x131a974c,0x52525252,0x52525252,0x00000000
0x131a9750,0x52525252,0x52525252,0x00000000
0x131a9754,0x52525252,0x52525252,0x00000000
0x131a9758,0x52525252,0x52525252,0x00000000
0x131a975c,0x52525252,0x52525252,0x00000000
0x131a9760,0x524e4446,0x524e4446,0x00000000
0x131a9774,0x52525252,0x52525252,0x00000000
0x131a9778,0x52525252,0x52525252,0x00000000
0x131a9784,0x52525252,0x52525252,0x00000000
0x131a9788,0x52525252,0x52525252,0x00000000
0x131a978c,0x52525252,0x52525252,0x00000000
0x131a9790,0x52525252,0x52525252,0x00000000
0x131a9794,0x52525252,0x52525252,0x00000000
0x131a9798,0x52525252,0x52525252,0x00000000
0x131a979c,0x52525252,0x52525252,0x00000000
0x131a97b0,0x52525252,0x52525252,0x00000000
0x131a97b4,0x525144cc,0x525144cc,0x00000000
0x131a97c0,0x80bfc5cc,0x80bfc5cc,0x00000000
0x131a97c4,0xcccccccc,0xcccccccc,0x00000000
0x131a97c8,0xcccccccc,0xcccccccc,0x00000000
0x131a97cc,0xcccccccc,0xcccccccc,0x00000000
0x131a97d0,0xcccccccc,0xcccccccc,0x00000000
0x131a97d4,0xcccccccc,0xcccccccc,0x00000000
0x131a97d8,0xbae8cccc,0xbae8cccc,0x00000000
0x131a97ec,0xcccccccc,0xcccccccc,0x00000000
0x131a97f0,0xcccccccc,0xcccccccc,0x00000000
0x131a97fc,0xcccccc86,0xcccccc86,0x00000000
0x131a9800,0xcccccceb,0xcccccceb,0x00000000
0x131a9804,0xcccccccc,0xcccccccc,0x00000000
0x131a9808,0xcccccccc,0xcccccccc,0x00000000
0x131a980c,0xcccccccc,0xcccccccc,0x00000000
0x131a9810,0xcccccccc,0xcccccccc,0x00000000
0x131a9814,0xcccccccc,0xcccccccc,0x00000000
0x131a9828,0xcccccccc,0xcccccccc,0x00000000
0x131a982c,0xcccccccc,0xcccccccc,0x00000000
0x131a9838,0xcccc86cc,0xcccc86cc,0x00000000
0x131a983c,0xcccccccc,0xcccccccc,0x00000000
0x131a9840,0xcccccccc,0xcccccccc,0x00000000
0x131a9844,0xcccc86cc,0xcccc86cc,0x00000000
0x131a9848,0xcccccccc,0xcccccccc,0x00000000
0x131a984c,0xcccccccc,0xcccccccc,0x00000000
0x131a9850,0xcccccccc,0xcccccccc,0x00000000
0x131a9864,0xcccccccc,0xcccccccc,0x00000000
0x131a9868,0xcccccccc,0xcccccccc,0x00000000
0x131a9874,0xcccccccc,0xcccccccc,0x00000000
0x131a987c,0xcccccccc,0xcccccccc,0x00000000
0x131a9884,0xcccccccc,0xcccccccc,0x00000000
0x131a988c,0xcccccccc,0xcccccccc,0x00000000
0x131a9a94,0x52525252,0x52525252,0x00000000
0x131a9a98,0x52525252,0x52525252,0x00000000
0x131a9a9c,0x52525252,0x52525252,0x00000000
0x131a9aa0,0x52525252,0x52525252,0x00000000
0x131a9aa4,0x52525252,0x52525252,0x00000000
0x131a9aa8,0x52525252,0x52525252,0x00000000
0x131a9abc,0x52525252,0x52525252,0x00000000
0x131a9ac0,0x52525252,0x52525252,0x00000000
0x131a9acc,0x52525252,0x52525252,0x00000000
0x131a9ad0,0x52525252,0x52525252,0x00000000
0x131a9ad4,0x52525252,0x52525252,0x00000000
0x131a9ad8,0x52525252,0x52525252,0x00000000
0x131a9adc,0x52525252,0x52525252,0x00000000
0x131a9ae0,0x52525252,0x52525252,0x00000000
0x131a9ae4,0x52525252,0x52525252,0x00000000
0x131a9af8,0x52525252,0x52525252,0x00000000
0x131a9afc,0x52525252,0x52525252,0x00000000
0x131a9b08,0x52525252,0x52525252,0x00000000
0x131a9b0c,0x52525252,0x52525252,0x00000000
0x131a9b10,0x52525252,0x52525252,0x00000000
0x131a9b14,0x52525252,0x52525252,0x00000000
0x131a9b18,0x52525252,0x52525252,0x00000000
0x131a9b1c,0x52525252,0x52525252,0x00000000
0x131a9b20,0x52525252,0x52525252,0x00000000
0x131a9b34,0x52525252,0x52525252,0x00000000
0x131a9b38,0x52525252,0x52525252,0x00000000
0x131a9b44,0x52525252,0x52525252,0x00000000
0x131a9b48,0x52525252,0x52525252,0x00000000
0x131a9b4c,0x52525252,0x52525252,0x00000000
0x131a9b50,0x52525252,0x52525252,0x00000000
0x131a9b54,0x52525252,0x52525252,0x00000000
0x131a9b58,0x52525252,0x52525252,0x00000000
0x131a9b5c,0x52525252,0x52525252,0x00000000
0x131a9b70,0x52525252,0x52525252,0x00000000
0x131a9b74,0x52525252,0x52525252,0x00000000
0x131a9b80,0x52525252,0x52525252,0x00000000
0x131a9b84,0x52525252,0x52525252,0x00000000
0x131a9b88,0x52525252,0x52525252,0x00000000
0x131a9b8c,0x52525252,0x52525252,0x00000000
0x131a9b90,0x52525252,0x52525252,0x00000000
0x131a9b94,0x52525252,0x52525252,0x00000000
0x131a9bac,0x52525252,0x52525252,0x00000000
0x131aa534,0xebebcceb,0xebebcceb,0x00000000
0x131aa548,0xcccccc86,0xcccccc86,0x00000000
0x131aa54c,0xccebebcc,0xccebebcc,0x00000000
0x131aa558,0xebebebcc,0xebebebcc,0x00000000
0x131aa55c,0xcc86cceb,0xcc86cceb,0x00000000
0x131aa560,0xccccebeb,0xccccebeb,0x00000000
0x131aa564,0xebebebeb,0xebebebeb,0x00000000
0x131aa568,0xccebebcc,0xccebebcc,0x00000000
0x131aa56c,0xcccccccc,0xcccccccc,0x00000000
0x131aa570,0xebebebeb,0xebebebeb,0x00000000
0x131aa584,0xebebebeb,0xebebebeb,0x00000000
0x131aa588,0xebcccccc,0xebcccccc,0x00000000
0x131aa594,0xebebebeb,0xebebebeb,0x00000000
0x131aa598,0xccebebeb,0xccebebeb,0x00000000
0x131aa59c,0xebebebeb,0xebebebeb,0x00000000
0x131aa5a0,0xebebebeb,0xebebebeb,0x00000000
0x131aa5a4,0xebebebeb,0xebebebeb,0x00000000
0x131aa5a8,0xebebebeb,0xebebebeb,0x00000000
0x131aa5ac,0xebcccceb,0xebcccceb,0x00000000
0x131aa5c0,0xebebebeb,0xebebebeb,0x00000000
0x131aa5c4,0xeb2bebeb,0xeb2bebeb,0x00000000
0x131aa5d0,0xebebebeb,0xebebebeb,0x00000000
0x131aa5d4,0xeb29292b,0xeb29292b,0x00000000
0x131aa5d8,0xebebebeb,0xebebebeb,0x00000000
0x131aa5dc,0xebebeb2b,0xebebeb2b,0x00000000
0x131aa5e0,0x29eb2b2b,0x29eb2b2b,0x00000000
0x131aa5e4,0x2b2b2b29,0x2b2b2b29,0x00000000
0x131aa5e8,0xcccceb2b,0xcccceb2b,0x00000000
0x131aa5fc,0x2b29eb2b,0x2b29eb2b,0x00000000
0x131aa600,0x86292b2b,0x86292b2b,0x00000000
0x131aa60c,0x29a82b86,0x29a82b86,0x00000000
0x131aa610,0x2b2beb2b,0x2b2beb2b,0x00000000
0x131aa614,0xa8a82986,0xa8a82986,0x00000000
0x131aa618,0x2b2b2b2b,0x2b2b2b2b,0x00000000
0x131aa61c,0xa82bcc86,0xa82bcc86,0x00000000
0x131aa620,0xa82b292b,0xa82b292b,0x00000000
0x131aa624,0x2b2b2b2b,0x2b2b2b2b,0x00000000
0x131aa638,0x292b2b2b,0x292b2b2b,0x00000000
0x131aa63c,0x2b2b292b,0x2b2b292b,0x00000000
0x131aa648,0x292b2b2b,0x292b2b2b,0x00000000
0x131aa64c,0x2b2b2b2b,0x2b2b2b2b,0x00000000
0x131aa650,0x2b2b2b2b,0x2b2b2b2b,0x00000000
0x131aa654,0x2b2b2b2b,0x2b2b2b2b,0x00000000
0x131aa658,0x2b2b2b2b,0x2b2b2b2b,0x00000000
0x131aa65c,0x2b2b2b2b,0x2b2b2b2b,0x00000000
0x131aa660,0x2b2b2986,0x2b2b2986,0x00000000
0x131aa674,0x2b2b2b2b,0x2b2b2b2b,0x00000000
0x131aa678,0x292b2b2b,0x292b2b2b,0x00000000
0x131aa684,0x2b2b2bee,0x2b2b2bee,0x00000000
0x131aa688,0x2b2b2b2b,0x2b2b2b2b,0x00000000
0x131aa68c,0x2b2ba82a,0x2b2ba82a,0x00000000
0x131aa690,0x2b2b292b,0x2b2b292b,0x00000000
0x131aa694,0x2929292a,0x2929292a,0x00000000
0x131aa698,0x2b2b2b2b,0x2b2b2b2b,0x00000000
0x131aa69c,0x298629ee,0x298629ee,0x00000000
0x131aa6b0,0x2ae8e8e8,0x2ae8e8e8,0x00000000
0x131aa6b4,0x2a2a2ae8,0x2a2a2ae8,0x00000000
0x131aa6c0,0x2085b27e,0x2085b27e,0x00000000
0x131aa6c4,0x7e7e227e,0x7e7e227e,0x00000000
0x131aa6c8,0x7e7ee8e8,0x7e7ee8e8,0x00000000
0x131aa6cc,0xe8e82ae8,0xe8e82ae8,0x00000000
0x131aa6d0,0xe8ee22b2,0xe8ee22b2,0x00000000
0x131aa6d4,0x2ae82ae8,0x2ae82ae8,0x00000000
0x131aa6d8,0x2ae87eb2,0x2ae87eb2,0x00000000
0x131aa6ec,0xe8e8cccc,0xe8e8cccc,0x00000000
0x131aa6f0,0xb2e82a2a,0xb2e82a2a,0x00000000
0x131aa6fc,0x7ee8e8e8,0x7ee8e8e8,0x00000000
0x131aa700,0x7e7ee8b2,0x7e7ee8b2,0x00000000
0x131aa704,0xee4246e8,0xee4246e8,0x00000000
0x131aa708,0xe8e8cccc,0xe8e8cccc,0x00000000
0x131aa70c,0xe87eba41,0xe87eba41,0x00000000
0x131aa710,0x2a2a2a2a,0x2a2a2a2a,0x00000000
0x131aa714,0xcccccc2a,0xcccccc2a,0x00000000
0x131aa728,0xcccccccc,0xcccccccc,0x00000000
0x131aa72c,0xba525252,0xba525252,0x00000000
0x131aa738,0xe8cccccc,0xe8cccccc,0x00000000
0x131aa73c,0xcce8e82a,0xcce8e82a,0x00000000
0x131aa740,0x52525252,0x52525252,0x00000000
0x131aa744,0x52525252,0x52525252,0x00000000
0x131aa748,0x52525252,0x52525252,0x00000000
0x131aa74c,0x52525252,0x52525252,0x00000000
0x131aa750,0x52525252,0x52525252,0x00000000
0x131aa764,0x52525252,0x52525252,0x00000000
0x131aa768,0x52525252,0x52525252,0x00000000
0x131aa774,0x52525252,0x52525252,0x00000000
0x131aa778,0x52525252,0x52525252,0x00000000
0x131aa77c,0x52525252,0x52525252,0x00000000
0x131aa780,0x52525252,0x52525252,0x00000000
0x131aa784,0x52525252,0x52525252,0x00000000
0x131aa788,0x52525252,0x52525252,0x00000000
0x131aa78c,0x52525252,0x52525252,0x00000000
0x131aa7a0,0x52525252,0x52525252,0x00000000
0x131aa7a4,0x52525252,0x52525252,0x00000000
0x131aa7b0,0x52525252,0x52525252,0x00000000
0x131aa7b4,0x52525252,0x52525252,0x00000000
0x131aa7b8,0x52525252,0x52525252,0x00000000
0x131aa7bc,0x52525252,0x52525252,0x00000000
0x131aa7c0,0x524dbacc,0x524dbacc,0x00000000
0x131aa7c4,0xcccccccc,0xcccccccc,0x00000000
0x131aa7c8,0x52525246,0x52525246,0x00000000
0x131aa7dc,0x525251ba,0x525251ba,0x00000000
0x131aa7e0,0xcccccccc,0xcccccccc,0x00000000
0x131aa7ec,0xcccccccc,0xcccccccc,0x00000000
0x131aa7f0,0xcccccccc,0xcccccccc,0x00000000
0x131aa7f4,0xcccccccc,0xcccccccc,0x00000000
0x131aa7f8,0xcccccccc,0xcccccccc,0x00000000
0x131aa7fc,0xcccce8cc,0xcccce8cc,0x00000000
0x131aa800,0xcccccccc,0xcccccccc,0x00000000
0x131aa804,0xcccccccc,0xcccccccc,0x00000000
0x131aa818,0xcccccccc,0xcccccccc,0x00000000
0x131aa81c,0xcccccccc,0xcccccccc,0x00000000
0x131aa828,0xcccccccc,0xcccccccc,0x00000000
0x131aa82c,0xcccccccc,0xcccccccc,0x00000000
0x131aa830,0xcccccccc,0xcccccccc,0x00000000
0x131aa834,0xcccccccc,0xcccccccc,0x00000000
0x131aa838,0xcccccccc,0xcccccccc,0x00000000
0x131aa83c,0xcccccccc,0xcccccccc,0x00000000
0x131aa840,0xcccccccc,0xcccccccc,0x00000000
0x131aa854,0xcccccccc,0xcccccccc,0x00000000
0x131aa858,0xcccccccc,0xcccccccc,0x00000000
0x131aa864,0xcccccccc,0xcccccccc,0x00000000
0x131aa868,0x86cccccc,0x86cccccc,0x00000000
0x131aa86c,0xcccccccc,0xcccccccc,0x00000000
0x131aa870,0xcccccccc,0xcccccccc,0x00000000
0x131aa874,0xcccccccc,0xcccccccc,0x00000000
0x131aa87c,0xcccccccc,0xcccccccc,0x00000000
0x131aaa98,0x52525252,0x52525252,0x00000000
0x131aaab0,0x52525252,0x52525252,0x00000000
0x131aaabc,0x52525252,0x52525252,0x00000000
0x131aaac0,0x52525252,0x52525252,0x00000000
0x131aaac4,0x52525252,0x52525252,0x00000000
0x131aaac8,0x52525252,0x52525252,0x00000000
0x131aaacc,0x52525252,0x52525252,0x00000000
0x131aaad0,0x52525252,0x52525252,0x00000000
0x131aaad4,0x52525252,0x52525252,0x00000000
0x131aaae8,0x52525252,0x52525252,0x00000000
0x131aaaec,0x52525252,0x52525252,0x00000000
0x131aaaf8,0x52525252,0x52525252,0x00000000
0x131aaafc,0x52525252,0x52525252,0x00000000
0x131aab00,0x52525252,0x52525252,0x00000000
0x131aab04,0x52525252,0x52525252,0x00000000
0x131aab08,0x52525252,0x52525252,0x00000000
0x131aab0c,0x52525252,0x52525252,0x00000000
0x131aab10,0x52525252,0x52525252,0x00000000
0x131aab24,0x52525252,0x52525252,0x00000000
0x131aab28,0x52525252,0x52525252,0x00000000
0x131aab34,0x52525252,0x52525252,0x00000000
0x131aab38,0x52525252,0x52525252,0x00000000
0x131aab3c,0x52525252,0x52525252,0x00000000
0x131aab44,0x52525252,0x52525252,0x00000000
0x131aab4c,0x52525252,0x52525252,0x00000000
0x131aab54,0x52525252,0x52525252,0x00000000
0x131aab5c,0x52525252,0x52525252,0x00000000
0x131aab64,0x52525252,0x52525252,0x00000000
0x131aab6c,0x52525252,0x52525252,0x00000000
0x131aab74,0x52525252,0x52525252,0x00000000
0x131aab7c,0x52525252,0x52525252,0x00000000
0x131aab84,0x52525252,0x52525252,0x00000000
0x131aab8c,0x52525252,0x52525252,0x00000000
0x131aab94,0x52525252,0x52525252,0x00000000
0x131aab9c,0x52525252,0x52525252,0x00000000
0x131aaba4,0x52525252,0x52525252,0x00000000
0x131aabac,0x52525252,0x52525252,0x00000000
0x131ab538,0xebcc86cc,0xebcc86cc,0x00000000
0x131ab53c,0xebebebeb,0xebebebeb,0x00000000
0x131ab548,0xcccccccc,0xcccccccc,0x00000000
0x131ab54c,0xcccccccc,0xcccccccc,0x00000000
0x131ab550,0xcccccceb,0xcccccceb,0x00000000
0x131ab554,0xebcccceb,0xebcccceb,0x00000000
0x131ab558,0xebebebeb,0xebebebeb,0x00000000
0x131ab55c,0xebebebeb,0xebebebeb,0x00000000
0x131ab560,0xebebebeb,0xebebebeb,0x00000000
0x131ab574,0xccebcccc,0xccebcccc,0x00000000
0x131ab578,0xebebebeb,0xebebebeb,0x00000000
0x131ab584,0xebccebeb,0xebccebeb,0x00000000
0x131ab588,0xcccccccc,0xcccccccc,0x00000000
0x131ab58c,0xebccebeb,0xebccebeb,0x00000000
0x131ab590,0xccebcc86,0xccebcc86,0x00000000
0x131ab594,0xebebebeb,0xebebebeb,0x00000000
0x131ab598,0xebebeb86,0xebebeb86,0x00000000
0x131ab59c,0xebebebeb,0xebebebeb,0x00000000
0x131ab5b0,0xebebebeb,0xebebebeb,0x00000000
0x131ab5b4,0xebebebcc,0xebebebcc,0x00000000
0x131ab5c0,0xebebebeb,0xebebebeb,0x00000000
0x131ab5c4,0xebebebeb,0xebebebeb,0x00000000
0x131ab5c8,0xebebebeb,0xebebebeb,0x00000000
0x131ab5cc,0xebebebeb,0xebebebeb,0x00000000
0x131ab5d0,0xebebebeb,0xebebebeb,0x00000000
0x131ab5d4,0xebccebeb,0xebccebeb,0x00000000
0x131ab5d8,0xebebebeb,0xebebebeb,0x00000000
0x131ab5ec,0xa8ebebeb,0xa8ebebeb,0x00000000
0x131ab5f0,0xebeb2ba8,0xebeb2ba8,0x00000000
0x131ab5fc,0x2b86862b,0x2b86862b,0x00000000
0x131ab600,0x2b2b2b2b,0x2b2b2b2b,0x00000000
0x131ab604,0x2b2b2986,0x2b2b2986,0x00000000
0x131ab608,0xeb2beba8,0xeb2beba8,0x00000000
0x131ab60c,0xa82b2bcc,0xa82b2bcc,0x00000000
0x131ab610,0xeb292b2b,0xeb292b2b,0x00000000
0x131ab614,0x2b2b2b2b,0x2b2b2b2b,0x00000000
0x131ab628,0x292b2929,0x292b2929,0x00000000
0x131ab62c,0x2b2b2b2b,0x2b2b2b2b,0x00000000
0x131ab638,0x2ba829eb,0x2ba829eb,0x00000000
0x131ab63c,0x2b2b292b,0x2b2b292b,0x00000000
0x131ab640,0x2b2b2b2b,0x2b2b2b2b,0x00000000
0x131ab644,0x2b2b292b,0x2b2b292b,0x00000000
0x131ab648,0x2b2b2b2b,0x2b2b2b2b,0x00000000
0x131ab64c,0x292b2b2b,0x292b2b2b,0x00000000
0x131ab650,0x2b2b2b2b,0x2b2b2b2b,0x00000000
0x131ab664,0x2b2b2b2b,0x2b2b2b2b,0x00000000
0x131ab668,0x2b2b2b2b,0x2b2b2b2b,0x00000000
0x131ab674,0x292b292b,0x292b292b,0x00000000
0x131ab678,0x2b2b2b2b,0x2b2b2b2b,0x00000000
0x131ab67c,0x2b2b2b2b,0x2b2b2b2b,0x00000000
0x131ab680,0x2b2b2b2b,0x2b2b2b2b,0x00000000
0x131ab684,0x2b2b2bac,0x2b2b2bac,0x00000000
0x131ab688,0x2b2b2b29,0x2b2b2b29,0x00000000
0x131ab68c,0x2b2b2be8,0x2b2b2be8,0x00000000
0x131ab6a0,0x857e7e7e,0x857e7e7e,0x00000000
0x131ab6a4,0x7e7e7e7e,0x7e7e7e7e,0x00000000
0x131ab6b0,0x2a2a2ae8,0x2a2a2ae8,0x00000000
0x131ab6b4,0x2a2a2a2a,0x2a2a2a2a,0x00000000
0x131ab6b8,0xe87e7ee8,0xe87e7ee8,0x00000000
0x131ab6bc,0xe8b285ee,0xe8b285ee,0x00000000
0x131ab6c0,0x7eee7e7e,0x7eee7e7e,0x00000000
0x131ab6c4,0x7e7e8585,0x7e7e8585,0x00000000
0x131ab6c8,0x2a2ae82a,0x2a2ae82a,0x00000000
0x131ab6dc,0x7e7e7ee8,0x7e7e7ee8,0x00000000
0x131ab6e0,0x7e7e7e7e,0x7e7e7e7e,0x00000000
0x131ab6ec,0xe8e8cc2a,0xe8e8cc2a,0x00000000
0x131ab6f0,0x2a2a2a2a,0x2a2a2a2a,0x00000000
0x131ab6f4,0xe82ae8e8,0xe82ae8e8,0x00000000
0x131ab6f8,0xe8e8e8e8,0xe8e8e8e8,0x00000000
0x131ab6fc,0xe8e87e85,0xe8e87e85,0x00000000
0x131ab700,0xb2b2b27e,0xb2b2b27e,0x00000000
0x131ab704,0xb2b2e8e8,0xb2b2e8e8,0x00000000
0x131ab718,0xe8e8e8e8,0xe8e8e8e8,0x00000000
0x131ab71c,0xe8e8e8e8,0xe8e8e8e8,0x00000000
0x131ab728,0x2a2a2acc,0x2a2a2acc,0x00000000
0x131ab72c,0xcc2acccc,0xcc2acccc,0x00000000
0x131ab730,0xcccc2a2a,0xcccc2a2a,0x00000000
0x131ab734,0xcccc2acc,0xcccc2acc,0x00000000
0x131ab738,0xe8b2e8e8,0xe8b2e8e8,0x00000000
0x131ab73c,0xe8e8e8e8,0xe8e8e8e8,0x00000000
0x131ab740,0xe8e8e8ba,0xe8e8e8ba,0x00000000
0x131ab754,0xcc415252,0xcc415252,0x00000000
0x131ab758,0xe8e8e8e8,0xe8e8e8e8,0x00000000
0x131ab764,0x52525252,0x52525252,0x00000000
0x131ab768,0x52525252,0x52525252,0x00000000
0x131ab76c,0x52525252,0x52525252,0x00000000
0x131ab770,0x52525252,0x52525252,0x00000000
0x131ab774,0x52525252,0x52525252,0x00000000
0x131ab778,0x52525252,0x52525252,0x00000000
0x131ab77c,0x52525252,0x52525252,0x00000000
0x131ab790,0x52525252,0x52525252,0x00000000
0x131ab794,0x52525252,0x52525252,0x00000000
0x131ab7a0,0x52525252,0x52525252,0x00000000
0x131ab7a4,0x52525252,0x52525252,0x00000000
0x131ab7a8,0x52525252,0x52525252,0x00000000
0x131ab7ac,0x52525252,0x52525252,0x00000000
0x131ab7b0,0x52525252,0x52525252,0x00000000
0x131ab7b4,0x52525252,0x52525252,0x00000000
0x131ab7b8,0x52525252,0x52525252,0x00000000
0x131ab7cc,0x52525252,0x52525252,0x00000000
0x131ab7d0,0x52525252,0x52525252,0x00000000
0x131ab7dc,0x52525252,0x52525252,0x00000000
0x131ab7e0,0x4ebacccc,0x4ebacccc,0x00000000
0x131ab7e4,0xcccccccc,0xcccccccc,0x00000000
0x131ab7e8,0x525246eb,0x525246eb,0x00000000
0x131ab7ec,0xcccccccc,0xcccccccc,0x00000000
0x131ab7f0,0x52525251,0x52525251,0x00000000
0x131ab7f4,0x44cccccc,0x44cccccc,0x00000000
0x131ab808,0xcccc86cc,0xcccc86cc,0x00000000
0x131ab80c,0xcccce8cc,0xcccce8cc,0x00000000
0x131ab818,0xcccccccc,0xcccccccc,0x00000000
0x131ab81c,0xcccccccc,0xcccccccc,0x00000000
0x131ab820,0xcccccccc,0xcccccccc,0x00000000
0x131ab824,0xcccccccc,0xcccccccc,0x00000000
0x131ab828,0xcccccccc,0xcccccccc,0x00000000
0x131ab82c,0xcccccccc,0xcccccccc,0x00000000
0x131ab830,0x86cccccc,0x86cccccc,0x00000000
0x131ab844,0xcccccccc,0xcccccccc,0x00000000
0x131ab848,0xcccccccc,0xcccccccc,0x00000000
0x131ab854,0xcccccccc,0xcccccccc,0x00000000
0x131ab858,0xcccccccc,0xcccccccc,0x00000000
0x131ab85c,0xcccccccc,0xcccccccc,0x00000000
0x131ab860,0xcccccccc,0xcccccccc,0x00000000
0x131ab864,0xcccccccc,0xcccccccc,0x00000000
0x131ab868,0xcccccccc,0xcccccccc,0x00000000
0x131ab86c,0xcccccccc,0xcccccccc,0x00000000
0x131aba9c,0x52525252,0x52525252,0x00000000
0x131abaa0,0x52525252,0x52525252,0x00000000
0x131abaac,0x52525252,0x52525252,0x00000000
0x131abab0,0x52525252,0x52525252,0x00000000
0x131abab4,0x52525252,0x52525252,0x00000000
0x131abab8,0x52525252,0x52525252,0x00000000
0x131ababc,0x52525252,0x52525252,0x00000000
0x131abac0,0x52525252,0x52525252,0x00000000
0x131abac4,0x52525252,0x52525252,0x00000000
0x131abad8,0x52525252,0x52525252,0x00000000
0x131abadc,0x52525252,0x52525252,0x00000000
0x131abae8,0x52525252,0x52525252,0x00000000
0x131abaec,0x52525252,0x52525252,0x00000000
0x131abaf0,0x52525252,0x52525252,0x00000000
0x131abaf4,0x52525252,0x52525252,0x00000000
0x131abaf8,0x52525252,0x52525252,0x00000000
0x131abafc,0x52525252,0x52525252,0x00000000
0x131abb00,0x52525252,0x52525252,0x00000000
0x131abb14,0x52525252,0x52525252,0x00000000
0x131abb18,0x52525252,0x52525252,0x00000000
0x131abb24,0x52525252,0x52525252,0x00000000
0x131abb28,0x52525252,0x52525252,0x00000000
0x131abb2c,0x52525252,0x52525252,0x00000000
0x131abb30,0x52525252,0x52525252,0x00000000
0x131abb34,0x52525252,0x52525252,0x00000000
0x131abb38,0x52525252,0x52525252,0x00000000
0x131abb3c,0x52525252,0x52525252,0x00000000
0x131abb50,0x52525252,0x52525252,0x00000000
0x131abb54,0x52525252,0x52525252,0x00000000
0x131abb60,0x52525252,0x52525252,0x00000000
0x131abb64,0x52525252,0x52525252,0x00000000
0x131abb68,0x52525252,0x52525252,0x00000000
0x131abb6c,0x52525252,0x52525252,0x00000000
0x131abb70,0x52525252,0x52525252,0x00000000
0x131abb74,0x52525252,0x52525252,0x00000000
0x131abb78,0x52525252,0x52525252,0x00000000
0x131abb8c,0x52525252,0x52525252,0x00000000
0x131abb90,0x52525252,0x52525252,0x00000000
0x131abb9c,0x52525252,0x52525252,0x00000000
0x131abba4,0x52525252,0x52525252,0x00000000
0x131abbac,0x52525252,0x52525252,0x00000000
0x131ac538,0xebebebeb,0xebebebeb,0x00000000
0x131ac53c,0xebebebeb,0xebebebeb,0x00000000
0x131ac540,0xebebebeb,0xebebebeb,0x00000000
0x131ac544,0xebebebeb,0xebebebeb,0x00000000
0x131ac548,0xcccccccc,0xcccccccc,0x00000000
0x131ac54c,0xcccccc86,0xcccccc86,0x00000000
0x131ac550,0xcccccccc,0xcccccccc,0x00000000
0x131ac564,0xebebebeb,0xebebebeb,0x00000000
0x131ac568,0xcccccccc,0xcccccccc,0x00000000
0x131ac574,0x86cccc86,0x86cccc86,0x00000000
0x131ac578,0xebebebeb,0xebebebeb,0x00000000
0x131ac57c,0xebebebeb,0xebebebeb,0x00000000
0x131ac580,0xccebcccc,0xccebcccc,0x00000000
0x131ac584,0xebebebeb,0xebebebeb,0x00000000
0x131ac588,0x86cc86cc,0x86cc86cc,0x00000000
0x131ac58c,0xebebebeb,0xebebebeb,0x00000000
0x131ac5a0,0xebebebeb,0xebebebeb,0x00000000
0x131ac5a4,0xebebebcc,0xebebebcc,0x00000000
0x131ac5b0,0xebebebeb,0xebebebeb,0x00000000
0x131ac5b4,0xebebebeb,0xebebebeb,0x00000000
0x131ac5b8,0xebebcceb,0xebebcceb,0x00000000
0x131ac5bc,0xebebebeb,0xebebebeb,0x00000000
0x131ac5c0,0xccebebeb,0xccebebeb,0x00000000
0x131ac5c4,0xeb86cceb,0xeb86cceb,0x00000000
0x131ac5c8,0xccccebeb,0xccccebeb,0x00000000
0x131ac5dc,0xebebebeb,0xebebebeb,0x00000000
0x131ac5e0,0xebebebcc,0xebebebcc,0x00000000
0x131ac5ec,0xebebeb2b,0xebebeb2b,0x00000000
0x131ac5f0,0xebebebeb,0xebebebeb,0x00000000
0x131ac5f4,0xebebcceb,0xebebcceb,0x00000000
0x131ac5f8,0xebebebeb,0xebebebeb,0x00000000
0x131ac5fc,0xebebebeb,0xebebebeb,0x00000000
0x131ac600,0x2b2b2beb,0x2b2b2beb,0x00000000
0x131ac604,0x2b2beb2b,0x2b2beb2b,0x00000000
0x131ac618,0xeb2beb2b,0xeb2beb2b,0x00000000
0x131ac61c,0xebebeb2b,0xebebeb2b,0x00000000
0x131ac634,0x2b2b2beb,0x2b2b2beb,0x00000000
0x131ac638,0x2b2bebeb,0x2b2bebeb,0x00000000
0x131ac63c,0x2b2b2b2b,0x2b2b2b2b,0x00000000
0x131ac654,0x2b2b2b2b,0x2b2b2b2b,0x00000000
0x131ac658,0x2b2b2b2b,0x2b2b2b2b,0x00000000
0x131ac668,0x2b2b2b2b,0x2b2b2b2b,0x00000000
0x131ac670,0x2b2b2b2b,0x2b2b2b2b,0x00000000
0x131ac674,0x29292b2b,0x29292b2b,0x00000000
0x131ac678,0x2b2b2b2b,0x2b2b2b2b,0x00000000
0x131ac67c,0x2b2b2b2b,0x2b2b2b2b,0x00000000
0x131ac690,0x2b2b2b2b,0x2b2b2b2b,0x00000000
0x131ac694,0x2b29292a,0x2b29292a,0x00000000
0x131ac6a0,0x7e7e7eb2,0x7e7e7eb2,0x00000000
0x131ac6a4,0xb27e857e,0xb27e857e,0x00000000
0x131ac6a8,0x2ae82ae8,0x2ae82ae8,0x00000000
0x131ac6ac,0x2a2a2a2a,0x2a2a2a2a,0x00000000
0x131ac6b0,0xe82a2ae8,0xe82a2ae8,0x00000000
0x131ac6b4,0xe82a2ae8,0xe82a2ae8,0x00000000
0x131ac6b8,0x7ee8e8e8,0x7ee8e8e8,0x00000000
0x131ac6cc,0xe8e82a2a,0xe8e82a2a,0x00000000
0x131ac6d0,0x7ee82a2a,0x7ee82a2a,0x00000000
0x131ac6dc,0xe8e8e8e8,0xe8e8e8e8,0x00000000
0x131ac6e0,0x7e7e7eb2,0x7e7e7eb2,0x00000000
0x131ac6e4,0xb27e85ac,0xb27e85ac,0x00000000
0x131ac6e8,0x2a2a2a2a,0x2a2a2a2a,0x00000000
0x131ac6ec,0x2a2ab27e,0x2a2ab27e,0x00000000
0x131ac6f0,0x2a2ae8b2,0x2a2ae8b2,0x00000000
0x131ac6f4,0x2a2ae8b2,0x2a2ae8b2,0x00000000
0x131ac708,0xb2cccce8,0xb2cccce8,0x00000000
0x131ac70c,0xe82a2a2a,0xe82a2a2a,0x00000000
0x131ac718,0xe8e8e8e8,0xe8e8e8e8,0x00000000
0x131ac71c,0xe8e8e8e8,0xe8e8e8e8,0x00000000
0x131ac720,0xe8eee8ee,0xe8eee8ee,0x00000000
0x131ac724,0xe8e8e8e8,0xe8e8e8e8,0x00000000
0x131ac728,0xcccc2a2a,0xcccc2a2a,0x00000000
0x131ac72c,0xcccccc2a,0xcccccc2a,0x00000000
0x131ac730,0x2a2acc2a,0x2a2acc2a,0x00000000
0x131ac744,0xe8e8b241,0xe8e8b241,0x00000000
0x131ac748,0xcc2a2acc,0xcc2a2acc,0x00000000
0x131ac754,0xcce8e8cc,0xcce8e8cc,0x00000000
0x131ac758,0xe8e8e8e8,0xe8e8e8e8,0x00000000
0x131ac75c,0xe8e8e8e8,0xe8e8e8e8,0x00000000
0x131ac760,0x52525252,0x52525252,0x00000000
0x131ac764,0x52525252,0x52525252,0x00000000
0x131ac768,0x44525252,0x44525252,0x00000000
0x131ac76c,0x52525252,0x52525252,0x00000000
0x131ac780,0x52525252,0x52525252,0x00000000
0x131ac784,0x52525252,0x52525252,0x00000000
0x131ac790,0x52525252,0x52525252,0x00000000
0x131ac794,0x52525252,0x52525252,0x00000000
0x131ac798,0x52525252,0x52525252,0x00000000
0x131ac79c,0x52525252,0x52525252,0x00000000
0x131ac7a0,0x52525252,0x52525252,0x00000000
0x131ac7a4,0x52525252,0x52525252,0x00000000
0x131ac7a8,0x52525252,0x52525252,0x00000000
0x131ac7bc,0x52525252,0x52525252,0x00000000
0x131ac7c0,0x52525252,0x52525252,0x00000000
0x131ac7cc,0x52525252,0x52525252,0x00000000
0x131ac7d0,0x52525252,0x52525252,0x00000000
0x131ac7d4,0x52525252,0x52525252,0x00000000
0x131ac7d8,0x52525252,0x52525252,0x00000000
0x131ac7dc,0x52525252,0x52525252,0x00000000
0x131ac7e0,0x52525252,0x52525252,0x00000000
0x131ac7e4,0x52525246,0x52525246,0x00000000
0x131ac7f8,0x52525252,0x52525252,0x00000000
0x131ac7fc,0x52525252,0x52525252,0x00000000
0x131ac808,0x4eebcccc,0x4eebcccc,0x00000000
0x131ac80c,0xcccccccc,0xcccccccc,0x00000000
0x131ac810,0x524ecccc,0x524ecccc,0x00000000
0x131ac814,0xcccccccc,0xcccccccc,0x00000000
0x131ac818,0x524dcce8,0x524dcce8,0x00000000
0x131ac81c,0xcccccccc,0xcccccccc,0x00000000
0x131ac820,0xcccccccc,0xcccccccc,0x00000000
0x131ac834,0xcccccccc,0xcccccccc,0x00000000
0x131ac838,0xcccccccc,0xcccccccc,0x00000000
0x131ac844,0xcccccccc,0xcccccccc,0x00000000
0x131ac848,0xcccccccc,0xcccccccc,0x00000000
0x131ac84c,0xcccccccc,0xcccccccc,0x00000000
0x131ac850,0xcccccccc,0xcccccccc,0x00000000
0x131ac854,0xcccccccc,0xcccccccc,0x00000000
0x131ac858,0xcccccccc,0xcccccccc,0x00000000
0x131ac85c,0xcc86cccc,0xcc86cccc,0x00000000
0x131ac870,0xcccccccc,0xcccccccc,0x00000000
0x131aca80,0x52525252,0x52525252,0x00000000
0x131aca88,0x52525252,0x52525252,0x00000000
0x131aca90,0x52525252,0x52525252,0x00000000
0x131aca98,0x52525252,0x52525252,0x00000000
0x131aca9c,0x52525252,0x52525252,0x00000000
0x131acabc,0x52525252,0x52525252,0x00000000
0x131acac8,0x52525252,0x52525252,0x00000000
0x131acacc,0x52525252,0x52525252,0x00000000
0x131acad0,0x52525252,0x52525252,0x00000000
0x131acad4,0x52525252,0x52525252,0x00000000
0x131acadc,0x52525252,0x52525252,0x00000000
0x131acae0,0x52525252,0x52525252,0x00000000
0x131acae4,0x52525252,0x52525252,0x00000000
0x131acae8,0x52525252,0x52525252,0x00000000
0x131acaf0,0x52525252,0x52525252,0x00000000
0x131acb10,0x52525252,0x52525252,0x00000000
0x131acb14,0x52525252,0x52525252,0x00000000
0x131acb18,0x52525252,0x52525252,0x00000000
0x131acb1c,0x52525252,0x52525252,0x00000000
0x131acb20,0x52525252,0x52525252,0x00000000
0x131acb24,0x52525252,0x52525252,0x00000000
0x131acb28,0x52525252,0x52525252,0x00000000
0x131acb2c,0x52525252,0x52525252,0x00000000
0x131acb40,0x52525252,0x52525252,0x00000000
0x131acb44,0x52525252,0x52525252,0x00000000
0x131acb50,0x52525252,0x52525252,0x00000000
0x131acb58,0x52525252,0x52525252,0x00000000
0x131acb5c,0x52525252,0x52525252,0x00000000
0x131acb7c,0x52525252,0x52525252,0x00000000
0x131acb80,0x52525252,0x52525252,0x00000000
0x131acb84,0x52525252,0x52525252,0x00000000
0x131acb8c,0x52525252,0x52525252,0x00000000
0x131ad534,0xcc86cccc,0xcc86cccc,0x00000000
0x131ad538,0xebebebeb,0xebebebeb,0x00000000
0x131ad53c,0xebccebeb,0xebccebeb,0x00000000
0x131ad540,0xebccebeb,0xebccebeb,0x00000000
0x131ad554,0xcccccceb,0xcccccceb,0x00000000
0x131ad558,0xebebebeb,0xebebebeb,0x00000000
0x131ad564,0xebebebeb,0xebebebeb,0x00000000
0x131ad568,0xe8e88686,0xe8e88686,0x00000000
0x131ad56c,0xcccccc86,0xcccccc86,0x00000000
0x131ad570,0xcceb86cc,0xcceb86cc,0x00000000
0x131ad574,0xebebebcc,0xebebebcc,0x00000000
0x131ad578,0xebebcceb,0xebebcceb,0x00000000
0x131ad57c,0xebebebeb,0xebebebeb,0x00000000
0x131ad590,0xccebebeb,0xccebebeb,0x00000000
0x131ad594,0xebebebeb,0xebebebeb,0x00000000
0x131ad5a0,0xebebcccc,0xebebcccc,0x00000000
0x131ad5a4,0xebeb8686,0xebeb8686,0x00000000
0x131ad5a8,0xccccebeb,0xccccebeb,0x00000000
0x131ad5ac,0xcc868686,0xcc868686,0x00000000
0x131ad5b0,0xccebebeb,0xccebebeb,0x00000000
0x131ad5b4,0xebebcccc,0xebebcccc,0x00000000
0x131ad5b8,0xebebebeb,0xebebebeb,0x00000000
0x131ad5cc,0xebebebeb,0xebebebeb,0x00000000
0x131ad5d0,0xa8eb86cc,0xa8eb86cc,0x00000000
0x131ad5dc,0xebebebeb,0xebebebeb,0x00000000
0x131ad5e0,0xebebebeb,0xebebebeb,0x00000000
0x131ad5e4,0xebebebeb,0xebebebeb,0x00000000
0x131ad5e8,0xebebebeb,0xebebebeb,0x00000000
0x131ad5ec,0xebebebeb,0xebebebeb,0x00000000
0x131ad5f0,0xebebebeb,0xebebebeb,0x00000000
0x131ad5f4,0xcc2bebeb,0xcc2bebeb,0x00000000
0x131ad60c,0xeb2b2beb,0xeb2b2beb,0x00000000
0x131ad658,0x29eb2b2b,0x29eb2b2b,0x00000000
0x131ad660,0x2b2b2b2b,0x2b2b2b2b,0x00000000
0x131ad668,0x2b2b2b2b,0x2b2b2b2b,0x00000000
0x131ad680,0x29292b2b,0x29292b2b,0x00000000
0x131ad684,0x2b2b2bee,0x2b2b2bee,0x00000000
0x131ad690,0x2b2b2b2b,0x2b2b2b2b,0x00000000
0x131ad694,0x292b2be8,0x292b2be8,0x00000000
0x131ad698,0x2b2b2b2b,0x2b2b2b2b,0x00000000
0x131ad69c,0x292b2b7e,0x292b2b7e,0x00000000
0x131ad6a0,0xacac7e85,0xacac7e85,0x00000000
0x131ad6a4,0x7e7e7e7e,0x7e7e7e7e,0x00000000
0x131ad6a8,0xb2e8e8b2,0xb2e8e8b2,0x00000000
0x131ad6bc,0x7e857eb2,0x7e857eb2,0x00000000
0x131ad6c0,0x7e857e7e,0x7e857e7e,0x00000000
0x131ad6cc,0x2ae8e8e8,0x2ae8e8e8,0x00000000
0x131ad6d0,0x2a2a2a2a,0x2a2a2a2a,0x00000000
0x131ad6d4,0x2ae8e82a,0x2ae8e82a,0x00000000
0x131ad6d8,0xe8e8e8e8,0xe8e8e8e8,0x00000000
0x131ad6dc,0xe8e8e8ee,0xe8e8e8ee,0x00000000
0x131ad6e0,0x7e7e857e,0x7e7e857e,0x00000000
0x131ad6e4,0x857e7e85,0x857e7e85,0x00000000
0x131ad6f8,0x7ee8e8e8,0x7ee8e8e8,0x00000000
0x131ad6fc,0xe8e8e8e8,0xe8e8e8e8,0x00000000
0x131ad708,0x2ae8e82a,0x2ae8e82a,0x00000000
0x131ad70c,0x2acc2a2a,0x2acc2a2a,0x00000000
0x131ad710,0x2a2a2ae8,0x2a2a2ae8,0x00000000
0x131ad714,0x2a2a2a2a,0x2a2a2a2a,0x00000000
0x131ad718,0xe8e8e8e8,0xe8e8e8e8,0x00000000
0x131ad71c,0xe8e8eee8,0xe8e8eee8,0x00000000
0x131ad720,0xb2b27eb2,0xb2b27eb2,0x00000000
0x131ad734,0x2a2a2ae8,0x2a2a2ae8,0x00000000
0x131ad738,0xe8e8e8e8,0xe8e8e8e8,0x00000000
0x131ad744,0xe8e8e8e8,0xe8e8e8e8,0x00000000
0x131ad748,0xcc2a2acc,0xcc2a2acc,0x00000000
0x131ad74c,0xcccc2acc,0xcccc2acc,0x00000000
0x131ad750,0xcc2acccc,0xcc2acccc,0x00000000
0x131ad754,0x2acccccc,0x2acccccc,0x00000000
0x131ad758,0xb2e8e8e8,0xb2e8e8e8,0x00000000
0x131ad75c,0xe8e8e8e8,0xe8e8e8e8,0x00000000
0x131ad770,0xcc2acccc,0xcc2acccc,0x00000000
0x131ad774,0xcc445252,0xcc445252,0x00000000
0x131ad780,0x52525252,0x52525252,0x00000000
0x131ad784,0x52525252,0x52525252,0x00000000
0x131ad788,0x52525252,0x52525252,0x00000000
0x131ad78c,0x52525252,0x52525252,0x00000000
0x131ad790,0x52525252,0x52525252,0x00000000
0x131ad794,0x52525252,0x52525252,0x00000000
0x131ad798,0x52525252,0x52525252,0x00000000
0x131ad7ac,0x52525252,0x52525252,0x00000000
0x131ad7b0,0x52525252,0x52525252,0x00000000
0x131ad7bc,0x52525252,0x52525252,0x00000000
0x131ad7c0,0x52525252,0x52525252,0x00000000
0x131ad7c4,0x52525252,0x52525252,0x00000000
0x131ad7c8,0x52525252,0x52525252,0x00000000
0x131ad7cc,0x52525252,0x52525252,0x00000000
0x131ad7d0,0x52525252,0x52525252,0x00000000
0x131ad7d4,0x52525252,0x52525252,0x00000000
0x131ad7e8,0x52525252,0x52525252,0x00000000
0x131ad7ec,0x52525252,0x52525252,0x00000000
0x131ad7f8,0x51514e4e,0x51514e4e,0x00000000
0x131ad7fc,0x4d464644,0x4d464644,0x00000000
0x131ad800,0x5246cccc,0x5246cccc,0x00000000
0x131ad804,0xcccccccc,0xcccccccc,0x00000000
0x131ad808,0x5246cccc,0x5246cccc,0x00000000
0x131ad80c,0xcccccccc,0xcccccccc,0x00000000
0x131ad810,0x524486cc,0x524486cc,0x00000000
0x131ad824,0xcccccccc,0xcccccccc,0x00000000
0x131ad828,0xcccccccc,0xcccccccc,0x00000000
0x131ad834,0xcccccccc,0xcccccccc,0x00000000
0x131ad838,0xcccccccc,0xcccccccc,0x00000000
0x131ad83c,0xcccccccc,0xcccccccc,0x00000000
0x131ad840,0xcccccccc,0xcccccccc,0x00000000
0x131ad844,0x86cccccc,0x86cccccc,0x00000000
0x131ad848,0xcccccccc,0xcccccccc,0x00000000
0x131ad84c,0x86cccccc,0x86cccccc,0x00000000
0x131ad860,0xcccccccc,0xcccccccc,0x00000000
0x131ad864,0xcccccccc,0xcccccccc,0x00000000
0x131ad870,0xcccccccc,0xcccccccc,0x00000000
0x131ada80,0x52525252,0x52525252,0x00000000
0x131ada90,0x52525252,0x52525252,0x00000000
0x131ada94,0x52525252,0x52525252,0x00000000
0x131ada98,0x52525252,0x52525252,0x00000000
0x131ada9c,0x52525252,0x52525252,0x00000000
0x131adaa0,0x52525252,0x52525252,0x00000000
0x131adaa4,0x52525252,0x52525252,0x00000000
0x131adab8,0x52525252,0x52525252,0x00000000
0x131adabc,0x52525252,0x52525252,0x00000000
0x131adac8,0x52525252,0x52525252,0x00000000
0x131adacc,0x52525252,0x52525252,0x00000000
0x131adad0,0x52525252,0x52525252,0x00000000
0x131adad4,0x52525252,0x52525252,0x00000000
0x131adad8,0x52525252,0x52525252,0x00000000
0x131adadc,0x52525252,0x52525252,0x00000000
0x131adae0,0x52525252,0x52525252,0x00000000
0x131adaf4,0x52525252,0x52525252,0x00000000
0x131adaf8,0x52525252,0x52525252,0x00000000
0x131adb04,0x52525252,0x52525252,0x00000000
0x131adb08,0x52525252,0x52525252,0x00000000
0x131adb0c,0x52525252,0x52525252,0x00000000
0x131adb10,0x52525252,0x52525252,0x00000000
0x131adb14,0x52525252,0x52525252,0x00000000
0x131adb18,0x52525252,0x52525252,0x00000000
0x131adb1c,0x52525252,0x52525252,0x00000000
0x131adb30,0x52525252,0x52525252,0x00000000
0x131adb34,0x52525252,0x52525252,0x00000000
0x131adb40,0x52525252,0x52525252,0x00000000
0x131adb44,0x52525252,0x52525252,0x00000000
0x131adb48,0x52525252,0x52525252,0x00000000
0x131adb4c,0x52525252,0x52525252,0x00000000
0x131adb50,0x52525252,0x52525252,0x00000000
0x131adb54,0x52525252,0x52525252,0x00000000
0x131adb58,0x52525252,0x52525252,0x00000000
0x131adb6c,0x52525252,0x52525252,0x00000000
0x131adb70,0x52525252,0x52525252,0x00000000
0x131adb7c,0x52525252,0x52525252,0x00000000
0x131adb80,0x52525252,0x52525252,0x00000000
0x131adb84,0x52525252,0x52525252,0x00000000
0x131adb88,0x52525252,0x52525252,0x00000000
0x131adb8c,0x52525252,0x52525252,0x00000000
0x131adb90,0x52525252,0x52525252,0x00000000
0x131adb94,0x52525252,0x52525252,0x00000000
0x131adbac,0x52525252,0x52525252,0x00000000
0x131add34,0x2fdb3fc8,0x2fdb3fc8,0x00000000
0x131add50,0x2ffe3edc,0x2ffe3edc,0x00000000
0x131d0dec,0x0680c6c0,0x0680c6c0,0x00000000
0x131d0df4,0x6a801889,0x6a801889,0x00000000
0x131d0dfc,0x0ca20519,0x0ca20519,0x00000000
0x131d0e08,0xadabadc0,0xadabadc0,0x00000000
0x131d0e0c,0x59c0c9de,0x59c0c9de,0x00000000
0x131d0e10,0xadc050d1,0xadc050d1,0x00000000
0x131d0e14,0x5059271f,0x5059271f,0x00000000
0x131d0e18,0xf4f4abb5,0xf4f4abb5,0x00000000
0x131d0e1c,0xf41c76d1,0xf41c76d1,0x00000000
0x131d0e28,0xabadb5d1,0xabadb5d1,0x00000000
0x131d0e2c,0xc9211cb5,0xc9211cb5,0x00000000
0x131d0e30,0x504f7627,0x504f7627,0x00000000
0x131d0e34,0x271fad21,0x271fad21,0x00000000
0x131d0e38,0x9f762721,0x9f762721,0x00000000
0x131d0e3c,0x76ad6880,0x76ad6880,0x00000000
0x131d0e48,0x1c4fc09f,0x1c4fc09f,0x00000000
0x131d0e4c,0x9f4f5050,0x9f4f5050,0x00000000
0x131d0e50,0xd4595959,0xd4595959,0x00000000
0x131d0e54,0xd159594f,0xd159594f,0x00000000
0x131d0e58,0x211c80ea,0x211c80ea,0x00000000
0x131d0e5c,0xabad5151,0xabad5151,0x00000000
0x131d0e68,0xb5b5ab50,0xb5b5ab50,0x00000000
0x131d0e6c,0xb5b5b550,0xb5b5b550,0x00000000
0x131d0e70,0x505050ab,0x505050ab,0x00000000
0x131d0e74,0xabab50c0,0xabab50c0,0x00000000
0x131d0e78,0x80ea8080,0x80ea8080,0x00000000
0x131d0e7c,0xea80ea51,0xea80ea51,0x00000000
0x131d0e88,0xc0aba7c0,0xc0aba7c0,0x00000000
0x131d0e8c,0x1c6039b8,0x1c6039b8,0x00000000
0x131d0e90,0xc04f504f,0xc04f504f,0x00000000
0x131d0e94,0xc060d652,0xc060d652,0x00000000
0x131d0e98,0x51ea51ea,0x51ea51ea,0x00000000
0x131d0e9c,0x5150baf4,0x5150baf4,0x00000000
0x131d0ea8,0x50687ebb,0x50687ebb,0x00000000
0x131d0eac,0xdd88c980,0xdd88c980,0x00000000
0x131d0eb0,0xf4f4d293,0xf4f4d293,0x00000000
0x131d0eb4,0xdabb7eab,0xdabb7eab,0x00000000
0x131d0eb8,0xf46887b8,0xf46887b8,0x00000000
0x131d0ebc,0xb469c6c0,0xb469c6c0,0x00000000
0x131d0ec8,0xf4140000,0xf4140000,0x00000000
0x131d0ed0,0xf4190100,0xf4190100,0x00000000
0x131d0ed8,0xf4f40500,0xf4f40500,0x00000000
0x131d1640,0xc01fabab,0xc01fabab,0x00000000
0x131d1644,0x5050b5ab,0x5050b5ab,0x00000000
0x131d1648,0xab59c0ab,0xab59c0ab,0x00000000
0x131d164c,0x1cb55050,0x1cb55050,0x00000000
0x131d1650,0x4f59501c,0x4f59501c,0x00000000
0x131d1654,0xb54f5050,0xb54f5050,0x00000000
0x131d1658,0x9c80ea51,0x9c80ea51,0x00000000
0x131d165c,0xadad1c50,0xadad1c50,0x00000000
0x131d1660,0x4f505050,0x4f505050,0x00000000
0x131d1664,0x50b5ad1c,0x50b5ad1c,0x00000000
0x131d1668,0x5950504f,0x5950504f,0x00000000
0x131d166c,0x591f5950,0x591f5950,0x00000000
0x131d1670,0x4f5050ad,0x4f5050ad,0x00000000
0x131d1674,0x50c0c0ab,0x50c0c0ab,0x00000000
0x131d1678,0x50adad50,0x50adad50,0x00000000
0x131d167c,0x4fadad59,0x4fadad59,0x00000000
0x131d1680,0x504f5050,0x504f5050,0x00000000
0x131d1684,0x50abc051,0x50abc051,0x00000000
0x131d1688,0xb550c0c0,0xb550c0c0,0x00000000
0x131d168c,0x4f50b5b5,0x4f50b5b5,0x00000000
0x131d1690,0x1c1c1c50,0x1c1c1c50,0x00000000
0x131d1694,0x50b51c1c,0x50b51c1c,0x00000000
0x131d1698,0xc0abc0c0,0xc0abc0c0,0x00000000
0x131d169c,0xc0adb51c,0xc0adb51c,0x00000000
0x131d16a0,0xadad51ab,0xadad51ab,0x00000000
0x131d16a4,0x8788288f,0x8788288f,0x00000000
0x131d16a8,0x1c505059,0x1c505059,0x00000000
0x131d16ac,0x992d938b,0x992d938b,0x00000000
0x131d16b0,0xad1cad4f,0xad1cad4f,0x00000000
0x131d16b4,0x699928a4,0x699928a4,0x00000000
0x131d16b8,0x50501c1c,0x50501c1c,0x00000000
0x131d16bc,0x8fc9abf4,0x8fc9abf4,0x00000000
0x131d16c0,0xdcf4f406,0xdcf4f406,0x00000000
0x131d16c8,0xa4f41000,0xa4f41000,0x00000000
0x131d16d0,0xf4980000,0xf4980000,0x00000000
0x131d16d8,0x13000000,0x13000000,0x00000000
0x131d1e60,0x68eaeaea,0x68eaeaea,0x00000000
0x131d1e64,0xeaad51ea,0xeaad51ea,0x00000000
0x131d1e68,0x0d0d1098,0x0d0d1098,0x00000000
0x131d1e6c,0x13731414,0x13731414,0x00000000
0x131d1e80,0x1c9c9c68,0x1c9c9c68,0x00000000
0x131d1e84,0xf4100000,0xf4100000,0x00000000
0x131d1e88,0x6217195a,0x6217195a,0x00000000
0x131d1e8c,0x08000000,0x08000000,0x00000000
0x131d44bc,0x3f800000,0x3f800000,0x00000000
0x131d44d8,0x3f800000,0x3f800000,0x00000000
0x131d44e8,0x3f800000,0x3f800000,0x00000000
0x131d44f8,0x3f800000,0x3f800000,0x00000000
0x131d44fc,0x3f800000,0x3f800000,0x00000000
0x131d4500,0x3f800000,0x3f800000,0x00000000
0x131d4508,0xffffffff,0xffffffff,0x00000000
0x131d4518,0x805331d8,0x805331d8,0x00000000
0x131d453c,0x4181a64f,0x4181a64f,0x00000000
0x131d4540,0xc6b0e98b,0xc6b0e98b,0x00000000
0x131d4544,0xc597f0fd,0xc597f0fd,0x00000000
0x131d4548,0x40e9fac4,0x40e9fac4,0x00000000
0x131d454c,0x4181a64e,0x4181a64e,0x00000000
0x131d4550,0xc6b0f251,0xc6b0f251,0x00000000
0x131d4554,0xc5981fc9,0xc5981fc9,0x00000000
0x131d4558,0x3f800000,0x3f800000,0x00000000
0x131d455c,0x4181a650,0x4181a650,0x00000000
0x131d4560,0xc6b0e0c5,0xc6b0e0c5,0x00000000
0x131d4564,0xc597c231,0xc597c231,0x00000000
0x131d4568,0x3f800000,0x3f800000,0x00000000
0x131d4570,0x010a0000,0x010a0000,0x00000000
0x131d4574,0x00ffff3f,0x00ffff3f,0x00000000
0x131d457c,0x3e851eb8,0x3e851eb8,0x00000000
0x131d4588,0x3f800000,0x3f800000,0x00000000
0x131d458c,0x3f800000,0x3f800000,0x00000000
0x131d4590,0x3f800000,0x3f800000,0x00000000
0x131d4594,0x3f800000,0x3f800000,0x00000000
0x131d4598,0x00010000,0x00010000,0x00000000
0x131d459c,0x3f800000,0x3f800000,0x00000000
0x131d45a4,0x931d4ec0,0x931d4ec0,0x00000000
0x131d45d0,0x3f800000,0x3f800000,0x00000000
0x131d4604,0x7ffc7ffd,0x7ffc7ffd,0x00000000
0x131d4608,0x80047ffc,0x80047ffc,0x00000000
0x131d460c,0x80037ffc,0x80037ffc,0x00000000
0x131d4610,0x80040000,0x80040000,0x00000000
0x131d4614,0x80048004,0x80048004,0x00000000
0x131d4618,0x205a3a00,0x205a3a00,0x00000000
0x131d4620,0xc10000c1,0xc10000c1,0x00000000
0x131d4628,0x00c10000,0x00c10000,0x00000000
0x131d462c,0x6e742072,0x6e742072,0x00000000
0x131d4630,0x6f6f743a,0x6f6f743a,0x00000000
0x131d4634,0x205a3a00,0x205a3a00,0x00000000
0x131d463c,0x0f000000,0x0f000000,0x00000000
0x131d4640,0x98000500,0x98000500,0x00000000
0x131d4644,0x00010102,0x00010102,0x00000000
0x131d4648,0x020303ff,0x020303ff,0x00000000
0x131d464c,0xff000000,0xff000000,0x00000000
0x131d4660,0x3f800000,0x3f800000,0x00000000
0x131d4664,0x3f800000,0x3f800000,0x00000000
0x131d4668,0x3f800000,0x3f800000,0x00000000
0x131d4678,0x3f800000,0x3f800000,0x00000000
0x131d46a4,0xadadadad,0xadadadad,0x00000000
0x131d46a8,0xadadadad,0xadadadad,0x00000000
0x131d46ac,0xadadadad,0xadadadad,0x00000000
0x131d46b0,0xadadadad,0xadadadad,0x00000000
0x131d46b4,0xadadadad,0xadadadad,0x00000000
0x131d46b8,0xadadadad,0xadadadad,0x00000000
0x131d46bc,0xadadadad,0xadadadad,0x00000000
0x131d46cc,0x931d46c0,0x931d46c0,0x00000000
0x131d46d0,0x807b4900,0x807b4900,0x00000000
0x131d46e0,0x3f800000,0x3f800000,0x00000000
0x131d46f4,0x3f800000,0x3f800000,0x00000000
0x131d4708,0x3f800000,0x3f800000,0x00000000
0x131d471c,0x3f800000,0x3f800000,0x00000000
0x131d4720,0x3f800000,0x3f800000,0x00000000
0x131d4734,0x3f800000,0x3f800000,0x00000000
0x131d4748,0x3f800000,0x3f800000,0x00000000
0x131d4d00,0x0c5fa7c6,0x0c5fa7c6,0x00000000
0x131d4d04,0x807c27c0,0x807c27c0,0x00000000
0x131d4d34,0x807b4900,0x807b4900,0x00000000
0x131d4d50,0x807b4900,0x807b4900,0x00000000
0x131d4d64,0x931d4d70,0x931d4d70,0x00000000
0x131d4d68,0xfeffffff,0xfeffffff,0x00000000
0x131d4d6c,0x584c1378,0x584c1378,0x00000000
0x131d4d78,0x931d57e0,0x931d57e0,0x00000000
0x131d4d7c,0x931d57a0,0x931d57a0,0x00000000
0x131d4d84,0x70d001a9,0x70d001a9,0x00000000
0x131d4d88,0x931d5740,0x931d5740,0x00000000
0x131d4d90,0x38e17fc1,0x38e17fc1,0x00000000
0x131d4d94,0x391c2499,0x391c2499,0x00000000
0x131d4d98,0x2ce5043d,0x2ce5043d,0x00000000
0x131d4da0,0x3fcfc9a0,0x3fcfc9a0,0x00000000
0x131d4da4,0xbefdea20,0xbefdea20,0x00000000
0x131d4da8,0x2fb7f800,0x2fb7f800,0x00000000
0x131d4db0,0x3070308a,0x3070308a,0x00000000
0x131d4db4,0x931d5760,0x931d5760,0x00000000
0x131d4dbc,0x3c800000,0x3c800000,0x00000000
0x131d4dc0,0x3c800000,0x3c800000,0x00000000
0x131d4dc4,0x3c800000,0x3c800000,0x00000000
0x131d4ddc,0x6000001f,0x6000001f,0x00000000
0x131d4de0,0x931d5780,0x931d5780,0x00000000
0x131d4de8,0x3f800000,0x3f800000,0x00000000
0x131d4dec,0x3f800000,0x3f800000,0x00000000
0x131d4df0,0x3f800000,0x3f800000,0x00000000
0x131d4e08,0x3110022d,0x3110022d,0x00000000
0x131d4e0c,0x931d5780,0x931d5780,0x00000000
0x131d4e14,0x3f800000,0x3f800000,0x00000000
0x131d4e18,0x3f800000,0x3f800000,0x00000000
0x131d4e1c,0x3f800000,0x3f800000,0x00000000
0x131d4e34,0x2000001f,0x2000001f,0x00000000
0x131d4e38,0x931d57a0,0x931d57a0,0x00000000
0x131d4e40,0x3f800000,0x3f800000,0x00000000
0x131d4e44,0x3f800000,0x3f800000,0x00000000
0x131d4e48,0x3f800000,0x3f800000,0x00000000
0x131d4e84,0xadadadad,0xadadadad,0x00000000
0x131d4e88,0xadadadad,0xadadadad,0x00000000
0x131d4e8c,0xadadadad,0xadadadad,0x00000000
0x131d4e90,0xadadadad,0xadadadad,0x00000000
0x131d4e94,0xadadadad,0xadadadad,0x00000000
0x131d4e98,0xadadadad,0xadadadad,0x00000000
0x131d4e9c,0xadadadad,0xadadadad,0x00000000
0x131d4eac,0x931d4ea0,0x931d4ea0,0x00000000
0x131d4eb0,0x807b4900,0x807b4900,0x00000000
0x131d4ec4,0x931d4ed0,0x931d4ed0,0x00000000
0x131d4ec8,0xfeffffff,0xfeffffff,0x00000000
0x131d4ecc,0x584c1378,0x584c1378,0x00000000
0x131d4ed8,0x931d4fe0,0x931d4fe0,0x00000000
0x131d4edc,0x931d4640,0x931d4640,0x00000000
0x131d4ee4,0x70d001a9,0x70d001a9,0x00000000
0x131d4ee8,0x931d4600,0x931d4600,0x00000000
0x131d4ef0,0x2e800300,0x2e800300,0x00000000
0x131d4ef4,0x390c634a,0x390c634a,0x00000000
0x131d4ef8,0x393b3464,0x393b3464,0x00000000
0x131d4f00,0x4181a64f,0x4181a64f,0x00000000
0x131d4f04,0xc6b0e98b,0xc6b0e98b,0x00000000
0x131d4f08,0xc597f0fd,0xc597f0fd,0x00000000
0x131d4f10,0x3070308a,0x3070308a,0x00000000
0x131d4f14,0x931d4620,0x931d4620,0x00000000
0x131d4f1c,0x3c800000,0x3c800000,0x00000000
0x131d4f20,0x3c800000,0x3c800000,0x00000000
0x131d4f24,0x3c800000,0x3c800000,0x00000000
0x131d4f3c,0x6000001f,0x6000001f,0x00000000
0x131d4f40,0x931d4640,0x931d4640,0x00000000
0x131d4f48,0x3f800000,0x3f800000,0x00000000
0x131d4f4c,0x3f800000,0x3f800000,0x00000000
0x131d4f50,0x3f800000,0x3f800000,0x00000000
0x131d54b4,0x7ffc7ff6,0x7ffc7ff6,0x00000000
0x131d54b8,0x38323320,0x38323320,0x00000000
0x131d54bc,0x6f6e2032,0x6f6e2032,0x00000000
0x131d54c4,0x00c00000,0x00c00000,0x00000000
0x131d54c8,0xc00000c0,0xc00000c0,0x00000000
0x131d54cc,0x204e696b,0x204e696b,0x00000000
0x131d54d0,0x5f476974,0x5f476974,0x00000000
0x131d54d4,0x74696e73,0x74696e73,0x00000000
0x131d54d8,0x404e696b,0x404e696b,0x00000000
0x131d54dc,0x47697474,0x47697474,0x00000000
0x131d54e0,0x3e24e6e2,0x3e24e6e2,0x00000000
0x131d54e4,0x3f28371d,0x3f28371d,0x00000000
0x131d54e8,0x3f0285f3,0x3f0285f3,0x00000000
0x131d54ec,0x3f283720,0x3f283720,0x00000000
0x131d54f0,0x3f0285fa,0x3f0285fa,0x00000000
0x131d54f4,0x3f7fdf43,0x3f7fdf43,0x00000000
0x131d54f8,0x3e24e7b8,0x3e24e7b8,0x00000000
0x131d54fc,0x3f7fdf28,0x3f7fdf28,0x00000000
0x131d5500,0x98000601,0x98000601,0x00000000
0x131d5504,0x01010101,0x01010101,0x00000000
0x131d5508,0x01000000,0x01000000,0x00000000
0x131d550c,0x02020203,0x02020203,0x00000000
0x131d5510,0x0303ffff,0x0303ffff,0x00000000
0x131d5514,0xff000000,0xff000000,0x00000000
0x131d5544,0xadadadad,0xadadadad,0x00000000
0x131d5548,0xadadadad,0xadadadad,0x00000000
0x131d554c,0xadadadad,0xadadadad,0x00000000
0x131d5550,0xadadadad,0xadadadad,0x00000000
0x131d5554,0xadadadad,0xadadadad,0x00000000
0x131d5558,0xadadadad,0xadadadad,0x00000000
0x131d555c,0xadadadad,0xadadadad,0x00000000
0x131d556c,0x931d5560,0x931d5560,0x00000000
0x131d5570,0x807b4900,0x807b4900,0x00000000
0x131d5580,0x3f800000,0x3f800000,0x00000000
0x131d5594,0x3f800000,0x3f800000,0x00000000
0x131d55a8,0x3f800000,0x3f800000,0x00000000
0x131d55bc,0x3f800000,0x3f800000,0x00000000
0x131d55c0,0x3f800000,0x3f800000,0x00000000
0x131d55d4,0x3f800000,0x3f800000,0x00000000
0x131d55e8,0x3f800000,0x3f800000,0x00000000
0x131d55fc,0x3f800000,0x3f800000,0x00000000
0x131d5608,0x00fff7d7,0x00fff7d7,0x00000000
0x131d5618,0x3f800000,0x3f800000,0x00000000
0x131d5628,0x3f800000,0x3f800000,0x00000000
0x131d5638,0x3f800000,0x3f800000,0x00000000
0x131d563c,0x3f800000,0x3f800000,0x00000000
0x131d5640,0x3f800000,0x3f800000,0x00000000
0x131d5648,0xffffffff,0xffffffff,0x00000000
0x131d5658,0x805331d8,0x805331d8,0x00000000
0x131d567c,0x3fcfc9a0,0x3fcfc9a0,0x00000000
0x131d5680,0xbefdea20,0xbefdea20,0x00000000
0x131d5684,0x2fb7f800,0x2fb7f800,0x00000000
0x131d5688,0x40c0930c,0x40c0930c,0x00000000
0x131d568c,0xbff32b50,0xbff32b50,0x00000000
0x131d5690,0xc0abff92,0xc0abff92,0x00000000
0x131d5694,0xb464a2e2,0xb464a2e2,0x00000000
0x131d5698,0x3f800000,0x3f800000,0x00000000
0x131d569c,0x40a4afa4,0x40a4afa4,0x00000000
0x131d56a0,0x408c424f,0x408c424f,0x00000000
0x131d56a4,0x34655ada,0x34655ada,0x00000000
0x131d56a8,0x3f800000,0x3f800000,0x00000000
0x131d56b0,0x010a0100,0x010a0100,0x00000000
0x131d56b4,0x00ffff60,0x00ffff60,0x00000000
0x131d56bc,0x3e851eb8,0x3e851eb8,0x00000000
0x131d56c8,0x3f800000,0x3f800000,0x00000000
0x131d56cc,0x3f800000,0x3f800000,0x00000000
0x131d56d0,0x3f800000,0x3f800000,0x00000000
0x131d56d4,0x3f800000,0x3f800000,0x00000000
0x131d56d8,0x0001aaaa,0x0001aaaa,0x00000000
0x131d56dc,0x3f800000,0x3f800000,0x00000000
0x131d56e4,0x931d4d60,0x931d4d60,0x00000000
0x131d5710,0x3f800000,0x3f800000,0x00000000
0x131d5740,0x80038004,0x80038004,0x00000000
0x131d5744,0x7ffc7ffd,0x7ffc7ffd,0x00000000
0x131d5748,0x80047ffc,0x80047ffc,0x00000000
0x131d574c,0x7ffd7ffc,0x7ffd7ffc,0x00000000
0x131d5750,0x80048003,0x80048003,0x00000000
0x131d5cb4,0x80048004,0x80048004,0x00000000
0x131d5cb8,0x205a3a00,0x205a3a00,0x00000000
0x131d5cc0,0xc00000c0,0xc00000c0,0x00000000
0x131d5cc8,0x00c00000,0x00c00000,0x00000000
0x131d5ccc,0x6e742072,0x6e742072,0x00000000
0x131d5cd0,0x6f6f743a,0x6f6f743a,0x00000000
0x131d5cd4,0x205a3a00,0x205a3a00,0x00000000
0x131d5cdc,0x0f000000,0x0f000000,0x00000000
0x131d5ce0,0x98000500,0x98000500,0x00000000
0x131d5ce4,0x00010102,0x00010102,0x00000000
0x131d5ce8,0x020303ff,0x020303ff,0x00000000
0x131d5cec,0xff000000,0xff000000,0x00000000
0x131d5d00,0x3f800000,0x3f800000,0x00000000
0x131d5d04,0x3f800000,0x3f800000,0x00000000
0x131d5d08,0x3f800000,0x3f800000,0x00000000
0x131d5d18,0x3f800000,0x3f800000,0x00000000
0x131d5d44,0xadadadad,0xadadadad,0x00000000
0x131d5d48,0xadadadad,0xadadadad,0x00000000
0x131d5d4c,0xadadadad,0xadadadad,0x00000000
0x131d5d50,0xadadadad,0xadadadad,0x00000000
0x131d5d54,0xadadadad,0xadadadad,0x00000000
0x131d5d58,0xadadadad,0xadadadad,0x00000000
0x131d5d5c,0xadadadad,0xadadadad,0x00000000
0x131d5d6c,0x931d5d60,0x931d5d60,0x00000000
0x131d5d70,0x807b4900,0x807b4900,0x00000000
0x131d5d84,0x931d5d90,0x931d5d90,0x00000000
0x131d5d88,0xfeffffff,0xfeffffff,0x00000000
0x131d5d8c,0x584c1378,0x584c1378,0x00000000
0x131d5d98,0x931d5ea0,0x931d5ea0,0x00000000
0x131d5d9c,0x931d5500,0x931d5500,0x00000000
0x131d5da4,0x70d001a9,0x70d001a9,0x00000000
0x131d5da8,0x931d54a0,0x931d54a0,0x00000000
0x131d5db0,0x39769ba8,0x39769ba8,0x00000000
0x131d5db4,0x396c772b,0x396c772b,0x00000000
0x131d5db8,0x2d9056ae,0x2d9056ae,0x00000000
0x131d5dc0,0xc07dc018,0xc07dc018,0x00000000
0x131d5dc4,0xc0e5f406,0xc0e5f406,0x00000000
0x131d5dc8,0x367cc756,0x367cc756,0x00000000
0x131d5dd0,0x3070308a,0x3070308a,0x00000000
0x131d5dd4,0x931d54c0,0x931d54c0,0x00000000
0x131d5ddc,0x3c800000,0x3c800000,0x00000000
0x131d5de0,0x3c800000,0x3c800000,0x00000000
0x131d5de4,0x3c800000,0x3c800000,0x00000000
0x131d5dfc,0x6000001f,0x6000001f,0x00000000
0x131d5e00,0x931d54e0,0x931d54e0,0x00000000
0x131d5e08,0x3f800000,0x3f800000,0x00000000
0x131d5e0c,0x3f800000,0x3f800000,0x00000000
0x131d5e10,0x3f800000,0x3f800000,0x00000000
0x131d5e28,0x3110022d,0x3110022d,0x00000000
0x131d5e2c,0x931d54e0,0x931d54e0,0x00000000
0x131d5e34,0x3f800000,0x3f800000,0x00000000
0x131d5e38,0x3f800000,0x3f800000,0x00000000
0x131d5e3c,0x3f800000,0x3f800000,0x00000000
0x131d5e54,0x2000001f,0x2000001f,0x00000000
0x131d5e58,0x931d5500,0x931d5500,0x00000000
0x131d5e60,0x3f800000,0x3f800000,0x00000000
0x131d5e64,0x3f800000,0x3f800000,0x00000000
0x131d5e68,0x3f800000,0x3f800000,0x00000000
0x131d5e8c,0x931d5e80,0x931d5e80,0x00000000
0x131d5e90,0x807b4900,0x807b4900,0x00000000
0x131d5eac,0x3f800000,0x3f800000,0x00000000
0x131d5eb0,0x3f800000,0x3f800000,0x00000000
0x131d5eb4,0x3f800000,0x3f800000,0x00000000
0x131d5eb8,0x3f800000,0x3f800000,0x00000000
0x131d5ebc,0x3f800000,0x3f800000,0x00000000
0x131d5ec0,0x3f800000,0x3f800000,0x00000000
0x131d5ec4,0x3f800000,0x3f800000,0x00000000
0x131d5ec8,0x3f800000,0x3f800000,0x00000000
0x131d5ecc,0x3f800000,0x3f800000,0x00000000
0x131d5edc,0x3f800000,0x3f800000,0x00000000
0x131d5eec,0x0001a2a0,0x0001a2a0,0x00000000
0x131d5ef0,0x0a000106,0x0a000106,0x00000000
0x131d5ef8,0x3f800000,0x3f800000,0x00000000
0x131d5efc,0x3f800000,0x3f800000,0x00000000
0x131d5f00,0x3f800000,0x3f800000,0x00000000
0x131d5f04,0x3f800000,0x3f800000,0x00000000
0x131d5f08,0x3f800000,0x3f800000,0x00000000
0x131d5f0c,0x3f800000,0x3f800000,0x00000000
0x131d5f10,0x3f800000,0x3f800000,0x00000000
0x131d5f14,0x3f800000,0x3f800000,0x00000000
0x131d5f18,0x022bf5d5,0x022bf5d5,0x00000000
0x131d5f1c,0x72a149c0,0x72a149c0,0x00000000
0x131d5f20,0x022bf5d5,0x022bf5d5,0x00000000
0x131d5f24,0x622149c0,0x622149c0,0x00000000
0x131d5f28,0x0b2fbdf5,0x0b2fbdf5,0x00000000
0x131d5f2c,0x49c13920,0x49c13920,0x00000000
0x131d5f30,0x0a2fadb5,0x0a2fadb5,0x00000000
0x131d5f34,0x62413940,0x62413940,0x00000000
0x131d64b4,0x28402040,0x28402040,0x00000000
0x131d64f8,0xf5ffffaa,0xf5ffffaa,0x00000000
0x131d64fc,0x28602040,0x28602040,0x00000000
0x131d6500,0x555555ea,0x555555ea,0x00000000
0x131d6504,0x28602040,0x28602040,0x00000000
0x131d650c,0x28602040,0x28602040,0x00000000
0x131d6514,0x20402860,0x20402860,0x00000000
0x131d651c,0x28602040,0x28602040,0x00000000
0x131d6520,0x555555aa,0x555555aa,0x00000000
0x131d6524,0x28602040,0x28602040,0x00000000
0x131d6528,0x3f800000,0x3f800000,0x00000000
0x131d6574,0x807b4900,0x807b4900,0x00000000
0x131d6590,0x807b4900,0x807b4900,0x00000000
0x131d65ac,0x931d65c0,0x931d65c0,0x00000000
0x131d65bc,0x804f60d8,0x804f60d8,0x00000000
0x131d65c0,0x6172742f,0x6172742f,0x00000000
0x131d65c4,0x66726f6e,0x66726f6e,0x00000000
0x131d65c8,0x74656e64,0x74656e64,0x00000000
0x131d65cc,0x2f736365,0x2f736365,0x00000000
0x131d65d0,0x6e65732f,0x6e65732f,0x00000000
0x131d65d4,0x6261636b,0x6261636b,0x00000000
0x131d65d8,0x67726f75,0x67726f75,0x00000000
0x131d65dc,0x6e642f30,0x6e642f30,0x00000000
0x131d65e0,0x30355f72,0x30355f72,0x00000000
0x131d65e4,0x69676874,0x69676874,0x00000000
0x131d65e8,0x5f737065,0x5f737065,0x00000000
0x131d65ec,0x616b6572,0x616b6572,0x00000000
0x131d65f0,0x5f736d61,0x5f736d61,0x00000000
0x131d65f4,0x6c6c636f,0x6c6c636f,0x00000000
0x131d65f8,0x6e655f77,0x6e655f77,0x00000000
0x131d65fc,0x69646765,0x69646765,0x00000000
0x131d6600,0x742e6d73,0x742e6d73,0x00000000
0x131d6604,0x62000000,0x62000000,0x00000000
0x131d66c0,0x1a5bec32,0x1a5bec32,0x00000000
0x131d66c4,0x807c27c0,0x807c27c0,0x00000000
0x131d66f4,0x807b4900,0x807b4900,0x00000000
0x131d6710,0x807b4900,0x807b4900,0x00000000
0x131d6720,0x3f800000,0x3f800000,0x00000000
0x131d6734,0x3f800000,0x3f800000,0x00000000
0x131d6748,0x3f800000,0x3f800000,0x00000000
0x131d6cb4,0x392028a0,0x392028a0,0x00000000
0x131d6cf8,0xffffffaa,0xffffffaa,0x00000000
0x131d6cfc,0x392028c0,0x392028c0,0x00000000
0x131d6d00,0xffffffaa,0xffffffaa,0x00000000
0x131d6d04,0x30e04120,0x30e04120,0x00000000
0x131d6d08,0x5555aa00,0x5555aa00,0x00000000
0x131d6d0c,0x412028c0,0x412028c0,0x00000000
0x131d6d14,0x392028c0,0x392028c0,0x00000000
0x131d6d18,0xffffffaa,0xffffffaa,0x00000000
0x131d6d1c,0x390028e0,0x390028e0,0x00000000
0x131d6d20,0xffffffaa,0xffffffaa,0x00000000
0x131d6d24,0x496030e0,0x496030e0,0x00000000
0x131d6d28,0x3f800000,0x3f800000,0x00000000
0x131d6d74,0x807b4900,0x807b4900,0x00000000
0x131d6d90,0x807b4900,0x807b4900,0x00000000
0x131d6dac,0x931d6dc0,0x931d6dc0,0x00000000
0x131d6dbc,0x804f60d8,0x804f60d8,0x00000000
0x131d6dc0,0x786d6c2f,0x786d6c2f,0x00000000
0x131d6dc4,0x66656261,0x66656261,0x00000000
0x131d6dc8,0x636b6772,0x636b6772,0x00000000
0x131d6dcc,0x6f756e64,0x6f756e64,0x00000000
0x131d6dd0,0x30312f66,0x30312f66,0x00000000
0x131d6dd4,0x65626163,0x65626163,0x00000000
0x131d6dd8,0x6b67726f,0x6b67726f,0x00000000
0x131d6ddc,0x756e6430,0x756e6430,0x00000000
0x131d6de0,0x312e776c,0x312e776c,0x00000000
0x131d6de4,0x64000000,0x64000000,0x00000000
0x131d6ec0,0x50c566c9,0x50c566c9,0x00000000
0x131d6ec4,0x807c2640,0x807c2640,0x00000000
0x131d6ef4,0x807b4900,0x807b4900,0x00000000
0x131d6f10,0x807b4900,0x807b4900,0x00000000
0x131d6f20,0x3f800000,0x3f800000,0x00000000
0x131d74b4,0x28401840,0x28401840,0x00000000
0x131d74b8,0xaaaaaaaa,0xaaaaaaaa,0x00000000
0x131d74bc,0x28401840,0x28401840,0x00000000
0x131d74c0,0xaaaaaaaa,0xaaaaaaaa,0x00000000
0x131d74c8,0xaaaaaaaa,0xaaaaaaaa,0x00000000
0x131d74d0,0xaaaaaaaa,0xaaaaaaaa,0x00000000
0x131d74d4,0x28402040,0x28402040,0x00000000
0x131d74d8,0xf5f5d7ff,0xf5f5d7ff,0x00000000
0x131d74dc,0x28401840,0x28401840,0x00000000
0x131d74e0,0xaaaaaaaa,0xaaaaaaaa,0x00000000
0x131d74e4,0x28402040,0x28402040,0x00000000
0x131d74e8,0x7f775755,0x7f775755,0x00000000
0x131d74ec,0x28402040,0x28402040,0x00000000
0x131d74f0,0x7fffdfff,0x7fffdfff,0x00000000
0x131d74f4,0x28401840,0x28401840,0x00000000
0x131d74f8,0xaaaaaaaa,0xaaaaaaaa,0x00000000
0x131d74fc,0x28401840,0x28401840,0x00000000
0x131d7500,0xaaaaaaaa,0xaaaaaaaa,0x00000000
0x131d7504,0x28402040,0x28402040,0x00000000
0x131d7508,0xdf5f5fff,0xdf5f5fff,0x00000000
0x131d750c,0x28402040,0x28402040,0x00000000
0x131d7510,0xf7d77f5f,0xf7d77f5f,0x00000000
0x131d7514,0x28401840,0x28401840,0x00000000
0x131d7518,0xaaaaaaaa,0xaaaaaaaa,0x00000000
0x131d751c,0x28401840,0x28401840,0x00000000
0x131d7520,0xaaaaaaaa,0xaaaaaaaa,0x00000000
0x131d7524,0x28401840,0x28401840,0x00000000
0x131d7528,0xaaaaaaaa,0xaaaaaaaa,0x00000000
0x131d752c,0x28401840,0x28401840,0x00000000
0x131d7530,0xaaaaaaaa,0xaaaaaaaa,0x00000000
0x131d7534,0x28401840,0x28401840,0x00000000
0x131d7538,0xaaaaaaaa,0xaaaaaaaa,0x00000000
0x131d753c,0x28402040,0x28402040,0x00000000
0x131d7540,0x575dfdf5,0x575dfdf5,0x00000000
0x131d7544,0x28402040,0x28402040,0x00000000
0x131d7548,0xf5f5ffff,0xf5f5ffff,0x00000000
0x131d754c,0x28401840,0x28401840,0x00000000
0x131d7550,0xaaaaaaaa,0xaaaaaaaa,0x00000000
0x131d7554,0x28402040,0x28402040,0x00000000
0x131d7558,0x5557757d,0x5557757d,0x00000000
0x131d755c,0x28402040,0x28402040,0x00000000
0x131d7560,0xd557fd5f,0xd557fd5f,0x00000000
0x131d7564,0x28401840,0x28401840,0x00000000
0x131d7568,0xaaaaaaaa,0xaaaaaaaa,0x00000000
0x131d756c,0x28402040,0x28402040,0x00000000
0x131d7570,0x5d57dfd7,0x5d57dfd7,0x00000000
0x131d7574,0x28402040,0x28402040,0x00000000
0x131d7578,0xd5f55f5f,0xd5f55f5f,0x00000000
0x131d757c,0x28402040,0x28402040,0x00000000
0x131d7580,0x55f55557,0x55f55557,0x00000000
0x131d7584,0x28401840,0x28401840,0x00000000
0x131d7588,0xaaaaaaaa,0xaaaaaaaa,0x00000000
0x131d758c,0x28602040,0x28602040,0x00000000
0x131d7590,0x555555ff,0x555555ff,0x00000000
0x131d7594,0x28402040,0x28402040,0x00000000
0x131d7598,0xf557f7d7,0xf557f7d7,0x00000000
0x131d759c,0x20402060,0x20402060,0x00000000
0x131d75a0,0x222a0202,0x222a0202,0x00000000
0x131d75a4,0x28402040,0x28402040,0x00000000
0x131d75a8,0xfd7555df,0xfd7555df,0x00000000
0x131d75ac,0x28402040,0x28402040,0x00000000
0x131d75b0,0x5ff5d7ff,0x5ff5d7ff,0x00000000
0x131d75b4,0x20402060,0x20402060,0x00000000
0x131d75b8,0x0a0280a0,0x0a0280a0,0x00000000
0x131d75bc,0x20402060,0x20402060,0x00000000
0x131d75c0,0xa5292a0a,0xa5292a0a,0x00000000
0x131d75c4,0x28602040,0x28602040,0x00000000
0x131d75c8,0xfd5f57ff,0xfd5f57ff,0x00000000
0x131d75cc,0x20402060,0x20402060,0x00000000
0x131d75d0,0x2a2a26aa,0x2a2a26aa,0x00000000
0x131d75dc,0x20602040,0x20602040,0x00000000
0x131d75f8,0xeaebfaff,0xeaebfaff,0x00000000
0x131d75fc,0x28802060,0x28802060,0x00000000
0x131d7600,0xfd5575ff,0xfd5575ff,0x00000000
0x131d7604,0x28402060,0x28402060,0x00000000
0x131d7608,0xffffffff,0xffffffff,0x00000000
0x131d760c,0x28402060,0x28402060,0x00000000
0x131d7618,0x555f5f77,0x555f5f77,0x00000000
0x131d761c,0x28602060,0x28602060,0x00000000
0x131d7620,0xfdddfdf5,0xfdddfdf5,0x00000000
0x131d7624,0x28602060,0x28602060,0x00000000
0x131d7628,0xd7fff7ff,0xd7fff7ff,0x00000000
0x131d762c,0x28602060,0x28602060,0x00000000
0x131d7630,0xfffdfdeb,0xfffdfdeb,0x00000000
0x131d7634,0x28602060,0x28602060,0x00000000
0x131d7638,0xd7ffffff,0xd7ffffff,0x00000000
0x131d763c,0x20602040,0x20602040,0x00000000
0x131d7640,0x038a8b03,0x038a8b03,0x00000000
0x131d7644,0x28602060,0x28602060,0x00000000
0x131d7648,0xffff5dff,0xffff5dff,0x00000000
0x131d764c,0x28602060,0x28602060,0x00000000
0x131d7650,0xfffff7ff,0xfffff7ff,0x00000000
0x131d7654,0x20602040,0x20602040,0x00000000
0x131d7658,0xa8030083,0xa8030083,0x00000000
0x131d765c,0x20602040,0x20602040,0x00000000
0x131d7660,0xae00eabf,0xae00eabf,0x00000000
0x131d7664,0x28402060,0x28402060,0x00000000
0x131d7668,0xdffdf5ff,0xdffdf5ff,0x00000000
0x131d766c,0x28402060,0x28402060,0x00000000
0x131d7670,0xf77f5dff,0xf77f5dff,0x00000000
0x131d7678,0x931e9a20,0x931e9a20,0x00000000
0x131d767c,0x20802040,0x20802040,0x00000000
0x131d7680,0xffffafbf,0xffffafbf,0x00000000
0x131d7684,0x28402060,0x28402060,0x00000000
0x131d7688,0xd5fff5f7,0xd5fff5f7,0x00000000
0x131d768c,0x28802060,0x28802060,0x00000000
0x131d7690,0x557575ef,0x557575ef,0x00000000
0x131d7694,0x20602040,0x20602040,0x00000000
0x131d7698,0x0f0082ca,0x0f0082ca,0x00000000
0x131d769c,0x20602040,0x20602040,0x00000000
0x131d76a0,0x80208b8a,0x80208b8a,0x00000000
0x131d76a4,0x20602040,0x20602040,0x00000000
0x131d76a8,0xaac0bea0,0xaac0bea0,0x00000000
0x131d76ac,0x28602060,0x28602060,0x00000000
0x131d76b0,0xf7ff7fff,0xf7ff7fff,0x00000000
0x131d76b4,0x20602040,0x20602040,0x00000000
0x131d76b8,0x03a88088,0x03a88088,0x00000000
0x131d76bc,0x28402060,0x28402060,0x00000000
0x131d76c0,0x5f5f7f77,0x5f5f7f77,0x00000000
0x131d76c4,0x28602060,0x28602060,0x00000000
0x131d76c8,0xd7fd75ff,0xd7fd75ff,0x00000000
0x131d76cc,0x28402060,0x28402060,0x00000000
0x131d76d0,0xfd77fff7,0xfd77fff7,0x00000000
0x131d76d4,0x28402060,0x28402060,0x00000000
0x131d76d8,0xf5f7dfff,0xf5f7dfff,0x00000000
0x131d76dc,0x28802060,0x28802060,0x00000000
0x131d76e0,0xff7f5555,0xff7f5555,0x00000000
0x131d76e4,0x28802040,0x28802040,0x00000000
0x131d76e8,0xffffffbe,0xffffffbe,0x00000000
0x131d76ec,0x28602060,0x28602060,0x00000000
0x131d76f0,0xffffffee,0xffffffee,0x00000000
0x131d76f4,0x28601880,0x28601880,0x00000000
0x131d76f8,0xaaaaaaaa,0xaaaaaaaa,0x00000000
0x131d76fc,0x28601880,0x28601880,0x00000000
0x131d7700,0xaaaaaaaa,0xaaaaaaaa,0x00000000
0x131d7704,0x28602060,0x28602060,0x00000000
0x131d7708,0xffffffeb,0xffffffeb,0x00000000
0x131d770c,0x28802060,0x28802060,0x00000000
0x131d7710,0xffffffef,0xffffffef,0x00000000
0x131d7714,0x28801840,0x28801840,0x00000000
0x131d7718,0xaaaaaaaa,0xaaaaaaaa,0x00000000
0x131d771c,0x28601880,0x28601880,0x00000000
0x131d7720,0xaaaaaaaa,0xaaaaaaaa,0x00000000
0x131d7724,0x28802060,0x28802060,0x00000000
0x131d7728,0xffffffaa,0xffffffaa,0x00000000
0x131d772c,0x28802060,0x28802060,0x00000000
0x131d7730,0xffffffba,0xffffffba,0x00000000
0x131d7734,0x28802060,0x28802060,0x00000000
0x131d7738,0xfefffdfd,0xfefffdfd,0x00000000
0x131d773c,0x28802060,0x28802060,0x00000000
0x131d7740,0xabfbdfdf,0xabfbdfdf,0x00000000
0x131d7744,0x28802060,0x28802060,0x00000000
0x131d7748,0xfffffffa,0xfffffffa,0x00000000
0x131d774c,0x28802060,0x28802060,0x00000000
0x131d7750,0xd7ffffef,0xd7ffffef,0x00000000
0x131d7cc4,0x30e028c0,0x30e028c0,0x00000000
0x131d7ccc,0x30e028c0,0x30e028c0,0x00000000
0x131d7cd4,0x30e028a0,0x30e028a0,0x00000000
0x131d7cd8,0xaafaeffa,0xaafaeffa,0x00000000
0x131d7ce0,0xabbfbfaf,0xabbfbfaf,0x00000000
0x131d7cf4,0x30e028c0,0x30e028c0,0x00000000
0x131d7cf8,0xaaaaaaa8,0xaaaaaaa8,0x00000000
0x131d7cfc,0x30e028c0,0x30e028c0,0x00000000
0x131d7d00,0xaaaaaaaa,0xaaaaaaaa,0x00000000
0x131d7d04,0x30e028c0,0x30e028c0,0x00000000
0x131d7d08,0xaabafeaa,0xaabafeaa,0x00000000
0x131d7d0c,0x30e028c0,0x30e028c0,0x00000000
0x131d7d10,0xaaaabaa8,0xaaaabaa8,0x00000000
0x131d7d14,0x30c028e0,0x30c028e0,0x00000000
0x131d7d18,0xffffffff,0xffffffff,0x00000000
0x131d7d1c,0x310028c0,0x310028c0,0x00000000
0x131d7d20,0xbfeebea8,0xbfeebea8,0x00000000
0x131d7d24,0x390028c0,0x390028c0,0x00000000
0x131d7d28,0xfffffffe,0xfffffffe,0x00000000
0x131d7d2c,0x392030e0,0x392030e0,0x00000000
0x131d7d30,0x5e587880,0x5e587880,0x00000000
0x131d7d34,0x414030e0,0x414030e0,0x00000000
0x131d7d38,0x5e78e0a0,0x5e78e0a0,0x00000000
0x131d7d3c,0x41403920,0x41403920,0x00000000
0x131d7d40,0x82ae0000,0x82ae0000,0x00000000
0x131d7d44,0x41403900,0x41403900,0x00000000
0x131d7d48,0xf8fffbff,0xf8fffbff,0x00000000
0x131d7d4c,0x41403900,0x41403900,0x00000000
0x131d7d50,0x00eaffea,0x00eaffea,0x00000000
0x131d7d54,0x41404120,0x41404120,0x00000000
0x131d7d58,0xa8a0aa2a,0xa8a0aa2a,0x00000000
0x131d7d5c,0x41404120,0x41404120,0x00000000
0x131d7d60,0xe82aa8b0,0xe82aa8b0,0x00000000
0x131d7d64,0x41403900,0x41403900,0x00000000
0x131d7d6c,0x59a04140,0x59a04140,0x00000000
0x131d7d70,0x5f7a7878,0x5f7a7878,0x00000000
0x131d7d74,0x59a04140,0x59a04140,0x00000000
0x131d7d78,0x7878f8a0,0x7878f8a0,0x00000000
0x131d7d7c,0x722059c0,0x722059c0,0x00000000
0x131d7d80,0x7a78f8e8,0x7a78f8e8,0x00000000
0x131d7d84,0x722059a0,0x722059a0,0x00000000
0x131d7d88,0x5f7ef8e8,0x5f7ef8e8,0x00000000
0x131d7d8c,0xf4817220,0xf4817220,0x00000000
0x131d7d90,0x55575c70,0x55575c70,0x00000000
0x131d7d94,0xfcc07a40,0xfcc07a40,0x00000000
0x131d7d98,0x575c7060,0x575c7060,0x00000000
0x131d7d9c,0xfd41d340,0xfd41d340,0x00000000
0x131d7da0,0x80020935,0x80020935,0x00000000
0x131d7da4,0xfd21cb00,0xfd21cb00,0x00000000
0x131d7da8,0x6083090d,0x6083090d,0x00000000
0x131d7dac,0xe440cae0,0xe440cae0,0x00000000
0x131d7db0,0x965e78e0,0x965e78e0,0x00000000
0x131d7db4,0xf4c0d380,0xf4c0d380,0x00000000
0x131d7db8,0x3e5e78e8,0x3e5e78e8,0x00000000
0x131d7dbc,0xfd82f4a0,0xfd82f4a0,0x00000000
0x131d7dc0,0x7868e0e0,0x7868e0e0,0x00000000
0x131d7dc4,0xfd21e420,0xfd21e420,0x00000000
0x131d7dc8,0x7878e080,0x7878e080,0x00000000
0x131d7dcc,0xfe68fd62,0xfe68fd62,0x00000000
0x131d7dd0,0x5f5e5cf8,0x5f5e5cf8,0x00000000
0x131d7dd4,0xfea9fda3,0xfea9fda3,0x00000000
0x131d7dd8,0x5e5878e0,0x5e5878e0,0x00000000
0x131d7ddc,0xfeeefe89,0xfeeefe89,0x00000000
0x131d7de0,0x7ae8e8a0,0x7ae8e8a0,0x00000000
0x131d7de4,0xfeccfe26,0xfeccfe26,0x00000000
0x131d7de8,0x78e0a080,0x78e0a080,0x00000000
0x131d7dec,0xff10fecd,0xff10fecd,0x00000000
0x131d7df0,0x5e7efaf8,0x5e7efaf8,0x00000000
0x131d7df4,0xff10feee,0xff10feee,0x00000000
0x131d7df8,0x7efae8e0,0x7efae8e0,0x00000000
0x131d7dfc,0xff32ff11,0xff32ff11,0x00000000
0x131d7e00,0x7a7afefe,0x7a7afefe,0x00000000
0x131d7e04,0xff11feef,0xff11feef,0x00000000
0x131d7e08,0xe0e08000,0xe0e08000,0x00000000
0x131d7e0c,0xff53ff11,0xff53ff11,0x00000000
0x131d7e14,0xff33ff54,0xff33ff54,0x00000000
0x131d7e18,0x2a0a0202,0x2a0a0202,0x00000000
0x131d7e1c,0xff75ff54,0xff75ff54,0x00000000
0x131d7e20,0x7a7a7f5f,0x7a7a7f5f,0x00000000
0x131d7e24,0xff54ff33,0xff54ff33,0x00000000
0x131d7e28,0xfedcf080,0xfedcf080,0x00000000
0x131d7e38,0xa9aaaa00,0xa9aaaa00,0x00000000
0x131d7e3c,0xff75ff33,0xff75ff33,0x00000000
0x131d7e44,0xff54ff33,0xff54ff33,0x00000000
0x131d7e4c,0xff54ff10,0xff54ff10,0x00000000
0x131d7e50,0x0a2badbd,0x0a2badbd,0x00000000
0x131d7e54,0xff54ff10,0xff54ff10,0x00000000
0x131d7e58,0x020a2bbf,0x020a2bbf,0x00000000
0x131d7e64,0xff31feed,0xff31feed,0x00000000
0x131d7e7c,0xfeebfea8,0xfeebfea8,0x00000000
0x131d7eb0,0x807b4900,0x807b4900,0x00000000
0x131d7ec8,0x0b2fadb5,0x0b2fadb5,0x00000000
0x131d7f24,0x931d6f20,0x931d6f20,0x00000000
0x131d7f2c,0x931d7f40,0x931d7f40,0x00000000
0x131d7f3c,0x804f6088,0x804f6088,0x00000000
0x131d7f40,0x6c656674,0x6c656674,0x00000000
0x131d7f44,0x5f737065,0x5f737065,0x00000000
0x131d7f48,0x616b6572,0x616b6572,0x00000000
0x131d84b8,0x636f7200,0x636f7200,0x00000000
0x131d84ec,0x931d8500,0x931d8500,0x00000000
0x131d8540,0x931e6760,0x931e6760,0x00000000
0x131d8544,0x931e6220,0x931e6220,0x00000000
0x131d8548,0x931d855c,0x931d855c,0x00000000
0x131d8558,0x804f6088,0x804f6088,0x00000000
0x131d855c,0x3030355f,0x3030355f,0x00000000
0x131d8560,0x72696768,0x72696768,0x00000000
0x131d8564,0x745f7370,0x745f7370,0x00000000
0x131d8568,0x65616b65,0x65616b65,0x00000000
0x131d856c,0x725f736d,0x725f736d,0x00000000
0x131d85b4,0x804f6088,0x804f6088,0x00000000
0x131d85b8,0x6d696464,0x6d696464,0x00000000
0x131d85bc,0x6c655f64,0x6c655f64,0x00000000
0x131d85c0,0x65636f72,0x65636f72,0x00000000
0x131d85f8,0x931e6ae0,0x931e6ae0,0x00000000
0x131d85fc,0x931d6f20,0x931d6f20,0x00000000
0x131d8600,0x931d8614,0x931d8614,0x00000000
0x131d8610,0x804f6088,0x804f6088,0x00000000
0x131d8614,0x3030315f,0x3030315f,0x00000000
0x131d8618,0x6d696464,0x6d696464,0x00000000
0x131d861c,0x6c655f64,0x6c655f64,0x00000000
0x131d8620,0x65636f72,0x65636f72,0x00000000
0x131d8654,0x931e6ca0,0x931e6ca0,0x00000000
0x131d8658,0x931e6ae0,0x931e6ae0,0x00000000
0x131d865c,0x931d8670,0x931d8670,0x00000000
0x131d866c,0x804f6088,0x804f6088,0x00000000
0x131d8670,0x3030325f,0x3030325f,0x00000000
0x131d8674,0x6d696464,0x6d696464,0x00000000
0x131d8678,0x6c655f64,0x6c655f64,0x00000000
0x131d867c,0x65636f72,0x65636f72,0x00000000
0x131d86b0,0x931e6e60,0x931e6e60,0x00000000
0x131d86b4,0x931e6ae0,0x931e6ae0,0x00000000
0x131d86b8,0x931d86cc,0x931d86cc,0x00000000
0x131d86c8,0x804f6088,0x804f6088,0x00000000
0x131d86cc,0x3030335f,0x3030335f,0x00000000
0x131d86d0,0x6d696464,0x6d696464,0x00000000
0x131d86d4,0x6c655f64,0x6c655f64,0x00000000
0x131d86d8,0x65636f72,0x65636f72,0x00000000
0x131d870c,0x931e7020,0x931e7020,0x00000000
0x131d8710,0x931e6ae0,0x931e6ae0,0x00000000
0x131d8714,0x931d8728,0x931d8728,0x00000000
0x131d8724,0x804f6088,0x804f6088,0x00000000
0x131d8728,0x3030345f,0x3030345f,0x00000000
0x131d872c,0x6d696464,0x6d696464,0x00000000
0x131d8730,0x6c655f64,0x6c655f64,0x00000000
0x131d8734,0x65636f72,0x65636f72,0x00000000
0x131d8ccc,0x931e8c20,0x931e8c20,0x00000000
0x131d8cd0,0x931e8a60,0x931e8a60,0x00000000
0x131d8cd4,0x931d8ce8,0x931d8ce8,0x00000000
0x131d8ce4,0x804f6088,0x804f6088,0x00000000
0x131d8ce8,0x3030375f,0x3030375f,0x00000000
0x131d8cec,0x6c656674,0x6c656674,0x00000000
0x131d8cf0,0x5f737065,0x5f737065,0x00000000
0x131d8cf8,0x5f736d61,0x5f736d61,0x00000000
0x131d8d00,0x73650000,0x73650000,0x00000000
0x131d8d28,0x931e8de0,0x931e8de0,0x00000000
0x131d8d2c,0x931e5420,0x931e5420,0x00000000
0x131d8d30,0x931d8d44,0x931d8d44,0x00000000
0x131d8d4c,0x5f737065,0x5f737065,0x00000000
0x131d8d54,0x5f736d61,0x5f736d61,0x00000000
0x131d8d58,0x6c6c636f,0x6c6c636f,0x00000000
0x131d8d5c,0x6e655f77,0x6e655f77,0x00000000
0x131d8d60,0x69646765,0x69646765,0x00000000
0x131d8d64,0x745f6d61,0x745f6d61,0x00000000
0x131d8d68,0x726b6572,0x726b6572,0x00000000
0x131d8d84,0x931e8fa0,0x931e8fa0,0x00000000
0x131d8d88,0x931e8de0,0x931e8de0,0x00000000
0x131d8d8c,0x931d8da0,0x931d8da0,0x00000000
0x131d8d9c,0x804f6088,0x804f6088,0x00000000
0x131d8da0,0x3030385f,0x3030385f,0x00000000
0x131d8da4,0x6c656674,0x6c656674,0x00000000
0x131d8da8,0x5f737065,0x5f737065,0x00000000
0x131d8dac,0x616b6572,0x616b6572,0x00000000
0x131d8db0,0x5f736d61,0x5f736d61,0x00000000
0x131d8db4,0x6c6c636f,0x6c6c636f,0x00000000
0x131d8db8,0x6e655f77,0x6e655f77,0x00000000
0x131d8dbc,0x69646765,0x69646765,0x00000000
0x131d8dc0,0x74000000,0x74000000,0x00000000
0x131d8de0,0x931e9160,0x931e9160,0x00000000
0x131d8de4,0x931e8fa0,0x931e8fa0,0x00000000
0x131d8de8,0x931d8dfc,0x931d8dfc,0x00000000
0x131d8df8,0x804f6088,0x804f6088,0x00000000
0x131d8dfc,0x3030315f,0x3030315f,0x00000000
0x131d8e00,0x72696768,0x72696768,0x00000000
0x131d8e04,0x745f7370,0x745f7370,0x00000000
0x131d8e08,0x65616b65,0x65616b65,0x00000000
0x131d8e0c,0x725f6261,0x725f6261,0x00000000
0x131d8e10,0x73650000,0x73650000,0x00000000
0x131d8e3c,0x931e9320,0x931e9320,0x00000000
0x131d8e40,0x931e63e0,0x931e63e0,0x00000000
0x131d8e44,0x931d8e58,0x931d8e58,0x00000000
0x131d8e54,0x804f6088,0x804f6088,0x00000000
0x131d8e58,0x3030325f,0x3030325f,0x00000000
0x131d8e5c,0x72696768,0x72696768,0x00000000
0x131d8e60,0x745f7370,0x745f7370,0x00000000
0x131d8e64,0x65616b65,0x65616b65,0x00000000
0x131d8e68,0x725f636f,0x725f636f,0x00000000
0x131d8e6c,0x6e655f77,0x6e655f77,0x00000000
0x131d8e70,0x69646765,0x69646765,0x00000000
0x131d8e74,0x745f6d61,0x745f6d61,0x00000000
0x131d8e78,0x726b6572,0x726b6572,0x00000000
0x131d8e98,0x931e94e0,0x931e94e0,0x00000000
0x131d8e9c,0x931e9320,0x931e9320,0x00000000
0x131d8ea0,0x931d8eb4,0x931d8eb4,0x00000000
0x131d8eb0,0x804f6088,0x804f6088,0x00000000
0x131d8eb4,0x3030325f,0x3030325f,0x00000000
0x131d8eb8,0x72696768,0x72696768,0x00000000
0x131d8ebc,0x745f7370,0x745f7370,0x00000000
0x131d8ec0,0x65616b65,0x65616b65,0x00000000
0x131d8ec4,0x725f636f,0x725f636f,0x00000000
0x131d8ec8,0x6e655f77,0x6e655f77,0x00000000
0x131d8ecc,0x69646765,0x69646765,0x00000000
0x131d8ed0,0x74000000,0x74000000,0x00000000
0x131d8ef4,0x931e96a0,0x931e96a0,0x00000000
0x131d8ef8,0x931e94e0,0x931e94e0,0x00000000
0x131d8efc,0x931d8f10,0x931d8f10,0x00000000
0x131d8f0c,0x804f6088,0x804f6088,0x00000000
0x131d8f10,0x3030355f,0x3030355f,0x00000000
0x131d8f14,0x72696768,0x72696768,0x00000000
0x131d8f18,0x745f7370,0x745f7370,0x00000000
0x131d8f1c,0x65616b65,0x65616b65,0x00000000
0x131d8f20,0x725f736d,0x725f736d,0x00000000
0x131d8f24,0x616c6c63,0x616c6c63,0x00000000
0x131d8f28,0x6f6e655f,0x6f6e655f,0x00000000
0x131d8f2c,0x77696467,0x77696467,0x00000000
0x131d8f30,0x65740000,0x65740000,0x00000000
0x131d8f50,0x931e9860,0x931e9860,0x00000000
0x131d94b4,0x20402020,0x20402020,0x00000000
0x131d94b8,0x00a0a8a8,0x00a0a8a8,0x00000000
0x131d94bc,0x931d94d0,0x931d94d0,0x00000000
0x131d94cc,0x804f6088,0x804f6088,0x00000000
0x131d94d0,0x00aaaa7f,0x00aaaa7f,0x00000000
0x131d94d4,0x20402041,0x20402041,0x00000000
0x131d94dc,0x18602040,0x18602040,0x00000000
0x131d94e0,0x55555555,0x55555555,0x00000000
0x131d94e4,0x30602040,0x30602040,0x00000000
0x131d94e8,0xffaaaafd,0xffaaaafd,0x00000000
0x131d94ec,0x30602040,0x30602040,0x00000000
0x131d94f0,0xffa8aaff,0xffa8aaff,0x00000000
0x131d94f4,0x20402020,0x20402020,0x00000000
0x131d94fc,0x20402020,0x20402020,0x00000000
0x131d9504,0x30602040,0x30602040,0x00000000
0x131d9508,0xff2aaaff,0xff2aaaff,0x00000000
0x131d950c,0x30602040,0x30602040,0x00000000
0x131d9510,0xffaaaaff,0xffaaaaff,0x00000000
0x131d9514,0x20402020,0x20402020,0x00000000
0x131d9518,0x931d952c,0x931d952c,0x00000000
0x131d9528,0x804f6088,0x804f6088,0x00000000
0x131d9530,0xffaaaaff,0xffaaaaff,0x00000000
0x131d9534,0x20402020,0x20402020,0x00000000
0x131d9538,0x00802008,0x00802008,0x00000000
0x131d953c,0x28402040,0x28402040,0x00000000
0x131d9540,0x55d5d755,0x55d5d755,0x00000000
0x131d9544,0x30602040,0x30602040,0x00000000
0x131d9548,0xffaaaaff,0xffaaaaff,0x00000000
0x131d954c,0x30602040,0x30602040,0x00000000
0x131d9550,0xffa0a8ff,0xffa0a8ff,0x00000000
0x131d955c,0x28402040,0x28402040,0x00000000
0x131d9564,0x30602040,0x30602040,0x00000000
0x131d9568,0xff02a8ff,0xff02a8ff,0x00000000
0x131d956c,0x30602040,0x30602040,0x00000000
0x131d9570,0xff0082ff,0xff0082ff,0x00000000
0x131d9574,0x931d9588,0x931d9588,0x00000000
0x131d9594,0x28402040,0x28402040,0x00000000
0x131d9598,0x55555755,0x55555755,0x00000000
0x131d959c,0x28402040,0x28402040,0x00000000
0x131d95a0,0x5d5d7d5f,0x5d5d7d5f,0x00000000
0x131d95a4,0x30602040,0x30602040,0x00000000
0x131d95a8,0xff0028ff,0xff0028ff,0x00000000
0x131d95b0,0xff0000ff,0xff0000ff,0x00000000
0x131d95b4,0x28401840,0x28401840,0x00000000
0x131d95b8,0xaaaaaaaa,0xaaaaaaaa,0x00000000
0x131d95bc,0x28402040,0x28402040,0x00000000
0x131d95c0,0xf57575f7,0xf57575f7,0x00000000
0x131d95c4,0x30602040,0x30602040,0x00000000
0x131d95c8,0xaf0000ff,0xaf0000ff,0x00000000
0x131d95cc,0x30602040,0x30602040,0x00000000
0x131d95d0,0x931d95e4,0x931d95e4,0x00000000
0x131d95e0,0x804f6088,0x804f6088,0x00000000
0x131d95e4,0x00602040,0x00602040,0x00000000
0x131d95e8,0xea0000ff,0xea0000ff,0x00000000
0x131d95ec,0x30602040,0x30602040,0x00000000
0x131d95f0,0xaa0000ff,0xaa0000ff,0x00000000
0x131d95f4,0x20602040,0x20602040,0x00000000
0x131d95f8,0xfd7f5f55,0xfd7f5f55,0x00000000
0x131d95fc,0x28601820,0x28601820,0x00000000
0x131d9600,0xaaaaaaaa,0xaaaaaaaa,0x00000000
0x131d9604,0x38802040,0x38802040,0x00000000
0x131d9608,0xffaaaaff,0xffaaaaff,0x00000000
0x131d960c,0x30602860,0x30602860,0x00000000
0x131d9610,0x55000055,0x55000055,0x00000000
0x131d9614,0x20402060,0x20402060,0x00000000
0x131d9618,0xaa268a28,0xaa268a28,0x00000000
0x131d961c,0x20402060,0x20402060,0x00000000
0x131d9620,0x96aaaa9a,0x96aaaa9a,0x00000000
0x131d9624,0x38802040,0x38802040,0x00000000
0x131d9628,0xffaaaaff,0xffaaaaff,0x00000000
0x131d962c,0x931d9640,0x931d9640,0x00000000
0x131d963c,0x804f6088,0x804f6088,0x00000000
0x131d9640,0x00a9a99a,0x00a9a99a,0x00000000
0x131d9644,0x28603880,0x28603880,0x00000000
0x131d9648,0x00aaaa00,0x00aaaa00,0x00000000
0x131d964c,0x38802060,0x38802060,0x00000000
0x131d9650,0xffaaaaff,0xffaaaaff,0x00000000
0x131d9654,0x20802060,0x20802060,0x00000000
0x131d9658,0xfd757775,0xfd757775,0x00000000
0x131d965c,0x28802060,0x28802060,0x00000000
0x131d9660,0x555fd5f5,0x555fd5f5,0x00000000
0x131d9664,0x38802060,0x38802060,0x00000000
0x131d9668,0xffa2aaff,0xffa2aaff,0x00000000
0x131d966c,0x30802860,0x30802860,0x00000000
0x131d9670,0xdf000055,0xdf000055,0x00000000
0x131d9674,0x20602040,0x20602040,0x00000000
0x131d967c,0x20602040,0x20602040,0x00000000
0x131d9680,0x8008aeaa,0x8008aeaa,0x00000000
0x131d9684,0x38802060,0x38802060,0x00000000
0x131d9688,0x931d969c,0x931d969c,0x00000000
0x131d9698,0x804f6088,0x804f6088,0x00000000
0x131d969c,0x00802060,0x00802060,0x00000000
0x131d96a0,0x5dd55fff,0x5dd55fff,0x00000000
0x131d96a4,0x38802060,0x38802060,0x00000000
0x131d96a8,0xffaaaaff,0xffaaaaff,0x00000000
0x131d96ac,0x30801840,0x30801840,0x00000000
0x131d96b0,0xaa0000aa,0xaa0000aa,0x00000000
0x131d96b4,0x28602060,0x28602060,0x00000000
0x131d96b8,0xf5df5fff,0xf5df5fff,0x00000000
0x131d96bc,0x20602040,0x20602040,0x00000000
0x131d96c0,0x2b288b08,0x2b288b08,0x00000000
0x131d96c4,0x38802060,0x38802060,0x00000000
0x131d96c8,0xffaaaaff,0xffaaaaff,0x00000000
0x131d96cc,0x30802860,0x30802860,0x00000000
0x131d96d0,0xdf000055,0xdf000055,0x00000000
0x131d96d4,0x20602040,0x20602040,0x00000000
0x131d96d8,0xeaa38ba0,0xeaa38ba0,0x00000000
0x131d96dc,0x20602040,0x20602040,0x00000000
0x131d96e0,0xe0cac000,0xe0cac000,0x00000000
0x131d96e4,0x931d96f8,0x931d96f8,0x00000000
0x131d96f4,0x804f6088,0x804f6088,0x00000000
0x131d96f8,0x00e20002,0x00e20002,0x00000000
0x131d96fc,0x20602040,0x20602040,0x00000000
0x131d9700,0xa08faca2,0xa08faca2,0x00000000
0x131d9704,0x30802060,0x30802060,0x00000000
0x131d9714,0x28402060,0x28402060,0x00000000
0x131d9718,0xffdff7f5,0xffdff7f5,0x00000000
0x131d9720,0xfffffd7f,0xfffffd7f,0x00000000
0x131d9724,0x30802060,0x30802060,0x00000000
0x131d9728,0xaa0000fe,0xaa0000fe,0x00000000
0x131d972c,0x38a02860,0x38a02860,0x00000000
0x131d9738,0xf5f5fd57,0xf5f5fd57,0x00000000
0x131dbcb4,0x002028c0,0x002028c0,0x00000000
0x131dbcc0,0x55ffaaaa,0x55ffaaaa,0x00000000
0x131dbcc4,0x30c028c0,0x30c028c0,0x00000000
0x131dbcc8,0x00dffffe,0x00dffffe,0x00000000
0x131dbcd4,0x494028c0,0x494028c0,0x00000000
0x131dbcd8,0x55ffaaaa,0x55ffaaaa,0x00000000
0x131dbcdc,0x494028c0,0x494028c0,0x00000000
0x131dbce8,0x5f5efa80,0x5f5efa80,0x00000000
0x131dbcec,0x59804120,0x59804120,0x00000000
0x131dbcf0,0x5e5ee880,0x5e5ee880,0x00000000
0x131dbcfc,0x931dbd10,0x931dbd10,0x00000000
0x131dbd10,0x005ffaa0,0x005ffaa0,0x00000000
0x131dbd14,0x9a4059c0,0x9a4059c0,0x00000000
0x131dbd18,0x577ee880,0x577ee880,0x00000000
0x131dbd24,0xc2808a00,0xc2808a00,0x00000000
0x131dbd28,0x5f7ee880,0x5f7ee880,0x00000000
0x131dbd2c,0xeb80ba60,0xeb80ba60,0x00000000
0x131dbd38,0x5f7ee8a0,0x5f7ee8a0,0x00000000
0x131dbd3c,0xfca1db00,0xfca1db00,0x00000000
0x131dbd40,0x5ffaa080,0x5ffaa080,0x00000000
0x131dbd58,0x931dbd6c,0x931dbd6c,0x00000000
0x131dbd68,0x804f6088,0x804f6088,0x00000000
0x131dbd6c,0x00acfe49,0x00acfe49,0x00000000
0x131dbd70,0x57575e78,0x57575e78,0x00000000
0x131dbd74,0xfeadfe48,0xfeadfe48,0x00000000
0x131dc4b4,0x20402020,0x20402020,0x00000000
0x131dc4b8,0xaaaaaaaa,0xaaaaaaaa,0x00000000
0x131dc4c0,0xaaaaaaaa,0xaaaaaaaa,0x00000000
0x131dc4c4,0x30402040,0x30402040,0x00000000
0x131dc4c8,0x55ffaa00,0x55ffaa00,0x00000000
0x131dc4cc,0x30402040,0x30402040,0x00000000
0x131dc4d0,0x55f7aa00,0x55f7aa00,0x00000000
0x131dc4d8,0xaaaaaaaa,0xaaaaaaaa,0x00000000
0x131dc4dc,0x20402020,0x20402020,0x00000000
0x131dc4e0,0xaaaaaaaa,0xaaaaaaaa,0x00000000
0x131dc4f4,0x804f6088,0x804f6088,0x00000000
0x131dc4f8,0x00aaaaaa,0x00aaaaaa,0x00000000
0x131dc500,0xaaaaaaaa,0xaaaaaaaa,0x00000000
0x131dc504,0x30402040,0x30402040,0x00000000
0x131dc508,0x55ff0000,0x55ff0000,0x00000000
0x131dc510,0x55ff0000,0x55ff0000,0x00000000
0x131dc514,0x20402020,0x20402020,0x00000000
0x131dc518,0xaaaaaaaa,0xaaaaaaaa,0x00000000
0x131dc51c,0x20402020,0x20402020,0x00000000
0x131dc520,0xa8aaaaaa,0xa8aaaaaa,0x00000000
0x131dc528,0x55ff0000,0x55ff0000,0x00000000
0x131dc52c,0x30402040,0x30402040,0x00000000
0x131dc530,0x55ff0000,0x55ff0000,0x00000000
0x131dc53c,0x20402020,0x20402020,0x00000000
0x131dc540,0x931dc554,0x931dc554,0x00000000
0x131dc550,0x804f6088,0x804f6088,0x00000000
0x131dc554,0x00401820,0x00401820,0x00000000
0x131dc558,0x0a080808,0x0a080808,0x00000000
0x131dc560,0x00800002,0x00800002,0x00000000
0x131dc564,0x30402040,0x30402040,0x00000000
0x131dc568,0x55ff0000,0x55ff0000,0x00000000
0x131dc56c,0x30402040,0x30402040,0x00000000
0x131dc570,0x55ff0000,0x55ff0000,0x00000000
0x131dc578,0x000a0080,0x000a0080,0x00000000
0x131dc57c,0x20402020,0x20402020,0x00000000
0x131dc580,0x0008002a,0x0008002a,0x00000000
0x131dc588,0x55ff0000,0x55ff0000,0x00000000
0x131dc58c,0x30402040,0x30402040,0x00000000
0x131dc590,0x55ff0000,0x55ff0000,0x00000000
0x131dc594,0x20402020,0x20402020,0x00000000
0x131dc598,0x0080022a,0x0080022a,0x00000000
0x131dc5b0,0x00f7aaaa,0x00f7aaaa,0x00000000
0x131dc5b4,0x28401840,0x28401840,0x00000000
0x131dc5b8,0xaaaaaaaa,0xaaaaaaaa,0x00000000
0x131dc5bc,0x28401840,0x28401840,0x00000000
0x131dc5c0,0xaaaaaaaa,0xaaaaaaaa,0x00000000
0x131dc5c8,0x55ddaaaa,0x55ddaaaa,0x00000000
0x131dc5cc,0x38602040,0x38602040,0x00000000
0x131dc5d0,0x557faaaa,0x557faaaa,0x00000000
0x131dc5d8,0xaaaaaaaa,0xaaaaaaaa,0x00000000
0x131dc5dc,0x28402040,0x28402040,0x00000000
0x131dc5e0,0x55f5f5f5,0x55f5f5f5,0x00000000
0x131dc5e4,0x30602040,0x30602040,0x00000000
0x131dc5e8,0x55ff0000,0x55ff0000,0x00000000
0x131dc5f0,0x55ff0000,0x55ff0000,0x00000000
0x131dc5f4,0x28402040,0x28402040,0x00000000
0x131dc5f8,0x931dc60c,0x931dc60c,0x00000000
0x131dc608,0x804f6088,0x804f6088,0x00000000
0x131dc60c,0x00602040,0x00602040,0x00000000
0x131dc610,0x55ff0000,0x55ff0000,0x00000000
0x131dc618,0xaaaaaaaa,0xaaaaaaaa,0x00000000
0x131dc61c,0x28402040,0x28402040,0x00000000
0x131dc620,0x5f757555,0x5f757555,0x00000000
0x131dc628,0x55ff0000,0x55ff0000,0x00000000
0x131dc62c,0x30602040,0x30602040,0x00000000
0x131dc630,0x55ff0000,0x55ff0000,0x00000000
0x131dc634,0x28401840,0x28401840,0x00000000
0x131dc638,0xaaaaaaaa,0xaaaaaaaa,0x00000000
0x131dc640,0xaaaaaaaa,0xaaaaaaaa,0x00000000
0x131dc644,0x38802040,0x38802040,0x00000000
0x131dc648,0x55ffaaaa,0x55ffaaaa,0x00000000
0x131dc650,0x55ff0000,0x55ff0000,0x00000000
0x131dc654,0x931dc668,0x931dc668,0x00000000
0x131dc668,0x00ffaaaa,0x00ffaaaa,0x00000000
0x131dc66c,0x38802040,0x38802040,0x00000000
0x131dc670,0x55ffaaaa,0x55ffaaaa,0x00000000
0x131dc678,0xaa220800,0xaa220800,0x00000000
0x131dc67c,0x20602040,0x20602040,0x00000000
0x131dc680,0x7ffffdf5,0x7ffffdf5,0x00000000
0x131dc684,0x38802040,0x38802040,0x00000000
0x131dc688,0x55ffaaaa,0x55ffaaaa,0x00000000
0x131dc690,0x55ffaaaa,0x55ffaaaa,0x00000000
0x131dc694,0x20602040,0x20602040,0x00000000
0x131dc698,0xeafa5eff,0xeafa5eff,0x00000000
0x131dc6a0,0xebbaaaea,0xebbaaaea,0x00000000
0x131dc6a4,0x38802040,0x38802040,0x00000000
0x131dc6a8,0x55ffaaaa,0x55ffaaaa,0x00000000
0x131dc6ac,0x38802040,0x38802040,0x00000000
0x131dc6b0,0x931dc6c4,0x931dc6c4,0x00000000
0x131dc6c0,0x804f6088,0x804f6088,0x00000000
0x131dc6c8,0x55ffaaaa,0x55ffaaaa,0x00000000
0x131dc6cc,0x38802040,0x38802040,0x00000000
0x131dc6d0,0x55ffaaaa,0x55ffaaaa,0x00000000
0x131dc6d4,0x20402060,0x20402060,0x00000000
0x131dc6d8,0x96aa6a6a,0x96aa6a6a,0x00000000
0x131dc6e0,0xeaeeac82,0xeaeeac82,0x00000000
0x131dc6e4,0x38802060,0x38802060,0x00000000
0x131dc6e8,0x55ffaaaa,0x55ffaaaa,0x00000000
0x131dc6f0,0x55ff0000,0x55ff0000,0x00000000
0x131dc6f4,0x20602040,0x20602040,0x00000000
0x131dc6f8,0x0a8c208b,0x0a8c208b,0x00000000
0x131dc6fc,0x20602040,0x20602040,0x00000000
0x131dc700,0xf0a008a0,0xf0a008a0,0x00000000
0x131dc708,0x55ff0000,0x55ff0000,0x00000000
0x131dc70c,0x931dc720,0x931dc720,0x00000000
0x131dc71c,0x804f6088,0x804f6088,0x00000000
0x131dc720,0x00655555,0x00655555,0x00000000
0x131dc724,0x30802060,0x30802060,0x00000000
0x131dc728,0x55bf0000,0x55bf0000,0x00000000
0x131dc730,0x55ff0000,0x55ff0000,0x00000000
0x131dc734,0x20602040,0x20602040,0x00000000
0x131dc738,0xfc3a222b,0xfc3a222b,0x00000000
0x131dc740,0xf8faabbc,0xf8faabbc,0x00000000
0x131dc744,0x30802060,0x30802060,0x00000000
0x131dc748,0x55ff0000,0x55ff0000,0x00000000
0x131dc74c,0x38a02060,0x38a02060,0x00000000
0x131dc750,0x55ffaaaa,0x55ffaaaa,0x00000000
0x131dccb8,0x5f5ef8e0,0x5f5ef8e0,0x00000000
0x131dccbc,0x59603900,0x59603900,0x00000000
0x131dccc0,0x5f7efaa0,0x5f7efaa0,0x00000000
0x131dccc4,0x69c04100,0x69c04100,0x00000000
0x131dccc8,0x57fea000,0x57fea000,0x00000000
0x131dcce0,0x00fae8a0,0x00fae8a0,0x00000000
0x131dcce4,0xaa4069c0,0xaa4069c0,0x00000000
0x131dcce8,0x557fa880,0x557fa880,0x00000000
0x131dccec,0xca808200,0xca808200,0x00000000
0x131dccf0,0x5ffaa000,0x5ffaa000,0x00000000
0x131dccf8,0x5ffee8a0,0x5ffee8a0,0x00000000
0x131dccfc,0xdae0aa40,0xdae0aa40,0x00000000
0x131dcd00,0x577efaa0,0x577efaa0,0x00000000
0x131dcd08,0x555ff8e0,0x555ff8e0,0x00000000
0x131dcd0c,0xfce2dae0,0xfce2dae0,0x00000000
0x131dcd10,0x5f7ee8a0,0x5f7ee8a0,0x00000000
0x131dcd14,0xf3e0caa0,0xf3e0caa0,0x00000000
0x131dcd18,0x577ee880,0x577ee880,0x00000000
0x131dcd20,0x5ffee880,0x5ffee880,0x00000000
0x131dcd24,0xfde7fc20,0xfde7fc20,0x00000000
0x131dcd28,0x931dcd3c,0x931dcd3c,0x00000000
0x131dcd38,0x804f6088,0x804f6088,0x00000000
0x131dcd3c,0x0049fde7,0x0049fde7,0x00000000
0x131dcd40,0x7efaa0a0,0x7efaa0a0,0x00000000
0x131dcd48,0x557feaa8,0x557feaa8,0x00000000
0x131dcd4c,0xfecffe49,0xfecffe49,0x00000000
0x131dcd50,0x5ffee8a0,0x5ffee8a0,0x00000000
0x131dcd58,0x55575ef8,0x55575ef8,0x00000000
0x131dcd5c,0xfecffe6a,0xfecffe6a,0x00000000
0x131dcd60,0x78e08000,0x78e08000,0x00000000
0x131dcd64,0xfef1fe8c,0xfef1fe8c,0x00000000
0x131dcd68,0x7aeaa000,0x7aeaa000,0x00000000
0x131dcd70,0x7eeaaaaa,0x7eeaaaaa,0x00000000
0x131dcd74,0xfef1fecf,0xfef1fecf,0x00000000
0x131dcd78,0x7f7ae8a0,0x7f7ae8a0,0x00000000
0x131dcd80,0x5e5afa7f,0x5e5afa7f,0x00000000
0x131dcd84,0x931dcd98,0x931dcd98,0x00000000
0x131dcd98,0x00aafaff,0x00aafaff,0x00000000
0x131dcd9c,0xff34fef1,0xff34fef1,0x00000000
0x131dcda0,0x00aaadd5,0x00aaadd5,0x00000000
0x131dcda8,0xabafb555,0xabafb555,0x00000000
0x131dcdac,0xfef1fead,0xfef1fead,0x00000000
0x131dcdb0,0x0aafbf55,0x0aafbf55,0x00000000
0x131dcdb4,0xff33fed0,0xff33fed0,0x00000000
0x131dcdb8,0x2aaffdd5,0x2aaffdd5,0x00000000
0x131dcdc0,0x022bbffd,0x022bbffd,0x00000000
0x131dcdc4,0xfecffe8b,0xfecffe8b,0x00000000
0x131dcdc8,0x0aaabfd5,0x0aaabfd5,0x00000000
0x131dcdd0,0x022baff5,0x022baff5,0x00000000
0x131dcdd4,0xfecefe8b,0xfecefe8b,0x00000000
0x131dcdd8,0x022bb5d5,0x022bb5d5,0x00000000
0x131dcddc,0xfeabfe48,0xfeabfe48,0x00000000
0x131dcde0,0x931dcdf4,0x931dcdf4,0x00000000
0x131dcdf0,0x804f6088,0x804f6088,0x00000000
0x131dcdf8,0x0aafbff5,0x0aafbff5,0x00000000
0x131dcdfc,0xfe06ec00,0xfe06ec00,0x00000000
0x131dce00,0x00022db5,0x00022db5,0x00000000
0x131dce04,0xfde5ec00,0xfde5ec00,0x00000000
0x131dce08,0x032dbdd5,0x032dbdd5,0x00000000
0x131dce10,0x0b2d2df5,0x0b2d2df5,0x00000000
0x131dce14,0xfd62d300,0xfd62d300,0x00000000
0x131dce18,0x2fbdf555,0x2fbdf555,0x00000000
0x131dce20,0x2fbdf5d5,0x2fbdf5d5,0x00000000
0x131dce24,0xcae0ba80,0xcae0ba80,0x00000000
0x131dce28,0x2dbdadf5,0x2dbdadf5,0x00000000
0x131dce2c,0xb2808a40,0xb2808a40,0x00000000
0x131dce30,0x2f2f2bbd,0x2f2f2bbd,0x00000000
0x131dce38,0x0b2fbdf5,0x0b2fbdf5,0x00000000
0x131dce3c,0x931dce50,0x931dce50,0x00000000
0x131dce4c,0x804f6088,0x804f6088,0x00000000
0x131dce50,0x00ad2bbd,0x00ad2bbd,0x00000000
0x131dce54,0x6a0051a0,0x6a0051a0,0x00000000
0x131dce58,0x0a2badf5,0x0a2badf5,0x00000000
0x131dce60,0x2bafb5d5,0x2bafb5d5,0x00000000
0x131dce64,0x59c04960,0x59c04960,0x00000000
0x131dce68,0xad2d0b2d,0xad2d0b2d,0x00000000
0x131dce70,0xb5b52fbf,0xb5b52fbf,0x00000000
0x131dce74,0x414030e0,0x414030e0,0x00000000
0x131dce78,0x0a2fb5d5,0x0a2fb5d5,0x00000000
0x131dce7c,0x310028c0,0x310028c0,0x00000000
0x131dce80,0x2fbfffff,0x2fbfffff,0x00000000
0x131dce88,0xd5ff0000,0xd5ff0000,0x00000000
0x131dce8c,0x412028e0,0x412028e0,0x00000000
0x131dce90,0x55ff0000,0x55ff0000,0x00000000
0x131dce98,0x931dceac,0x931dceac,0x00000000
0x131dcea8,0x804f6088,0x804f6088,0x00000000
0x131dceb0,0x55ff0000,0x55ff0000,0x00000000
0x131dceb4,0x30c028e0,0x30c028e0,0x00000000
0x131dceb8,0xfffdffdf,0xfffdffdf,0x00000000
0x131dcec0,0xffdf7fd5,0xffdf7fd5,0x00000000
0x131dcec4,0x414028e0,0x414028e0,0x00000000
0x131dcec8,0x55ff0000,0x55ff0000,0x00000000
0x131dcecc,0x414028e0,0x414028e0,0x00000000
0x131dced0,0x55ff0000,0x55ff0000,0x00000000
0x131dced8,0xffffffff,0xffffffff,0x00000000
0x131dcedc,0x310028c0,0x310028c0,0x00000000
0x131dcee0,0xfbeffeff,0xfbeffeff,0x00000000
0x131dcee8,0x55ff0000,0x55ff0000,0x00000000
0x131dceec,0x414028e0,0x414028e0,0x00000000
0x131dcef0,0x55ff0000,0x55ff0000,0x00000000
0x131dcef4,0x931dcf08,0x931dcf08,0x00000000
0x131dcf04,0x804f6088,0x804f6088,0x00000000
0x131dcf08,0x00ff0000,0x00ff0000,0x00000000
0x131dcf10,0x55ff0000,0x55ff0000,0x00000000
0x131dcf14,0x30e028e0,0x30e028e0,0x00000000
0x131dcf18,0xfffeff7b,0xfffeff7b,0x00000000
0x131dcf1c,0x30e028e0,0x30e028e0,0x00000000
0x131dcf20,0xafebfeef,0xafebfeef,0x00000000
0x131dcf28,0x55ff0000,0x55ff0000,0x00000000
0x131dcf2c,0x414028e0,0x414028e0,0x00000000
0x131dcf30,0x55ff0000,0x55ff0000,0x00000000
0x131dcf38,0xefefefaf,0xefefefaf,0x00000000
0x131dcf3c,0x310028e0,0x310028e0,0x00000000
0x131dcf40,0xd5bbd57d,0xd5bbd57d,0x00000000
0x131dcf44,0x414028e0,0x414028e0,0x00000000
0x131dcf48,0x55ff0000,0x55ff0000,0x00000000
0x131dcf50,0x931dcf64,0x931dcf64,0x00000000
0x131dd4b4,0x931dd4c8,0x931dd4c8,0x00000000
0x131dd4c4,0x804f6088,0x804f6088,0x00000000
0x131dd4c8,0x00aaaaaa,0x00aaaaaa,0x00000000
0x131dd4cc,0x20402020,0x20402020,0x00000000
0x131dd4d4,0x28401020,0x28401020,0x00000000
0x131dd4d8,0x00aaaaaa,0x00aaaaaa,0x00000000
0x131dd4dc,0x28401020,0x28401020,0x00000000
0x131dd4e0,0x00aaaaaa,0x00aaaaaa,0x00000000
0x131dd4ec,0x20402020,0x20402020,0x00000000
0x131dd4f0,0xaaaaaaaa,0xaaaaaaaa,0x00000000
0x131dd4f4,0x28401020,0x28401020,0x00000000
0x131dd4fc,0x28602040,0x28602040,0x00000000
0x131dd500,0xea555555,0xea555555,0x00000000
0x131dd504,0x20402020,0x20402020,0x00000000
0x131dd508,0xaaaaaaaa,0xaaaaaaaa,0x00000000
0x131dd510,0x931dd524,0x931dd524,0x00000000
0x131dd528,0xaaaaaaaa,0xaaaaaaaa,0x00000000
0x131dd52c,0x20402020,0x20402020,0x00000000
0x131dd530,0xaaaaaaaa,0xaaaaaaaa,0x00000000
0x131dd538,0x00aaaaaa,0x00aaaaaa,0x00000000
0x131dd53c,0x30601820,0x30601820,0x00000000
0x131dd540,0xaaffffff,0xaaffffff,0x00000000
0x131dd544,0x20402020,0x20402020,0x00000000
0x131dd54c,0x20402020,0x20402020,0x00000000
0x131dd550,0xaaaaaaaa,0xaaaaaaaa,0x00000000
0x131dd554,0x30601820,0x30601820,0x00000000
0x131dd558,0xaaffffff,0xaaffffff,0x00000000
0x131dd564,0x20402020,0x20402020,0x00000000
0x131dd568,0xaaaaaaaa,0xaaaaaaaa,0x00000000
0x131dd56c,0x931dd580,0x931dd580,0x00000000
0x131dd57c,0x804f6088,0x804f6088,0x00000000
0x131dd580,0x00555555,0x00555555,0x00000000
0x131dd58c,0x20401820,0x20401820,0x00000000
0x131dd594,0x30601820,0x30601820,0x00000000
0x131dd5a0,0xaaffffff,0xaaffffff,0x00000000
0x131dd5a4,0x20401820,0x20401820,0x00000000
0x131dd5a8,0x8a2a0000,0x8a2a0000,0x00000000
0x131dd5b0,0x8aaaa22a,0x8aaaa22a,0x00000000
0x131dd5b4,0x28402040,0x28402040,0x00000000
0x131dd5b8,0x00575555,0x00575555,0x00000000
0x131dd5bc,0x28402040,0x28402040,0x00000000
0x131dd5c4,0x20402020,0x20402020,0x00000000
0x131dd5c8,0x931dd5dc,0x931dd5dc,0x00000000
0x131dd5dc,0x00403080,0x00403080,0x00000000
0x131dd5e0,0xaa000000,0xaa000000,0x00000000
0x131dd5e4,0x20402020,0x20402020,0x00000000
0x131dd5ec,0x28402040,0x28402040,0x00000000
0x131dd5f0,0x5d5f575d,0x5d5f575d,0x00000000
0x131dd5f4,0x28601800,0x28601800,0x00000000
0x131dd5f8,0x00aaaaaa,0x00aaaaaa,0x00000000
0x131dd600,0x00aaaaaa,0x00aaaaaa,0x00000000
0x131dd604,0x28402040,0x28402040,0x00000000
0x131dd608,0xddd7575f,0xddd7575f,0x00000000
0x131dd60c,0x28402040,0x28402040,0x00000000
0x131dd618,0x00aaaaaa,0x00aaaaaa,0x00000000
0x131dd61c,0x28601800,0x28601800,0x00000000
0x131dd620,0x00aaaaaa,0x00aaaaaa,0x00000000
0x131dd634,0x804f6088,0x804f6088,0x00000000
0x131dd63c,0x28601800,0x28601800,0x00000000
0x131dd640,0x00aaaaaa,0x00aaaaaa,0x00000000
0x131dd644,0x28401840,0x28401840,0x00000000
0x131dd648,0xaaaaaaaa,0xaaaaaaaa,0x00000000
0x131dd654,0x28601800,0x28601800,0x00000000
0x131dd658,0x00aaaaaa,0x00aaaaaa,0x00000000
0x131dd65c,0x28601800,0x28601800,0x00000000
0x131dd664,0x28401840,0x28401840,0x00000000
0x131dd668,0xaaaaaaaa,0xaaaaaaaa,0x00000000
0x131dd66c,0x28401840,0x28401840,0x00000000
0x131dd670,0xaaaaaaaa,0xaaaaaaaa,0x00000000
0x131dd678,0xff555555,0xff555555,0x00000000
0x131dd67c,0x30602040,0x30602040,0x00000000
0x131dd680,0x931dd694,0x931dd694,0x00000000
0x131dd690,0x804f6088,0x804f6088,0x00000000
0x131dd694,0x00602040,0x00602040,0x00000000
0x131dd698,0xaa555555,0xaa555555,0x00000000
0x131dd6a0,0x00ff7f7f,0x00ff7f7f,0x00000000
0x131dd6a4,0x28402040,0x28402040,0x00000000
0x131dd6a8,0x55555d5f,0x55555d5f,0x00000000
0x131dd6ac,0x28401840,0x28401840,0x00000000
0x131dd6b4,0x28602040,0x28602040,0x00000000
0x131dd6b8,0x00ffff5f,0x00ffff5f,0x00000000
0x131dd6bc,0x28601840,0x28601840,0x00000000
0x131dd6c0,0x00aaaaaa,0x00aaaaaa,0x00000000
0x131dd6d8,0x00aaaaaa,0x00aaaaaa,0x00000000
0x131dd6dc,0x931dd6f0,0x931dd6f0,0x00000000
0x131dd6ec,0x804f6088,0x804f6088,0x00000000
0x131dd6f0,0x00a566a5,0x00a566a5,0x00000000
0x131dd6f4,0x30802060,0x30802060,0x00000000
0x131ddcb4,0x920069c0,0x920069c0,0x00000000
0x131ddcb8,0x57577ee8,0x57577ee8,0x00000000
0x131ddcbc,0xba4079e0,0xba4079e0,0x00000000
0x131ddcc0,0x5f57faa0,0x5f57faa0,0x00000000
0x131ddcc8,0x5f7ae8a0,0x5f7ae8a0,0x00000000
0x131ddccc,0xe300ba40,0xe300ba40,0x00000000
0x131ddcd0,0x5f7ef8a0,0x5f7ef8a0,0x00000000
0x131ddcd8,0x5e5ee800,0x5e5ee800,0x00000000
0x131ddcdc,0xf3a0ca80,0xf3a0ca80,0x00000000
0x131ddce0,0x575f7ee8,0x575f7ee8,0x00000000
0x131ddce4,0xfd44e300,0xfd44e300,0x00000000
0x131ddce8,0x555f78e0,0x555f78e0,0x00000000
0x131ddcf0,0x7ea00000,0x7ea00000,0x00000000
0x131ddcf4,0xfd64eb20,0xfd64eb20,0x00000000
0x131ddcf8,0x931ddd0c,0x931ddd0c,0x00000000
0x131ddd08,0x804f6088,0x804f6088,0x00000000
0x131ddd0c,0x006bfde7,0x006bfde7,0x00000000
0x131ddd10,0x7efeaa00,0x7efeaa00,0x00000000
0x131ddd18,0x7efee080,0x7efee080,0x00000000
0x131ddd1c,0xfe6bfe29,0xfe6bfe29,0x00000000
0x131ddd20,0x5f5e7ae0,0x5f5e7ae0,0x00000000
0x131ddd24,0xfe8dfe4a,0xfe8dfe4a,0x00000000
0x131ddd28,0x555f7880,0x555f7880,0x00000000
0x131ddd2c,0xfed1fe6b,0xfed1fe6b,0x00000000
0x131ddd30,0x5ffffaa0,0x5ffffaa0,0x00000000
0x131ddd34,0xfeaffe6b,0xfeaffe6b,0x00000000
0x131ddd38,0x5f5f7ce0,0x5f5f7ce0,0x00000000
0x131ddd40,0x7a7afaa8,0x7a7afaa8,0x00000000
0x131ddd44,0xfef2feaf,0xfef2feaf,0x00000000
0x131ddd48,0x5e7aa880,0x5e7aa880,0x00000000
0x131ddd50,0x7ef0a080,0x7ef0a080,0x00000000
0x131ddd54,0x931ddd68,0x931ddd68,0x00000000
0x131ddd68,0x00ffafab,0x00ffafab,0x00000000
0x131ddd6c,0xff13fed0,0xff13fed0,0x00000000
0x131ddd70,0xff2f2d2d,0xff2f2d2d,0x00000000
0x131ddd74,0xfef2feaf,0xfef2feaf,0x00000000
0x131ddd78,0xaaa82bad,0xaaa82bad,0x00000000
0x131ddd7c,0xfed0fe8c,0xfed0fe8c,0x00000000
0x131ddd80,0x022fb5d5,0x022fb5d5,0x00000000
0x131ddd84,0xfed0fe8c,0xfed0fe8c,0x00000000
0x131ddd88,0x0fadadad,0x0fadadad,0x00000000
0x131ddd90,0x030f8dad,0x030f8dad,0x00000000
0x131ddd94,0xfeaefe6a,0xfeaefe6a,0x00000000
0x131ddd98,0x022ff555,0x022ff555,0x00000000
0x131ddd9c,0xfe8bfe28,0xfe8bfe28,0x00000000
0x131ddda0,0x00abfff5,0x00abfff5,0x00000000
0x131ddda4,0xfe6afe28,0xfe6afe28,0x00000000
0x131ddda8,0xafbdf5d5,0xafbdf5d5,0x00000000
0x131dddac,0xfe07fce2,0xfe07fce2,0x00000000
0x131dddb0,0x931dddc4,0x931dddc4,0x00000000
0x131dddc0,0x804f6088,0x804f6088,0x00000000
0x131dddc8,0x0a2fbdf5,0x0a2fbdf5,0x00000000
0x131dddcc,0xebe0c280,0xebe0c280,0x00000000
0x131dddd0,0x0a2fbdd5,0x0a2fbdd5,0x00000000
0x131dddd4,0xfdc5db40,0xfdc5db40,0x00000000
0x131dddd8,0x022bbdd5,0x022bbdd5,0x00000000
0x131ddde0,0x0abff555,0x0abff555,0x00000000
0x131ddde4,0xdae09220,0xdae09220,0x00000000
0x131ddde8,0x0aabbdf5,0x0aabbdf5,0x00000000
0x131dddec,0xba807a20,0xba807a20,0x00000000
0x131dddf0,0x0aaff555,0x0aaff555,0x00000000
0x131dddf4,0xe360a240,0xe360a240,0x00000000
0x131dddf8,0x0abff555,0x0abff555,0x00000000
0x131dddfc,0xc2a07a20,0xc2a07a20,0x00000000
0x131dde00,0x02abfdd5,0x02abfdd5,0x00000000
0x131dde08,0x022abff5,0x022abff5,0x00000000
0x131dde0c,0x931dde20,0x931dde20,0x00000000
0x131dde1c,0x804f6088,0x804f6088,0x00000000
0x131dde20,0x00afbff5,0x00afbff5,0x00000000
0x131dde24,0x61c04120,0x61c04120,0x00000000
0x131dde28,0x022bbff5,0x022bbff5,0x00000000
0x131dde30,0x02abbdd5,0x02abbdd5,0x00000000
0x131dde34,0x6a004940,0x6a004940,0x00000000
0x131dde38,0x0abff5d5,0x0abff5d5,0x00000000
0x131dde40,0x0aaffdd5,0x0aaffdd5,0x00000000
0x131dde44,0x414028c0,0x414028c0,0x00000000
0x131dde48,0x0aafff5f,0x0aafff5f,0x00000000
0x131dde4c,0x30e028c0,0x30e028c0,0x00000000
0x131dde50,0x0bafb7ef,0x0bafb7ef,0x00000000
0x131dde58,0x02bdf555,0x02bdf555,0x00000000
0x131dde5c,0x390020c0,0x390020c0,0x00000000
0x131dde60,0x00ffffff,0x00ffffff,0x00000000
0x131dde64,0x30e028c0,0x30e028c0,0x00000000
0x131dde68,0x931dde7c,0x931dde7c,0x00000000
0x131dde78,0x804f6088,0x804f6088,0x00000000
0x131dde80,0xaaffffff,0xaaffffff,0x00000000
0x131dde84,0x310028c0,0x310028c0,0x00000000
0x131dde88,0xffff7f57,0xffff7f57,0x00000000
0x131dde8c,0x30c028e0,0x30c028e0,0x00000000
0x131dde90,0x5ffdf7df,0x5ffdf7df,0x00000000
0x131dde94,0x414020a0,0x414020a0,0x00000000
0x131dde98,0xaaffffff,0xaaffffff,0x00000000
0x131dde9c,0x414020a0,0x414020a0,0x00000000
0x131ddea0,0xaaffffff,0xaaffffff,0x00000000
0x131ddea8,0x75fffffd,0x75fffffd,0x00000000
0x131ddeac,0x30c028e0,0x30c028e0,0x00000000
0x131ddeb0,0xf57df555,0xf57df555,0x00000000
0x131ddeb8,0xaaffffff,0xaaffffff,0x00000000
0x131ddebc,0x414020a0,0x414020a0,0x00000000
0x131ddec0,0xaaffffff,0xaaffffff,0x00000000
0x131ddec4,0x931dded8,0x931dded8,0x00000000
0x131dded4,0x804f6088,0x804f6088,0x00000000
0x131dded8,0x00ffffff,0x00ffffff,0x00000000
0x131ddedc,0x416020a0,0x416020a0,0x00000000
0x131ddee0,0xaaffffff,0xaaffffff,0x00000000
0x131ddee4,0x30c028e0,0x30c028e0,0x00000000
0x131ddee8,0xffff7f75,0xffff7f75,0x00000000
0x131ddeec,0x30c028e0,0x30c028e0,0x00000000
0x131ddef0,0x5f7dff7f,0x5f7dff7f,0x00000000
0x131ddef8,0x80ffffff,0x80ffffff,0x00000000
0x131ddefc,0x41802080,0x41802080,0x00000000
0x131ddf00,0xaaffffff,0xaaffffff,0x00000000
0x131ddf04,0x30c028e0,0x30c028e0,0x00000000
0x131ddf08,0xdfffffff,0xdfffffff,0x00000000
0x131ddf0c,0x30c028e0,0x30c028e0,0x00000000
0x131ddf10,0xffffffd5,0xffffffd5,0x00000000
0x131ddf14,0x416020a0,0x416020a0,0x00000000
0x131ddf18,0xaaffffff,0xaaffffff,0x00000000
0x131ddf20,0x931ddf34,0x931ddf34,0x00000000
0x131ddf30,0x804f6088,0x804f6088,0x00000000
0x131ddf34,0x006020a0,0x006020a0,0x00000000
0x131ddf38,0xaaffffff,0xaaffffff,0x00000000
0x131ddf3c,0x416020a0,0x416020a0,0x00000000
0x131ddf40,0xaaffffff,0xaaffffff,0x00000000
0x131ddf48,0xffbdabaf,0xffbdabaf,0x00000000
0x131ddf4c,0x30e028e0,0x30e028e0,0x00000000
0x131ddf50,0xbfdf9fef,0xbfdf9fef,0x00000000
0x131efd64,0x404aaaab,0x404aaaab,0x00000000
0x131efd6c,0x404aaaab,0x404aaaab,0x00000000
0x131effe4,0x404aaaab,0x404aaaab,0x00000000
0x131effec,0x404aaaab,0x404aaaab,0x00000000
0x131f0084,0x3d088889,0x3d088889,0x00000000
0x131f008c,0x3d088889,0x3d088889,0x00000000
0x131f0304,0x3db02c0b,0x3db02c0b,0x00000000
0x131f030c,0x3db02c0b,0x3db02c0b,0x00000000
0x131f03a4,0x3d088889,0x3d088889,0x00000000
0x131f03ac,0x3d088889,0x3d088889,0x00000000
0x131f0444,0x40103121,0x40103121,0x00000000
0x131f044c,0x4010311f,0x4010311f,0x00000000
0x131f0584,0x40269787,0x40269787,0x00000000
0x131f058c,0x4026978c,0x4026978c,0x00000000
0x131f2db8,0xaaaaaaaa,0xaaaaaaaa,0x00000000
0x131f41a4,0xaaaaaaaa,0xaaaaaaaa,0x00000000
0x131f51bc,0x00010920,0x00010920,0x00000000
0x131f81a4,0xaaaaaaaa,0xaaaaaaaa,0x00000000
0x131fa1a4,0x00080d38,0x00080d38,0x00000000
0x131fa1bc,0xaaaaaaaa,0xaaaaaaaa,0x00000000
0x131fb1a4,0xaaaaaaaa,0xaaaaaaaa,0x00000000
0x131fc1bc,0xa72f0100,0xa72f0100,0x00000000
0x131fd1a4,0xaaaaaaaa,0xaaaaaaaa,0x00000000
0x131fe1a4,0x69aaaaaa,0x69aaaaaa,0x00000000
0x131ff1ac,0xaaaaaaaa,0xaaaaaaaa,0x00000000
0x135e2c7c,0x935e27a0,0x935e27a0,0x00000000
0x135e3208,0x935e31e0,0x935e31e0,0x00000000
0x135e320c,0x935e33c0,0x935e33c0,0x00000000
0x135e3210,0xbabe0002,0xbabe0002,0x00000000
0x135e3218,0x935e3200,0x935e3200,0x00000000
0x135e324c,0x935e33c0,0x935e33c0,0x00000000
